seed,nfe,forward_process,predictor_type,corrector_type,num_steps,gibbs_k,gibbs_temperature,anneal_temperature,maskgit_temperature,avg_run_length,error_rate
0,16,CosineSchedule,md4,none,16,,,False,,6.827759,0.00903937
1,16,CosineSchedule,md4,none,16,,,False,,6.79983,0.009362206
2,16,CosineSchedule,md4,none,16,,,False,,6.7800198,0.009370079
3,16,CosineSchedule,md4,none,16,,,False,,6.885422,0.009181101
4,16,CosineSchedule,md4,none,16,,,False,,6.73082,0.009543308
0,16,CosineSchedule,md4,none,16,,,False,,6.827759,0.00903937
1,16,CosineSchedule,md4,none,16,,,False,,6.79983,0.009362206
2,16,CosineSchedule,md4,none,16,,,False,,6.7800198,0.009370079
3,16,CosineSchedule,md4,none,16,,,False,,6.885422,0.009181101
4,16,CosineSchedule,md4,none,16,,,False,,6.73082,0.009543308
0,16,CosineSchedule,md4,gibbs,8,1,0.01,True,,6.5705047,0.016425202
1,16,CosineSchedule,md4,gibbs,8,1,0.01,True,,6.3488913,0.0174252
2,16,CosineSchedule,md4,gibbs,8,1,0.01,True,,6.528614,0.017188977
3,16,CosineSchedule,md4,gibbs,8,1,0.01,True,,6.642794,0.016535435
4,16,CosineSchedule,md4,gibbs,8,1,0.01,True,,6.483639,0.016582679
0,16,CosineSchedule,md4,gibbs,8,1,0.1,True,,6.5506654,0.01628347
1,16,CosineSchedule,md4,gibbs,8,1,0.1,True,,6.358353,0.01699213
2,16,CosineSchedule,md4,gibbs,8,1,0.1,True,,6.506379,0.017236218
3,16,CosineSchedule,md4,gibbs,8,1,0.1,True,,6.6184077,0.016503938
4,16,CosineSchedule,md4,gibbs,8,1,0.1,True,,6.4767494,0.016629925
0,16,CosineSchedule,md4,gibbs,8,1,0.5,True,,6.4102564,0.017007876
1,16,CosineSchedule,md4,gibbs,8,1,0.5,True,,6.308215,0.017377956
2,16,CosineSchedule,md4,gibbs,8,1,0.5,True,,6.4938364,0.016755907
3,16,CosineSchedule,md4,gibbs,8,1,0.5,True,,6.573879,0.016472444
4,16,CosineSchedule,md4,gibbs,8,1,0.5,True,,6.481341,0.016275594
0,16,CosineSchedule,md4,gibbs,8,1,1.0,True,,6.3262987,0.017165357
1,16,CosineSchedule,md4,gibbs,8,1,1.0,True,,6.1976466,0.017937012
2,16,CosineSchedule,md4,gibbs,8,1,1.0,True,,6.4652996,0.016881892
3,16,CosineSchedule,md4,gibbs,8,1,1.0,True,,6.504726,0.016527561
4,16,CosineSchedule,md4,gibbs,8,1,1.0,True,,6.3748193,0.016944882
0,16,CosineSchedule,md4,gibbs,8,1,2.0,True,,6.21812,0.017299214
1,16,CosineSchedule,md4,gibbs,8,1,2.0,True,,6.065776,0.01822835
2,16,CosineSchedule,md4,gibbs,8,1,2.0,True,,6.2720504,0.01728347
3,16,CosineSchedule,md4,gibbs,8,1,2.0,True,,6.345115,0.01685827
4,16,CosineSchedule,md4,gibbs,8,1,2.0,True,,6.2429886,0.017149609
0,16,CosineSchedule,md4,gibbs,8,1,4.0,True,,6.0568776,0.017007878
1,16,CosineSchedule,md4,gibbs,8,1,4.0,True,,5.9084196,0.018614175
2,16,CosineSchedule,md4,gibbs,8,1,4.0,True,,6.125574,0.017125988
3,16,CosineSchedule,md4,gibbs,8,1,4.0,True,,6.1994486,0.016236221
4,16,CosineSchedule,md4,gibbs,8,1,4.0,True,,6.0830717,0.01684252
0,16,CosineSchedule,md4,gibbs,8,2,0.01,True,,6.171649,0.020456694
1,16,CosineSchedule,md4,gibbs,8,2,0.01,True,,5.997282,0.021551182
2,16,CosineSchedule,md4,gibbs,8,2,0.01,True,,6.2417707,0.020212604
3,16,CosineSchedule,md4,gibbs,8,2,0.01,True,,6.23326,0.020267721
4,16,CosineSchedule,md4,gibbs,8,2,0.01,True,,6.1217656,0.02033071
0,16,CosineSchedule,md4,gibbs,8,2,0.1,True,,6.1746264,0.02040158
1,16,CosineSchedule,md4,gibbs,8,2,0.1,True,,6.0026264,0.021480313
2,16,CosineSchedule,md4,gibbs,8,2,0.1,True,,6.1964464,0.020488193
3,16,CosineSchedule,md4,gibbs,8,2,0.1,True,,6.237513,0.02007087
4,16,CosineSchedule,md4,gibbs,8,2,0.1,True,,6.099014,0.02085827
0,16,CosineSchedule,md4,gibbs,8,2,0.5,True,,6.1785007,0.020551186
1,16,CosineSchedule,md4,gibbs,8,2,0.5,True,,6.030908,0.021007877
2,16,CosineSchedule,md4,gibbs,8,2,0.5,True,,6.2078667,0.02075591
3,16,CosineSchedule,md4,gibbs,8,2,0.5,True,,6.2973533,0.019535434
4,16,CosineSchedule,md4,gibbs,8,2,0.5,True,,6.1010485,0.02047244
0,16,CosineSchedule,md4,gibbs,8,2,1.0,True,,6.1582866,0.020984247
1,16,CosineSchedule,md4,gibbs,8,2,1.0,True,,6.034889,0.021362206
2,16,CosineSchedule,md4,gibbs,8,2,1.0,True,,6.154142,0.02095276
3,16,CosineSchedule,md4,gibbs,8,2,1.0,True,,6.2778945,0.019527564
4,16,CosineSchedule,md4,gibbs,8,2,1.0,True,,6.098723,0.020787407
0,16,CosineSchedule,md4,gibbs,8,2,2.0,True,,6.119132,0.02034646
1,16,CosineSchedule,md4,gibbs,8,2,2.0,True,,5.9832654,0.0216063
2,16,CosineSchedule,md4,gibbs,8,2,2.0,True,,6.098723,0.02145669
3,16,CosineSchedule,md4,gibbs,8,2,2.0,True,,6.2108784,0.019960633
4,16,CosineSchedule,md4,gibbs,8,2,2.0,True,,6.0706663,0.020606302
0,16,CosineSchedule,md4,gibbs,8,2,4.0,True,,6.0116477,0.020685045
1,16,CosineSchedule,md4,gibbs,8,2,4.0,True,,5.833827,0.022181107
2,16,CosineSchedule,md4,gibbs,8,2,4.0,True,,5.996439,0.021559063
3,16,CosineSchedule,md4,gibbs,8,2,4.0,True,,6.0096717,0.020803152
4,16,CosineSchedule,md4,gibbs,8,2,4.0,True,,5.9196224,0.02140945
0,16,CosineSchedule,md4,gibbs,8,4,0.01,True,,6.063764,0.02697638
1,16,CosineSchedule,md4,gibbs,8,4,0.01,True,,5.938573,0.027771655
2,16,CosineSchedule,md4,gibbs,8,4,0.01,True,,5.9665318,0.028275594
3,16,CosineSchedule,md4,gibbs,8,4,0.01,True,,6.0920467,0.026787402
4,16,CosineSchedule,md4,gibbs,8,4,0.01,True,,5.990266,0.028039373
0,16,CosineSchedule,md4,gibbs,8,4,0.1,True,,6.0414405,0.02699213
1,16,CosineSchedule,md4,gibbs,8,4,0.1,True,,5.9095106,0.028188977
2,16,CosineSchedule,md4,gibbs,8,4,0.1,True,,5.986064,0.028181102
3,16,CosineSchedule,md4,gibbs,8,4,0.1,True,,6.0845175,0.027047245
4,16,CosineSchedule,md4,gibbs,8,4,0.1,True,,6.0150375,0.027598424
0,16,CosineSchedule,md4,gibbs,8,4,0.5,True,,5.986624,0.027259845
1,16,CosineSchedule,md4,gibbs,8,4,0.5,True,,5.934443,0.028007869
2,16,CosineSchedule,md4,gibbs,8,4,0.5,True,,5.937471,0.028685039
3,16,CosineSchedule,md4,gibbs,8,4,0.5,True,,6.093207,0.026716534
4,16,CosineSchedule,md4,gibbs,8,4,0.5,True,,5.9846644,0.028
0,16,CosineSchedule,md4,gibbs,8,4,1.0,True,,6.0608926,0.026889764
1,16,CosineSchedule,md4,gibbs,8,4,1.0,True,,5.9899855,0.027251974
2,16,CosineSchedule,md4,gibbs,8,4,1.0,True,,5.916066,0.028456695
3,16,CosineSchedule,md4,gibbs,8,4,1.0,True,,6.0946574,0.02677953
4,16,CosineSchedule,md4,gibbs,8,4,1.0,True,,6.0040336,0.027771657
0,16,CosineSchedule,md4,gibbs,8,4,2.0,True,,5.988865,0.027566928
1,16,CosineSchedule,md4,gibbs,8,4,2.0,True,,5.974329,0.027338581
2,16,CosineSchedule,md4,gibbs,8,4,2.0,True,,5.8864107,0.028055117
3,16,CosineSchedule,md4,gibbs,8,4,2.0,True,,6.0272164,0.027149612
4,16,CosineSchedule,md4,gibbs,8,4,2.0,True,,6.052009,0.0267874
0,16,CosineSchedule,md4,gibbs,8,4,4.0,True,,5.9095106,0.028015755
1,16,CosineSchedule,md4,gibbs,8,4,4.0,True,,5.831435,0.028015753
2,16,CosineSchedule,md4,gibbs,8,4,4.0,True,,5.8629537,0.027551185
3,16,CosineSchedule,md4,gibbs,8,4,4.0,True,,5.94464,0.027165351
4,16,CosineSchedule,md4,gibbs,8,4,4.0,True,,5.933068,0.027204724
0,16,CosineSchedule,md4,gibbs,8,8,0.01,True,,5.1748533,0.035125982
1,16,CosineSchedule,md4,gibbs,8,8,0.01,True,,5.1380863,0.03467716
2,16,CosineSchedule,md4,gibbs,8,8,0.01,True,,5.2072735,0.034606297
3,16,CosineSchedule,md4,gibbs,8,8,0.01,True,,5.274218,0.03441733
4,16,CosineSchedule,md4,gibbs,8,8,0.01,True,,5.231323,0.034724403
0,16,CosineSchedule,md4,gibbs,8,8,0.1,True,,5.187016,0.034897637
1,16,CosineSchedule,md4,gibbs,8,8,0.1,True,,5.1354065,0.035385825
2,16,CosineSchedule,md4,gibbs,8,8,0.1,True,,5.229826,0.03398425
3,16,CosineSchedule,md4,gibbs,8,8,0.1,True,,5.2726974,0.034425206
4,16,CosineSchedule,md4,gibbs,8,8,0.1,True,,5.241176,0.03475591
0,16,CosineSchedule,md4,gibbs,8,8,0.5,True,,5.2172494,0.034362204
1,16,CosineSchedule,md4,gibbs,8,8,0.5,True,,5.1971254,0.035149615
2,16,CosineSchedule,md4,gibbs,8,8,0.5,True,,5.243967,0.034141734
3,16,CosineSchedule,md4,gibbs,8,8,0.5,True,,5.3587875,0.033803154
4,16,CosineSchedule,md4,gibbs,8,8,0.5,True,,5.259049,0.034834646
0,16,CosineSchedule,md4,gibbs,8,8,1.0,True,,5.310322,0.03318898
1,16,CosineSchedule,md4,gibbs,8,8,1.0,True,,5.275522,0.033811025
2,16,CosineSchedule,md4,gibbs,8,8,1.0,True,,5.3030615,0.03386614
3,16,CosineSchedule,md4,gibbs,8,8,1.0,True,,5.4637814,0.033181097
4,16,CosineSchedule,md4,gibbs,8,8,1.0,True,,5.3754406,0.033763777
0,16,CosineSchedule,md4,gibbs,8,8,2.0,True,,5.459586,0.031645667
1,16,CosineSchedule,md4,gibbs,8,8,2.0,True,,5.400844,0.033425204
2,16,CosineSchedule,md4,gibbs,8,8,2.0,True,,5.459586,0.032259844
3,16,CosineSchedule,md4,gibbs,8,8,2.0,True,,5.5647335,0.03222047
4,16,CosineSchedule,md4,gibbs,8,8,2.0,True,,5.448663,0.032889765
0,16,CosineSchedule,md4,gibbs,8,8,4.0,True,,5.5224786,0.031425197
1,16,CosineSchedule,md4,gibbs,8,8,4.0,True,,5.450752,0.031913392
2,16,CosineSchedule,md4,gibbs,8,8,4.0,True,,5.4829726,0.03136221
3,16,CosineSchedule,md4,gibbs,8,8,4.0,True,,5.6577086,0.03054331
4,16,CosineSchedule,md4,gibbs,8,8,4.0,True,,5.5625567,0.031307086
0,16,CosineSchedule,md4,gibbs,8,16,0.01,True,,4.119332,0.04678739
1,16,CosineSchedule,md4,gibbs,8,16,0.01,True,,4.0709877,0.04751181
2,16,CosineSchedule,md4,gibbs,8,16,0.01,True,,4.147898,0.04631495
3,16,CosineSchedule,md4,gibbs,8,16,0.01,True,,4.1681595,0.045464568
4,16,CosineSchedule,md4,gibbs,8,16,0.01,True,,4.0712466,0.04809449
0,16,CosineSchedule,md4,gibbs,8,16,0.1,True,,4.138243,0.046503942
1,16,CosineSchedule,md4,gibbs,8,16,0.1,True,,4.064008,0.048039373
2,16,CosineSchedule,md4,gibbs,8,16,0.1,True,,4.1536865,0.046031494
3,16,CosineSchedule,md4,gibbs,8,16,0.1,True,,4.180411,0.04512598
4,16,CosineSchedule,md4,gibbs,8,16,0.1,True,,4.067107,0.048157483
0,16,CosineSchedule,md4,gibbs,8,16,0.5,True,,4.1935587,0.046078727
1,16,CosineSchedule,md4,gibbs,8,16,0.5,True,,4.1143003,0.04726771
2,16,CosineSchedule,md4,gibbs,8,16,0.5,True,,4.2219143,0.044952754
3,16,CosineSchedule,md4,gibbs,8,16,0.5,True,,4.236587,0.04497638
4,16,CosineSchedule,md4,gibbs,8,16,0.5,True,,4.1488395,0.046850387
0,16,CosineSchedule,md4,gibbs,8,16,1.0,True,,4.2809362,0.045535434
1,16,CosineSchedule,md4,gibbs,8,16,1.0,True,,4.2406573,0.046133857
2,16,CosineSchedule,md4,gibbs,8,16,1.0,True,,4.301654,0.04438582
3,16,CosineSchedule,md4,gibbs,8,16,1.0,True,,4.3799615,0.043039367
4,16,CosineSchedule,md4,gibbs,8,16,1.0,True,,4.288682,0.045094483
0,16,CosineSchedule,md4,gibbs,8,16,2.0,True,,4.5089474,0.04145669
1,16,CosineSchedule,md4,gibbs,8,16,2.0,True,,4.457445,0.04268504
2,16,CosineSchedule,md4,gibbs,8,16,2.0,True,,4.507836,0.041283473
3,16,CosineSchedule,md4,gibbs,8,16,2.0,True,,4.59094,0.0406378
4,16,CosineSchedule,md4,gibbs,8,16,2.0,True,,4.4953294,0.042598423
0,16,CosineSchedule,md4,gibbs,8,16,4.0,True,,4.693803,0.038574807
1,16,CosineSchedule,md4,gibbs,8,16,4.0,True,,4.6674447,0.039291345
2,16,CosineSchedule,md4,gibbs,8,16,4.0,True,,4.7509465,0.037559062
3,16,CosineSchedule,md4,gibbs,8,16,4.0,True,,4.8176446,0.03708661
4,16,CosineSchedule,md4,gibbs,8,16,4.0,True,,4.726212,0.038393706
0,16,CosineSchedule,md4,gibbs,8,1,0.01,False,,7.839294,0.00062204717
1,16,CosineSchedule,md4,gibbs,8,1,0.01,False,,7.644073,0.0005039369
2,16,CosineSchedule,md4,gibbs,8,1,0.01,False,,7.862891,0.0006220471
3,16,CosineSchedule,md4,gibbs,8,1,0.01,False,,7.959704,0.00059055106
4,16,CosineSchedule,md4,gibbs,8,1,0.01,False,,7.7632213,0.00059842505
0,16,CosineSchedule,md4,gibbs,8,1,0.1,False,,7.76228,0.0006456692
1,16,CosineSchedule,md4,gibbs,8,1,0.1,False,,7.6254025,0.000543307
2,16,CosineSchedule,md4,gibbs,8,1,0.1,False,,7.833058,0.0006220471
3,16,CosineSchedule,md4,gibbs,8,1,0.1,False,,7.9075804,0.00057480304
4,16,CosineSchedule,md4,gibbs,8,1,0.1,False,,7.763693,0.000566929
0,16,CosineSchedule,md4,gibbs,8,1,0.5,False,,7.6018524,0.00068503927
1,16,CosineSchedule,md4,gibbs,8,1,0.5,False,,7.4994144,0.00053543295
2,16,CosineSchedule,md4,gibbs,8,1,0.5,False,,7.7524076,0.000606299
3,16,CosineSchedule,md4,gibbs,8,1,0.5,False,,7.782101,0.00061417307
4,16,CosineSchedule,md4,gibbs,8,1,0.5,False,,7.674782,0.000582677
0,16,CosineSchedule,md4,gibbs,8,1,1.0,False,,7.391154,0.0006535431
1,16,CosineSchedule,md4,gibbs,8,1,1.0,False,,7.3134503,0.00055118103
2,16,CosineSchedule,md4,gibbs,8,1,1.0,False,,7.5373926,0.000606299
3,16,CosineSchedule,md4,gibbs,8,1,1.0,False,,7.569038,0.000551181
4,16,CosineSchedule,md4,gibbs,8,1,1.0,False,,7.4293337,0.00063779514
0,16,CosineSchedule,md4,gibbs,8,1,2.0,False,,7.09495,0.00059842505
1,16,CosineSchedule,md4,gibbs,8,1,2.0,False,,7.0663576,0.00048031486
2,16,CosineSchedule,md4,gibbs,8,1,2.0,False,,7.2570586,0.00066141714
3,16,CosineSchedule,md4,gibbs,8,1,2.0,False,,7.2406383,0.00057480304
4,16,CosineSchedule,md4,gibbs,8,1,2.0,False,,7.119417,0.0006692912
0,16,CosineSchedule,md4,gibbs,8,1,4.0,False,,6.744652,0.00061417307
1,16,CosineSchedule,md4,gibbs,8,1,4.0,False,,6.668056,0.0005039369
2,16,CosineSchedule,md4,gibbs,8,1,4.0,False,,6.8485823,0.00076377933
3,16,CosineSchedule,md4,gibbs,8,1,4.0,False,,6.825938,0.00057480304
4,16,CosineSchedule,md4,gibbs,8,1,4.0,False,,6.731174,0.00067716517
0,16,CosineSchedule,md4,gibbs,8,2,0.01,False,,7.616781,0.0007480313
1,16,CosineSchedule,md4,gibbs,8,2,0.01,False,,7.463557,0.0006220471
2,16,CosineSchedule,md4,gibbs,8,2,0.01,False,,7.6867642,0.0008582674
3,16,CosineSchedule,md4,gibbs,8,2,0.01,False,,7.6720214,0.0008110234
4,16,CosineSchedule,md4,gibbs,8,2,0.01,False,,7.552514,0.00074015727
0,16,CosineSchedule,md4,gibbs,8,2,0.1,False,,7.6231313,0.00075590535
1,16,CosineSchedule,md4,gibbs,8,2,0.1,False,,7.457469,0.00066141714
2,16,CosineSchedule,md4,gibbs,8,2,0.1,False,,7.640878,0.00092913356
3,16,CosineSchedule,md4,gibbs,8,2,0.1,False,,7.658251,0.00077165326
4,16,CosineSchedule,md4,gibbs,8,2,0.1,False,,7.555188,0.0007322832
0,16,CosineSchedule,md4,gibbs,8,2,0.5,False,,7.601402,0.00079527544
1,16,CosineSchedule,md4,gibbs,8,2,0.5,False,,7.42072,0.0006456691
2,16,CosineSchedule,md4,gibbs,8,2,0.5,False,,7.660084,0.0008897635
3,16,CosineSchedule,md4,gibbs,8,2,0.5,False,,7.6821513,0.0007559053
4,16,CosineSchedule,md4,gibbs,8,2,0.5,False,,7.5055704,0.00065354316
0,16,CosineSchedule,md4,gibbs,8,2,1.0,False,,7.512178,0.0007165353
1,16,CosineSchedule,md4,gibbs,8,2,1.0,False,,7.383054,0.0006062991
2,16,CosineSchedule,md4,gibbs,8,2,1.0,False,,7.5717244,0.0007716533
3,16,CosineSchedule,md4,gibbs,8,2,1.0,False,,7.5959883,0.0006456691
4,16,CosineSchedule,md4,gibbs,8,2,1.0,False,,7.4831924,0.0006614172
0,16,CosineSchedule,md4,gibbs,8,2,2.0,False,,7.3230734,0.000566929
1,16,CosineSchedule,md4,gibbs,8,2,2.0,False,,7.1914153,0.00059055106
2,16,CosineSchedule,md4,gibbs,8,2,2.0,False,,7.3419757,0.00074803125
3,16,CosineSchedule,md4,gibbs,8,2,2.0,False,,7.312614,0.00061417307
4,16,CosineSchedule,md4,gibbs,8,2,2.0,False,,7.2619996,0.0007086612
0,16,CosineSchedule,md4,gibbs,8,2,4.0,False,,6.9987426,0.000543307
1,16,CosineSchedule,md4,gibbs,8,2,4.0,False,,6.8223004,0.000566929
2,16,CosineSchedule,md4,gibbs,8,2,4.0,False,,7.0546737,0.00071653526
3,16,CosineSchedule,md4,gibbs,8,2,4.0,False,,6.976237,0.000582677
4,16,CosineSchedule,md4,gibbs,8,2,4.0,False,,6.906599,0.0007480313
0,16,CosineSchedule,md4,gibbs,8,4,0.01,False,,8.037172,0.0015590547
1,16,CosineSchedule,md4,gibbs,8,4,0.01,False,,7.884687,0.0015826768
2,16,CosineSchedule,md4,gibbs,8,4,0.01,False,,7.9666395,0.0016850389
3,16,CosineSchedule,md4,gibbs,8,4,0.01,False,,8.014526,0.0018740152
4,16,CosineSchedule,md4,gibbs,8,4,0.01,False,,8.00901,0.0014881886
0,16,CosineSchedule,md4,gibbs,8,4,0.1,False,,8.010012,0.0015275587
1,16,CosineSchedule,md4,gibbs,8,4,0.1,False,,7.8759537,0.0015511807
2,16,CosineSchedule,md4,gibbs,8,4,0.1,False,,8.011015,0.0017874009
3,16,CosineSchedule,md4,gibbs,8,4,0.1,False,,7.9900126,0.0019133852
4,16,CosineSchedule,md4,gibbs,8,4,0.1,False,,8.003502,0.0015984246
0,16,CosineSchedule,md4,gibbs,8,4,0.5,False,,7.966143,0.0014094485
1,16,CosineSchedule,md4,gibbs,8,4,0.5,False,,8.0,0.0014251965
2,16,CosineSchedule,md4,gibbs,8,4,0.5,False,,7.95278,0.0015590546
3,16,CosineSchedule,md4,gibbs,8,4,0.5,False,,8.034145,0.0014724405
4,16,CosineSchedule,md4,gibbs,8,4,0.5,False,,8.069092,0.0014803145
0,16,CosineSchedule,md4,gibbs,8,4,1.0,False,,8.047784,0.0010472438
1,16,CosineSchedule,md4,gibbs,8,4,1.0,False,,7.9370003,0.0009527556
2,16,CosineSchedule,md4,gibbs,8,4,1.0,False,,7.9478416,0.001173228
3,16,CosineSchedule,md4,gibbs,8,4,1.0,False,,8.047278,0.0010787398
4,16,CosineSchedule,md4,gibbs,8,4,1.0,False,,8.059946,0.0010708658
0,16,CosineSchedule,md4,gibbs,8,4,2.0,False,,7.808211,0.0008740155
1,16,CosineSchedule,md4,gibbs,8,4,2.0,False,,7.739283,0.0008031495
2,16,CosineSchedule,md4,gibbs,8,4,2.0,False,,7.7632213,0.0008661415
3,16,CosineSchedule,md4,gibbs,8,4,2.0,False,,7.859029,0.0008031494
4,16,CosineSchedule,md4,gibbs,8,4,2.0,False,,7.8585463,0.0007952754
0,16,CosineSchedule,md4,gibbs,8,4,4.0,False,,7.3992715,0.00074015727
1,16,CosineSchedule,md4,gibbs,8,4,4.0,False,,7.332722,0.00073228334
2,16,CosineSchedule,md4,gibbs,8,4,4.0,False,,7.424164,0.00074015727
3,16,CosineSchedule,md4,gibbs,8,4,4.0,False,,7.391581,0.00082677155
4,16,CosineSchedule,md4,gibbs,8,4,4.0,False,,7.409123,0.00076377933
0,16,CosineSchedule,md4,gibbs,8,8,0.01,False,,6.8226643,0.0042204713
1,16,CosineSchedule,md4,gibbs,8,8,0.01,False,,6.7592545,0.004173227
2,16,CosineSchedule,md4,gibbs,8,8,0.01,False,,6.8828306,0.0042913374
3,16,CosineSchedule,md4,gibbs,8,8,0.01,False,,6.9403024,0.004338581
4,16,CosineSchedule,md4,gibbs,8,8,0.01,False,,6.865848,0.0045275576
0,16,CosineSchedule,md4,gibbs,8,8,0.1,False,,6.8544497,0.0040314947
1,16,CosineSchedule,md4,gibbs,8,8,0.1,False,,6.807424,0.004204723
2,16,CosineSchedule,md4,gibbs,8,8,0.1,False,,6.8676896,0.0042992113
3,16,CosineSchedule,md4,gibbs,8,8,0.1,False,,6.9739566,0.0043228334
4,16,CosineSchedule,md4,gibbs,8,8,0.1,False,,6.918171,0.0045275576
0,16,CosineSchedule,md4,gibbs,8,8,0.5,False,,7.098885,0.0033149596
1,16,CosineSchedule,md4,gibbs,8,8,0.5,False,,7.037607,0.003566928
2,16,CosineSchedule,md4,gibbs,8,8,0.5,False,,7.0918055,0.003582676
3,16,CosineSchedule,md4,gibbs,8,8,0.5,False,,7.230005,0.003559054
4,16,CosineSchedule,md4,gibbs,8,8,0.5,False,,7.21696,0.0033700778
0,16,CosineSchedule,md4,gibbs,8,8,1.0,False,,7.376246,0.0021181095
1,16,CosineSchedule,md4,gibbs,8,8,1.0,False,,7.3297825,0.0022755899
2,16,CosineSchedule,md4,gibbs,8,8,1.0,False,,7.380499,0.0022677158
3,16,CosineSchedule,md4,gibbs,8,8,1.0,False,,7.498535,0.0021811016
4,16,CosineSchedule,md4,gibbs,8,8,1.0,False,,7.4500904,0.0022598421
0,16,CosineSchedule,md4,gibbs,8,8,2.0,False,,7.4509573,0.0014015745
1,16,CosineSchedule,md4,gibbs,8,8,2.0,False,,7.4005547,0.0014488185
2,16,CosineSchedule,md4,gibbs,8,8,2.0,False,,7.4237328,0.0015433066
3,16,CosineSchedule,md4,gibbs,8,8,2.0,False,,7.552068,0.0014960626
4,16,CosineSchedule,md4,gibbs,8,8,2.0,False,,7.4866934,0.0015590547
0,16,CosineSchedule,md4,gibbs,8,8,4.0,False,,7.255824,0.0011023618
1,16,CosineSchedule,md4,gibbs,8,8,4.0,False,,7.180926,0.001173228
2,16,CosineSchedule,md4,gibbs,8,8,4.0,False,,7.209237,0.00111811
3,16,CosineSchedule,md4,gibbs,8,8,4.0,False,,7.2847304,0.00111811
4,16,CosineSchedule,md4,gibbs,8,8,4.0,False,,7.2830725,0.0013779524
0,16,CosineSchedule,md4,gibbs,8,16,0.01,False,,5.147591,0.011889764
1,16,CosineSchedule,md4,gibbs,8,16,0.01,False,,5.108149,0.011850394
2,16,CosineSchedule,md4,gibbs,8,16,0.01,False,,5.1635804,0.011748032
3,16,CosineSchedule,md4,gibbs,8,16,0.01,False,,5.1863856,0.011377955
4,16,CosineSchedule,md4,gibbs,8,16,0.01,False,,5.1101885,0.012141735
0,16,CosineSchedule,md4,gibbs,8,16,0.1,False,,5.1929083,0.011763781
1,16,CosineSchedule,md4,gibbs,8,16,0.1,False,,5.142834,0.011787402
2,16,CosineSchedule,md4,gibbs,8,16,0.1,False,,5.182186,0.0116771655
3,16,CosineSchedule,md4,gibbs,8,16,0.1,False,,5.233675,0.011283467
4,16,CosineSchedule,md4,gibbs,8,16,0.1,False,,5.09818,0.011913387
0,16,CosineSchedule,md4,gibbs,8,16,0.5,False,,5.5579677,0.008811022
1,16,CosineSchedule,md4,gibbs,8,16,0.5,False,,5.4796867,0.008944882
2,16,CosineSchedule,md4,gibbs,8,16,0.5,False,,5.5282025,0.009125983
3,16,CosineSchedule,md4,gibbs,8,16,0.5,False,,5.6268682,0.008622046
4,16,CosineSchedule,md4,gibbs,8,16,0.5,False,,5.535614,0.009070864
0,16,CosineSchedule,md4,gibbs,8,16,1.0,False,,6.021546,0.004858266
1,16,CosineSchedule,md4,gibbs,8,16,1.0,False,,5.9193487,0.00494488
2,16,CosineSchedule,md4,gibbs,8,16,1.0,False,,6.0167346,0.0049291323
3,16,CosineSchedule,md4,gibbs,8,16,1.0,False,,6.10454,0.004913384
4,16,CosineSchedule,md4,gibbs,8,16,1.0,False,,6.0232453,0.0051023606
0,16,CosineSchedule,md4,gibbs,8,16,2.0,False,,6.245121,0.0034645658
1,16,CosineSchedule,md4,gibbs,8,16,2.0,False,,6.2250757,0.0032362193
2,16,CosineSchedule,md4,gibbs,8,16,2.0,False,,6.313505,0.0031338574
3,16,CosineSchedule,md4,gibbs,8,16,2.0,False,,6.3504663,0.003086613
4,16,CosineSchedule,md4,gibbs,8,16,2.0,False,,6.2822084,0.0031181092
0,16,CosineSchedule,md4,gibbs,8,16,4.0,False,,6.2484746,0.0026062985
1,16,CosineSchedule,md4,gibbs,8,16,4.0,False,,6.25061,0.0024566923
2,16,CosineSchedule,md4,gibbs,8,16,4.0,False,,6.3216124,0.0025511803
3,16,CosineSchedule,md4,gibbs,8,16,4.0,False,,6.3593006,0.002377952
4,16,CosineSchedule,md4,gibbs,8,16,4.0,False,,6.257944,0.0025275585
0,17,CosineSchedule,md4,gibbs_argmax,8,1,0.01,True,,6.7976627,0.01875591
1,17,CosineSchedule,md4,gibbs_argmax,8,1,0.01,True,,6.623544,0.01961418
2,17,CosineSchedule,md4,gibbs_argmax,8,1,0.01,True,,6.785052,0.019228352
3,17,CosineSchedule,md4,gibbs_argmax,8,1,0.01,True,,6.8802404,0.019125985
4,17,CosineSchedule,md4,gibbs_argmax,8,1,0.01,True,,6.749631,0.018960634
0,17,CosineSchedule,md4,gibbs_argmax,8,1,0.1,True,,6.771412,0.018645667
1,17,CosineSchedule,md4,gibbs_argmax,8,1,0.1,True,,6.633499,0.019370085
2,17,CosineSchedule,md4,gibbs_argmax,8,1,0.1,True,,6.7613964,0.019212605
3,17,CosineSchedule,md4,gibbs_argmax,8,1,0.1,True,,6.865112,0.019094491
4,17,CosineSchedule,md4,gibbs_argmax,8,1,0.1,True,,6.73082,0.018944884
0,17,CosineSchedule,md4,gibbs_argmax,8,1,0.5,True,,6.6310935,0.019692915
1,17,CosineSchedule,md4,gibbs_argmax,8,1,0.5,True,,6.5782714,0.019748032
2,17,CosineSchedule,md4,gibbs_argmax,8,1,0.5,True,,6.753192,0.018874021
3,17,CosineSchedule,md4,gibbs_argmax,8,1,0.5,True,,6.819393,0.019133864
4,17,CosineSchedule,md4,gibbs_argmax,8,1,0.5,True,,6.745007,0.01876378
0,17,CosineSchedule,md4,gibbs_argmax,8,1,1.0,True,,6.559057,0.01995276
1,17,CosineSchedule,md4,gibbs_argmax,8,1,1.0,True,,6.4656262,0.020244095
2,17,CosineSchedule,md4,gibbs_argmax,8,1,1.0,True,,6.727636,0.019000005
3,17,CosineSchedule,md4,gibbs_argmax,8,1,1.0,True,,6.7467847,0.019141732
4,17,CosineSchedule,md4,gibbs_argmax,8,1,1.0,True,,6.6452084,0.01935433
0,17,CosineSchedule,md4,gibbs_argmax,8,1,2.0,True,,6.4503126,0.01985827
1,17,CosineSchedule,md4,gibbs_argmax,8,1,2.0,True,,6.3281755,0.020685041
2,17,CosineSchedule,md4,gibbs_argmax,8,1,2.0,True,,6.5422955,0.019740157
3,17,CosineSchedule,md4,gibbs_argmax,8,1,2.0,True,,6.5975976,0.019700794
4,17,CosineSchedule,md4,gibbs_argmax,8,1,2.0,True,,6.5139947,0.019716537
0,17,CosineSchedule,md4,gibbs_argmax,8,1,4.0,True,,6.2902355,0.01952756
1,17,CosineSchedule,md4,gibbs_argmax,8,1,4.0,True,,6.1719465,0.021086616
2,17,CosineSchedule,md4,gibbs_argmax,8,1,4.0,True,,6.387544,0.019826775
3,17,CosineSchedule,md4,gibbs_argmax,8,1,4.0,True,,6.459101,0.019157482
4,17,CosineSchedule,md4,gibbs_argmax,8,1,4.0,True,,6.3536186,0.019716538
0,17,CosineSchedule,md4,gibbs_argmax,8,2,0.01,True,,6.4153967,0.02233071
1,17,CosineSchedule,md4,gibbs_argmax,8,2,0.01,True,,6.2680573,0.023330715
2,17,CosineSchedule,md4,gibbs_argmax,8,2,0.01,True,,6.505057,0.022141732
3,17,CosineSchedule,md4,gibbs_argmax,8,2,0.01,True,,6.476422,0.022842517
4,17,CosineSchedule,md4,gibbs_argmax,8,2,0.01,True,,6.3792677,0.022362204
0,17,CosineSchedule,md4,gibbs_argmax,8,2,0.1,True,,6.4144325,0.022401575
1,17,CosineSchedule,md4,gibbs_argmax,8,2,0.1,True,,6.2668295,0.023299217
2,17,CosineSchedule,md4,gibbs_argmax,8,2,0.1,True,,6.462688,0.022212598
3,17,CosineSchedule,md4,gibbs_argmax,8,2,0.1,True,,6.4790444,0.02269291
4,17,CosineSchedule,md4,gibbs_argmax,8,2,0.1,True,,6.345744,0.022811025
0,17,CosineSchedule,md4,gibbs_argmax,8,2,0.5,True,,6.405444,0.022708666
1,17,CosineSchedule,md4,gibbs_argmax,8,2,0.5,True,,6.2936378,0.022889763
2,17,CosineSchedule,md4,gibbs_argmax,8,2,0.5,True,,6.476422,0.021984251
3,17,CosineSchedule,md4,gibbs_argmax,8,2,0.5,True,,6.54899,0.022204727
4,17,CosineSchedule,md4,gibbs_argmax,8,2,0.5,True,,6.3435426,0.022480318
0,17,CosineSchedule,md4,gibbs_argmax,8,2,1.0,True,,6.390095,0.023149608
1,17,CosineSchedule,md4,gibbs_argmax,8,2,1.0,True,,6.311637,0.023015752
2,17,CosineSchedule,md4,gibbs_argmax,8,2,1.0,True,,6.408331,0.022472441
3,17,CosineSchedule,md4,gibbs_argmax,8,2,1.0,True,,6.5232897,0.022023626
4,17,CosineSchedule,md4,gibbs_argmax,8,2,1.0,True,,6.3504663,0.022677168
0,17,CosineSchedule,md4,gibbs_argmax,8,2,2.0,True,,6.3649926,0.022417331
1,17,CosineSchedule,md4,gibbs_argmax,8,2,2.0,True,,6.2643766,0.02343307
2,17,CosineSchedule,md4,gibbs_argmax,8,2,2.0,True,,6.3621454,0.022551183
3,17,CosineSchedule,md4,gibbs_argmax,8,2,2.0,True,,6.4574714,0.022039374
4,17,CosineSchedule,md4,gibbs_argmax,8,2,2.0,True,,6.316621,0.022897642
0,17,CosineSchedule,md4,gibbs_argmax,8,2,4.0,True,,6.254276,0.022692919
1,17,CosineSchedule,md4,gibbs_argmax,8,2,4.0,True,,6.107453,0.024086619
2,17,CosineSchedule,md4,gibbs_argmax,8,2,4.0,True,,6.2445116,0.022858271
3,17,CosineSchedule,md4,gibbs_argmax,8,2,4.0,True,,6.251221,0.022850396
4,17,CosineSchedule,md4,gibbs_argmax,8,2,4.0,True,,6.176414,0.023559062
0,17,CosineSchedule,md4,gibbs_argmax,8,4,0.01,True,,6.284676,0.027645674
1,17,CosineSchedule,md4,gibbs_argmax,8,4,0.01,True,,6.215403,0.028559055
2,17,CosineSchedule,md4,gibbs_argmax,8,4,0.01,True,,6.221142,0.028803153
3,17,CosineSchedule,md4,gibbs_argmax,8,4,0.01,True,,6.332245,0.02746457
4,17,CosineSchedule,md4,gibbs_argmax,8,4,0.01,True,,6.2387285,0.028291339
0,17,CosineSchedule,md4,gibbs_argmax,8,4,0.1,True,,6.2662168,0.02750394
1,17,CosineSchedule,md4,gibbs_argmax,8,4,0.1,True,,6.185667,0.02870866
2,17,CosineSchedule,md4,gibbs_argmax,8,4,0.1,True,,6.2366014,0.028874021
3,17,CosineSchedule,md4,gibbs_argmax,8,4,0.1,True,,6.322549,0.027748035
4,17,CosineSchedule,md4,gibbs_argmax,8,4,0.1,True,,6.2714357,0.027811022
0,17,CosineSchedule,md4,gibbs_argmax,8,4,0.5,True,,6.2256813,0.027708663
1,17,CosineSchedule,md4,gibbs_argmax,8,4,0.5,True,,6.215403,0.02879528
2,17,CosineSchedule,md4,gibbs_argmax,8,4,0.5,True,,6.190153,0.029133854
3,17,CosineSchedule,md4,gibbs_argmax,8,4,0.5,True,,6.3410287,0.026999999
4,17,CosineSchedule,md4,gibbs_argmax,8,4,0.5,True,,6.2381206,0.02809449
0,17,CosineSchedule,md4,gibbs_argmax,8,4,1.0,True,,6.289617,0.027425198
1,17,CosineSchedule,md4,gibbs_argmax,8,4,1.0,True,,6.2606997,0.028181104
2,17,CosineSchedule,md4,gibbs_argmax,8,4,1.0,True,,6.1665945,0.029039368
3,17,CosineSchedule,md4,gibbs_argmax,8,4,1.0,True,,6.3580375,0.027070869
4,17,CosineSchedule,md4,gibbs_argmax,8,4,1.0,True,,6.2454257,0.028370084
0,17,CosineSchedule,md4,gibbs_argmax,8,4,2.0,True,,6.21661,0.028417325
1,17,CosineSchedule,md4,gibbs_argmax,8,4,2.0,True,,6.260087,0.028220475
2,17,CosineSchedule,md4,gibbs_argmax,8,4,2.0,True,,6.1279206,0.028606303
3,17,CosineSchedule,md4,gibbs_argmax,8,4,2.0,True,,6.2862196,0.027929133
4,17,CosineSchedule,md4,gibbs_argmax,8,4,2.0,True,,6.2905445,0.027078744
0,17,CosineSchedule,md4,gibbs_argmax,8,4,4.0,True,,6.163922,0.028535431
1,17,CosineSchedule,md4,gibbs_argmax,8,4,4.0,True,,6.099304,0.02859055
2,17,CosineSchedule,md4,gibbs_argmax,8,4,4.0,True,,6.1068707,0.028283464
3,17,CosineSchedule,md4,gibbs_argmax,8,4,4.0,True,,6.1925497,0.02811811
4,17,CosineSchedule,md4,gibbs_argmax,8,4,4.0,True,,6.1680803,0.027834646
0,17,CosineSchedule,md4,gibbs_argmax,8,8,0.01,True,,5.4313235,0.035653546
1,17,CosineSchedule,md4,gibbs_argmax,8,8,0.01,True,,5.4154677,0.034968503
2,17,CosineSchedule,md4,gibbs_argmax,8,8,0.01,True,,5.4721904,0.035062995
3,17,CosineSchedule,md4,gibbs_argmax,8,8,0.01,True,,5.546648,0.034157485
4,17,CosineSchedule,md4,gibbs_argmax,8,8,0.01,True,,5.4869685,0.034708656
0,17,CosineSchedule,md4,gibbs_argmax,8,8,0.1,True,,5.443797,0.03526772
1,17,CosineSchedule,md4,gibbs_argmax,8,8,0.1,True,,5.401756,0.035708662
2,17,CosineSchedule,md4,gibbs_argmax,8,8,0.1,True,,5.4971013,0.034110244
3,17,CosineSchedule,md4,gibbs_argmax,8,8,0.1,True,,5.536332,0.034299213
4,17,CosineSchedule,md4,gibbs_argmax,8,8,0.1,True,,5.5023,0.03444882
0,17,CosineSchedule,md4,gibbs_argmax,8,8,0.5,True,,5.465647,0.035078738
1,17,CosineSchedule,md4,gibbs_argmax,8,8,0.5,True,,5.4626155,0.03561417
2,17,CosineSchedule,md4,gibbs_argmax,8,8,0.5,True,,5.5020633,0.0346378
3,17,CosineSchedule,md4,gibbs_argmax,8,8,0.5,True,,5.6130505,0.033362206
4,17,CosineSchedule,md4,gibbs_argmax,8,8,0.5,True,,5.5196204,0.034960628
0,17,CosineSchedule,md4,gibbs_argmax,8,8,1.0,True,,5.563766,0.033968516
1,17,CosineSchedule,md4,gibbs_argmax,8,8,1.0,True,,5.5483313,0.03449606
2,17,CosineSchedule,md4,gibbs_argmax,8,8,1.0,True,,5.5490527,0.03418898
3,17,CosineSchedule,md4,gibbs_argmax,8,8,1.0,True,,5.720926,0.033133864
4,17,CosineSchedule,md4,gibbs_argmax,8,8,1.0,True,,5.644486,0.03391339
0,17,CosineSchedule,md4,gibbs_argmax,8,8,2.0,True,,5.7196484,0.03270867
1,17,CosineSchedule,md4,gibbs_argmax,8,8,2.0,True,,5.651713,0.034062993
2,17,CosineSchedule,md4,gibbs_argmax,8,8,2.0,True,,5.7018127,0.03279528
3,17,CosineSchedule,md4,gibbs_argmax,8,8,2.0,True,,5.8078866,0.03274016
4,17,CosineSchedule,md4,gibbs_argmax,8,8,2.0,True,,5.701559,0.03340158
0,17,CosineSchedule,md4,gibbs_argmax,8,8,4.0,True,,5.785834,0.032047246
1,17,CosineSchedule,md4,gibbs_argmax,8,8,4.0,True,,5.7076607,0.032448824
2,17,CosineSchedule,md4,gibbs_argmax,8,8,4.0,True,,5.72374,0.03243307
3,17,CosineSchedule,md4,gibbs_argmax,8,8,4.0,True,,5.9062386,0.03146457
4,17,CosineSchedule,md4,gibbs_argmax,8,8,4.0,True,,5.8200336,0.03166929
0,17,CosineSchedule,md4,gibbs_argmax,8,16,0.01,True,,4.3822107,0.04694487
1,17,CosineSchedule,md4,gibbs_argmax,8,16,0.01,True,,4.340896,0.04834645
2,17,CosineSchedule,md4,gibbs_argmax,8,16,0.01,True,,4.4001374,0.047322836
3,17,CosineSchedule,md4,gibbs_argmax,8,16,0.01,True,,4.435358,0.04601575
4,17,CosineSchedule,md4,gibbs_argmax,8,16,0.01,True,,4.3338413,0.047976382
0,17,CosineSchedule,md4,gibbs_argmax,8,16,0.1,True,,4.397265,0.04686614
1,17,CosineSchedule,md4,gibbs_argmax,8,16,0.1,True,,4.326663,0.048653528
2,17,CosineSchedule,md4,gibbs_argmax,8,16,0.1,True,,4.408321,0.04688976
3,17,CosineSchedule,md4,gibbs_argmax,8,16,0.1,True,,4.450162,0.046125982
4,17,CosineSchedule,md4,gibbs_argmax,8,16,0.1,True,,4.327687,0.048307087
0,17,CosineSchedule,md4,gibbs_argmax,8,16,0.5,True,,4.4631963,0.04616536
1,17,CosineSchedule,md4,gibbs_argmax,8,16,0.5,True,,4.3700924,0.04799213
2,17,CosineSchedule,md4,gibbs_argmax,8,16,0.5,True,,4.4824204,0.04562204
3,17,CosineSchedule,md4,gibbs_argmax,8,16,0.5,True,,4.503237,0.04574015
4,17,CosineSchedule,md4,gibbs_argmax,8,16,0.5,True,,4.413489,0.047007862
0,17,CosineSchedule,md4,gibbs_argmax,8,16,1.0,True,,4.5473924,0.045755904
1,17,CosineSchedule,md4,gibbs_argmax,8,16,1.0,True,,4.487449,0.0467874
2,17,CosineSchedule,md4,gibbs_argmax,8,16,1.0,True,,4.54917,0.045125987
3,17,CosineSchedule,md4,gibbs_argmax,8,16,1.0,True,,4.6491356,0.043724407
4,17,CosineSchedule,md4,gibbs_argmax,8,16,1.0,True,,4.550464,0.045125976
0,17,CosineSchedule,md4,gibbs_argmax,8,16,2.0,True,,4.7661605,0.042354323
1,17,CosineSchedule,md4,gibbs_argmax,8,16,2.0,True,,4.7169814,0.043110233
2,17,CosineSchedule,md4,gibbs_argmax,8,16,2.0,True,,4.774516,0.041669294
3,17,CosineSchedule,md4,gibbs_argmax,8,16,2.0,True,,4.8584228,0.041275594
4,17,CosineSchedule,md4,gibbs_argmax,8,16,2.0,True,,4.7640314,0.042732276
0,17,CosineSchedule,md4,gibbs_argmax,8,16,4.0,True,,4.9541354,0.039574802
1,17,CosineSchedule,md4,gibbs_argmax,8,16,4.0,True,,4.941894,0.039779536
2,17,CosineSchedule,md4,gibbs_argmax,8,16,4.0,True,,5.0229564,0.037677173
3,17,CosineSchedule,md4,gibbs_argmax,8,16,4.0,True,,5.0894637,0.037740156
4,17,CosineSchedule,md4,gibbs_argmax,8,16,4.0,True,,4.9931736,0.03874015
0,17,CosineSchedule,md4,gibbs_argmax,8,1,0.01,False,,8.091024,0.00486614
1,17,CosineSchedule,md4,gibbs_argmax,8,1,0.01,False,,7.888088,0.0044803135
2,17,CosineSchedule,md4,gibbs_argmax,8,1,0.01,False,,8.115648,0.004653542
3,17,CosineSchedule,md4,gibbs_argmax,8,1,0.01,False,,8.206181,0.0045354315
4,17,CosineSchedule,md4,gibbs_argmax,8,1,0.01,False,,8.0,0.004566928
0,17,CosineSchedule,md4,gibbs_argmax,8,1,0.1,False,,8.006506,0.0049212584
1,17,CosineSchedule,md4,gibbs_argmax,8,1,0.1,False,,7.874016,0.004622046
2,17,CosineSchedule,md4,gibbs_argmax,8,1,0.1,False,,8.090001,0.004645668
3,17,CosineSchedule,md4,gibbs_argmax,8,1,0.1,False,,8.151828,0.0045826756
4,17,CosineSchedule,md4,gibbs_argmax,8,1,0.1,False,,7.992507,0.0044488176
0,17,CosineSchedule,md4,gibbs_argmax,8,1,0.5,False,,7.846984,0.005015746
1,17,CosineSchedule,md4,gibbs_argmax,8,1,0.5,False,,7.7500606,0.004700786
2,17,CosineSchedule,md4,gibbs_argmax,8,1,0.5,False,,8.011015,0.0045905495
3,17,CosineSchedule,md4,gibbs_argmax,8,1,0.5,False,,8.02005,0.0046220464
4,17,CosineSchedule,md4,gibbs_argmax,8,1,0.5,False,,7.9105124,0.004700786
0,17,CosineSchedule,md4,gibbs_argmax,8,1,1.0,False,,7.63951,0.005362203
1,17,CosineSchedule,md4,gibbs_argmax,8,1,1.0,False,,7.56099,0.005015746
2,17,CosineSchedule,md4,gibbs_argmax,8,1,1.0,False,,7.800597,0.00494488
3,17,CosineSchedule,md4,gibbs_argmax,8,1,1.0,False,,7.8020234,0.0049999985
4,17,CosineSchedule,md4,gibbs_argmax,8,1,1.0,False,,7.6784644,0.0053700767
0,17,CosineSchedule,md4,gibbs_argmax,8,1,2.0,False,,7.341554,0.0057873996
1,17,CosineSchedule,md4,gibbs_argmax,8,1,2.0,False,,7.317631,0.005519683
2,17,CosineSchedule,md4,gibbs_argmax,8,1,2.0,False,,7.524101,0.005496061
3,17,CosineSchedule,md4,gibbs_argmax,8,1,2.0,False,,7.4748893,0.0055826753
4,17,CosineSchedule,md4,gibbs_argmax,8,1,2.0,False,,7.3656344,0.0059999977
0,17,CosineSchedule,md4,gibbs_argmax,8,1,4.0,False,,6.997977,0.006228344
1,17,CosineSchedule,md4,gibbs_argmax,8,1,4.0,False,,6.923035,0.00610236
2,17,CosineSchedule,md4,gibbs_argmax,8,1,4.0,False,,7.1162505,0.0061811004
3,17,CosineSchedule,md4,gibbs_argmax,8,1,4.0,False,,7.0690894,0.0061338563
4,17,CosineSchedule,md4,gibbs_argmax,8,1,4.0,False,,6.9861364,0.0065669273
0,17,CosineSchedule,md4,gibbs_argmax,8,2,0.01,False,,7.863857,0.004818896
1,17,CosineSchedule,md4,gibbs_argmax,8,2,0.01,False,,7.7159567,0.0049448805
2,17,CosineSchedule,md4,gibbs_argmax,8,2,0.01,False,,7.9601984,0.0051889746
3,17,CosineSchedule,md4,gibbs_argmax,8,2,0.01,False,,7.910023,0.004803148
4,17,CosineSchedule,md4,gibbs_argmax,8,2,0.01,False,,7.8115463,0.0050472426
0,17,CosineSchedule,md4,gibbs_argmax,8,2,0.1,False,,7.8701425,0.004960628
1,17,CosineSchedule,md4,gibbs_argmax,8,2,0.1,False,,7.7066646,0.0048188963
2,17,CosineSchedule,md4,gibbs_argmax,8,2,0.1,False,,7.913447,0.0053385813
3,17,CosineSchedule,md4,gibbs_argmax,8,2,0.1,False,,7.8987966,0.00482677
4,17,CosineSchedule,md4,gibbs_argmax,8,2,0.1,False,,7.800122,0.00494488
0,17,CosineSchedule,md4,gibbs_argmax,8,2,0.5,False,,7.8474646,0.0050314944
1,17,CosineSchedule,md4,gibbs_argmax,8,2,0.5,False,,7.6573343,0.004803148
2,17,CosineSchedule,md4,gibbs_argmax,8,2,0.5,False,,7.9261875,0.0051259827
3,17,CosineSchedule,md4,gibbs_argmax,8,2,0.5,False,,7.923734,0.0049291323
4,17,CosineSchedule,md4,gibbs_argmax,8,2,0.5,False,,7.7500606,0.0049527544
0,17,CosineSchedule,md4,gibbs_argmax,8,2,1.0,False,,7.7571054,0.0053149587
1,17,CosineSchedule,md4,gibbs_argmax,8,2,1.0,False,,7.6204085,0.0049685026
2,17,CosineSchedule,md4,gibbs_argmax,8,2,1.0,False,,7.8144083,0.00486614
3,17,CosineSchedule,md4,gibbs_argmax,8,2,1.0,False,,7.8263526,0.0049999985
4,17,CosineSchedule,md4,gibbs_argmax,8,2,1.0,False,,7.727136,0.0050629904
0,17,CosineSchedule,md4,gibbs_argmax,8,2,2.0,False,,7.561436,0.005401573
1,17,CosineSchedule,md4,gibbs_argmax,8,2,2.0,False,,7.4379687,0.005425195
2,17,CosineSchedule,md4,gibbs_argmax,8,2,2.0,False,,7.597341,0.0053622033
3,17,CosineSchedule,md4,gibbs_argmax,8,2,2.0,False,,7.5373926,0.0052677146
4,17,CosineSchedule,md4,gibbs_argmax,8,2,2.0,False,,7.516148,0.0056692893
0,17,CosineSchedule,md4,gibbs_argmax,8,2,4.0,False,,7.252946,0.0058346437
1,17,CosineSchedule,md4,gibbs_argmax,8,2,4.0,False,,7.0800376,0.006228344
2,17,CosineSchedule,md4,gibbs_argmax,8,2,4.0,False,,7.319723,0.005732282
3,17,CosineSchedule,md4,gibbs_argmax,8,2,4.0,False,,7.2031517,0.0058897617
4,17,CosineSchedule,md4,gibbs_argmax,8,2,4.0,False,,7.167656,0.0063858246
0,17,CosineSchedule,md4,gibbs_argmax,8,4,0.01,False,,8.298218,0.004976377
1,17,CosineSchedule,md4,gibbs_argmax,8,4,0.01,False,,8.170039,0.0051968484
2,17,CosineSchedule,md4,gibbs_argmax,8,4,0.01,False,,8.210917,0.005488187
3,17,CosineSchedule,md4,gibbs_argmax,8,4,0.01,False,,8.272474,0.005433069
4,17,CosineSchedule,md4,gibbs_argmax,8,4,0.01,False,,8.252208,0.0050236206
0,17,CosineSchedule,md4,gibbs_argmax,8,4,0.1,False,,8.264462,0.0047874
1,17,CosineSchedule,md4,gibbs_argmax,8,4,0.1,False,,8.154425,0.0050787386
2,17,CosineSchedule,md4,gibbs_argmax,8,4,0.1,False,,8.266598,0.005598423
3,17,CosineSchedule,md4,gibbs_argmax,8,4,0.1,False,,8.249549,0.005456691
4,17,CosineSchedule,md4,gibbs_argmax,8,4,0.1,False,,8.237339,0.004992124
0,17,CosineSchedule,md4,gibbs_argmax,8,4,0.5,False,,8.225163,0.00490551
1,17,CosineSchedule,md4,gibbs_argmax,8,4,0.5,False,,8.253804,0.0048740143
2,17,CosineSchedule,md4,gibbs_argmax,8,4,0.5,False,,8.208811,0.005330707
3,17,CosineSchedule,md4,gibbs_argmax,8,4,0.5,False,,8.292303,0.005086613
4,17,CosineSchedule,md4,gibbs_argmax,8,4,0.5,False,,8.317629,0.0047874
0,17,CosineSchedule,md4,gibbs_argmax,8,4,1.0,False,,8.30953,0.00482677
1,17,CosineSchedule,md4,gibbs_argmax,8,4,1.0,False,,8.198297,0.004763778
2,17,CosineSchedule,md4,gibbs_argmax,8,4,1.0,False,,8.200397,0.00494488
3,17,CosineSchedule,md4,gibbs_argmax,8,4,1.0,False,,8.2949915,0.0049842503
4,17,CosineSchedule,md4,gibbs_argmax,8,4,1.0,False,,8.3089905,0.0048031486
0,17,CosineSchedule,md4,gibbs_argmax,8,4,2.0,False,,8.071636,0.005196849
1,17,CosineSchedule,md4,gibbs_argmax,8,4,2.0,False,,7.995503,0.0050393683
2,17,CosineSchedule,md4,gibbs_argmax,8,4,2.0,False,,8.012018,0.0048976364
3,17,CosineSchedule,md4,gibbs_argmax,8,4,2.0,False,,8.103829,0.00494488
4,17,CosineSchedule,md4,gibbs_argmax,8,4,2.0,False,,8.0951185,0.0046614157
0,17,CosineSchedule,md4,gibbs_argmax,8,4,4.0,False,,7.6431594,0.005362203
1,17,CosineSchedule,md4,gibbs_argmax,8,4,4.0,False,,7.608179,0.005535431
2,17,CosineSchedule,md4,gibbs_argmax,8,4,4.0,False,,7.6729407,0.0050551165
3,17,CosineSchedule,md4,gibbs_argmax,8,4,4.0,False,,7.62404,0.0056771636
4,17,CosineSchedule,md4,gibbs_argmax,8,4,4.0,False,,7.6610007,0.0053464547
0,17,CosineSchedule,md4,gibbs_argmax,8,8,0.01,False,,7.0945573,0.008968504
1,17,CosineSchedule,md4,gibbs_argmax,8,8,0.01,False,,7.035286,0.0088425195
2,17,CosineSchedule,md4,gibbs_argmax,8,8,0.01,False,,7.1785097,0.009362205
3,17,CosineSchedule,md4,gibbs_argmax,8,8,0.01,False,,7.221031,0.008535432
4,17,CosineSchedule,md4,gibbs_argmax,8,8,0.01,False,,7.1560354,0.0090393685
0,17,CosineSchedule,md4,gibbs_argmax,8,8,0.1,False,,7.1273456,0.0089527555
1,17,CosineSchedule,md4,gibbs_argmax,8,8,0.1,False,,7.081996,0.008921259
2,17,CosineSchedule,md4,gibbs_argmax,8,8,0.1,False,,7.1604385,0.009094487
3,17,CosineSchedule,md4,gibbs_argmax,8,8,0.1,False,,7.2476077,0.008354329
4,17,CosineSchedule,md4,gibbs_argmax,8,8,0.1,False,,7.196267,0.008787401
0,17,CosineSchedule,md4,gibbs_argmax,8,8,0.5,False,,7.353786,0.007551179
1,17,CosineSchedule,md4,gibbs_argmax,8,8,0.5,False,,7.3230734,0.008165352
2,17,CosineSchedule,md4,gibbs_argmax,8,8,0.5,False,,7.354209,0.007968501
3,17,CosineSchedule,md4,gibbs_argmax,8,8,0.5,False,,7.511737,0.0076456666
4,17,CosineSchedule,md4,gibbs_argmax,8,8,0.5,False,,7.4884453,0.0075275563
0,17,CosineSchedule,md4,gibbs_argmax,8,8,1.0,False,,7.6340427,0.0062992102
1,17,CosineSchedule,md4,gibbs_argmax,8,8,1.0,False,,7.5995965,0.0067716516
2,17,CosineSchedule,md4,gibbs_argmax,8,8,1.0,False,,7.6331325,0.006519683
3,17,CosineSchedule,md4,gibbs_argmax,8,8,1.0,False,,7.7882566,0.006480313
4,17,CosineSchedule,md4,gibbs_argmax,8,8,1.0,False,,7.717352,0.0063070846
0,17,CosineSchedule,md4,gibbs_argmax,8,8,2.0,False,,7.688149,0.0056141713
1,17,CosineSchedule,md4,gibbs_argmax,8,8,2.0,False,,7.644985,0.0059212577
2,17,CosineSchedule,md4,gibbs_argmax,8,8,2.0,False,,7.6655884,0.0057873996
3,17,CosineSchedule,md4,gibbs_argmax,8,8,2.0,False,,7.8263526,0.006149604
4,17,CosineSchedule,md4,gibbs_argmax,8,8,2.0,False,,7.7262025,0.005622045
0,17,CosineSchedule,md4,gibbs_argmax,8,8,4.0,False,,7.4945836,0.005700785
1,17,CosineSchedule,md4,gibbs_argmax,8,8,4.0,False,,7.422011,0.005968502
2,17,CosineSchedule,md4,gibbs_argmax,8,8,4.0,False,,7.451825,0.005779526
3,17,CosineSchedule,md4,gibbs_argmax,8,8,4.0,False,,7.53207,0.005992124
4,17,CosineSchedule,md4,gibbs_argmax,8,8,4.0,False,,7.5396123,0.006125982
0,17,CosineSchedule,md4,gibbs_argmax,8,16,0.01,False,,5.4120336,0.017803153
1,17,CosineSchedule,md4,gibbs_argmax,8,16,0.01,False,,5.3731847,0.018330708
2,17,CosineSchedule,md4,gibbs_argmax,8,16,0.01,False,,5.4347825,0.018811023
3,17,CosineSchedule,md4,gibbs_argmax,8,16,0.01,False,,5.4567933,0.01809449
4,17,CosineSchedule,md4,gibbs_argmax,8,16,0.01,False,,5.3734097,0.018062994
0,17,CosineSchedule,md4,gibbs_argmax,8,16,0.1,False,,5.471722,0.01779528
1,17,CosineSchedule,md4,gibbs_argmax,8,16,0.1,False,,5.404721,0.018086618
2,17,CosineSchedule,md4,gibbs_argmax,8,16,0.1,False,,5.4431024,0.018787399
3,17,CosineSchedule,md4,gibbs_argmax,8,16,0.1,False,,5.510116,0.018267723
4,17,CosineSchedule,md4,gibbs_argmax,8,16,0.1,False,,5.375215,0.018086618
0,17,CosineSchedule,md4,gibbs_argmax,8,16,0.5,False,,5.826922,0.014472444
1,17,CosineSchedule,md4,gibbs_argmax,8,16,0.5,False,,5.734767,0.014968509
2,17,CosineSchedule,md4,gibbs_argmax,8,16,0.5,False,,5.7881885,0.015637798
3,17,CosineSchedule,md4,gibbs_argmax,8,16,0.5,False,,5.899433,0.014874017
4,17,CosineSchedule,md4,gibbs_argmax,8,16,0.5,False,,5.8039355,0.014590554
0,17,CosineSchedule,md4,gibbs_argmax,8,16,1.0,False,,6.282517,0.010448818
1,17,CosineSchedule,md4,gibbs_argmax,8,16,1.0,False,,6.168377,0.011102363
2,17,CosineSchedule,md4,gibbs_argmax,8,16,1.0,False,,6.3029346,0.011039371
3,17,CosineSchedule,md4,gibbs_argmax,8,16,1.0,False,,6.383085,0.010708662
4,17,CosineSchedule,md4,gibbs_argmax,8,16,1.0,False,,6.2874546,0.010299213
0,17,CosineSchedule,md4,gibbs_argmax,8,16,2.0,False,,6.5027432,0.00919685
1,17,CosineSchedule,md4,gibbs_argmax,8,16,2.0,False,,6.4882402,0.009181101
2,17,CosineSchedule,md4,gibbs_argmax,8,16,2.0,False,,6.583346,0.009023621
3,17,CosineSchedule,md4,gibbs_argmax,8,16,2.0,False,,6.629377,0.009102362
4,17,CosineSchedule,md4,gibbs_argmax,8,16,2.0,False,,6.5366154,0.008598424
0,17,CosineSchedule,md4,gibbs_argmax,8,16,4.0,False,,6.507041,0.008519683
1,17,CosineSchedule,md4,gibbs_argmax,8,16,4.0,False,,6.499772,0.008598424
2,17,CosineSchedule,md4,gibbs_argmax,8,16,4.0,False,,6.582669,0.008409447
3,17,CosineSchedule,md4,gibbs_argmax,8,16,4.0,False,,6.6269736,0.008417321
4,17,CosineSchedule,md4,gibbs_argmax,8,16,4.0,False,,6.5017524,0.008275588
0,16,CosineSchedule,maskgit,none,16,,,True,0.01,8.827587,0.03744096
1,16,CosineSchedule,maskgit,none,16,,,True,0.01,8.83185,0.03798426
2,16,CosineSchedule,maskgit,none,16,,,True,0.01,8.756927,0.03882677
3,16,CosineSchedule,maskgit,none,16,,,True,0.01,8.753932,0.039188977
4,16,CosineSchedule,maskgit,none,16,,,True,0.01,8.728265,0.03885826
0,16,CosineSchedule,maskgit,none,16,,,True,0.1,8.955433,0.03750394
1,16,CosineSchedule,maskgit,none,16,,,True,0.1,8.823327,0.0376063
2,16,CosineSchedule,maskgit,none,16,,,True,0.1,8.819072,0.03758268
3,16,CosineSchedule,maskgit,none,16,,,True,0.1,8.859972,0.037874013
4,16,CosineSchedule,maskgit,none,16,,,True,0.1,8.914269,0.03841733
0,16,CosineSchedule,maskgit,none,16,,,True,0.5,10.22201,0.030929137
1,16,CosineSchedule,maskgit,none,16,,,True,0.5,10.143435,0.030598426
2,16,CosineSchedule,maskgit,none,16,,,True,0.5,10.254766,0.03028347
3,16,CosineSchedule,maskgit,none,16,,,True,0.5,10.157118,0.030834641
4,16,CosineSchedule,maskgit,none,16,,,True,0.5,10.086682,0.032519687
0,16,CosineSchedule,maskgit,none,16,,,True,1.0,8.417729,0.037496053
1,16,CosineSchedule,maskgit,none,16,,,True,1.0,8.348007,0.037992124
2,16,CosineSchedule,maskgit,none,16,,,True,1.0,8.355091,0.037291337
3,16,CosineSchedule,maskgit,none,16,,,True,1.0,8.438819,0.037535436
4,16,CosineSchedule,maskgit,none,16,,,True,1.0,8.400053,0.03841733
0,16,CosineSchedule,maskgit,none,16,,,True,2.0,7.374546,0.040937003
1,16,CosineSchedule,maskgit,none,16,,,True,2.0,7.3092737,0.04162205
2,16,CosineSchedule,maskgit,none,16,,,True,2.0,7.4427257,0.04066142
3,16,CosineSchedule,maskgit,none,16,,,True,2.0,7.3826275,0.040921252
4,16,CosineSchedule,maskgit,none,16,,,True,2.0,7.392861,0.041125987
0,16,CosineSchedule,maskgit,none,16,,,True,4.0,6.468894,0.043944877
1,16,CosineSchedule,maskgit,none,16,,,True,4.0,6.511344,0.0428189
2,16,CosineSchedule,maskgit,none,16,,,True,4.0,6.5600657,0.043842513
3,16,CosineSchedule,maskgit,none,16,,,True,4.0,6.5319448,0.04190551
4,16,CosineSchedule,maskgit,none,16,,,True,4.0,6.51499,0.043133855
0,16,CosineSchedule,maskgit,none,16,,,False,0.01,8.770727,0.038086616
1,16,CosineSchedule,maskgit,none,16,,,False,0.01,8.793624,0.037881892
2,16,CosineSchedule,maskgit,none,16,,,False,0.01,8.69152,0.03883464
3,16,CosineSchedule,maskgit,none,16,,,False,0.01,8.736009,0.03907874
4,16,CosineSchedule,maskgit,none,16,,,False,0.01,8.680909,0.039047234
0,16,CosineSchedule,maskgit,none,16,,,False,0.1,10.456661,0.032645665
1,16,CosineSchedule,maskgit,none,16,,,False,0.1,10.462646,0.031527556
2,16,CosineSchedule,maskgit,none,16,,,False,0.1,10.404812,0.032244094
3,16,CosineSchedule,maskgit,none,16,,,False,0.1,10.346779,0.03269291
4,16,CosineSchedule,maskgit,none,16,,,False,0.1,10.517667,0.03249606
0,16,CosineSchedule,maskgit,none,16,,,False,0.5,8.173691,0.040763773
1,16,CosineSchedule,maskgit,none,16,,,False,0.5,8.197247,0.040582675
2,16,CosineSchedule,maskgit,none,16,,,False,0.5,8.068583,0.040039364
3,16,CosineSchedule,maskgit,none,16,,,False,0.5,8.199872,0.039299224
4,16,CosineSchedule,maskgit,none,16,,,False,0.5,8.154425,0.040078733
0,16,CosineSchedule,maskgit,none,16,,,False,1.0,6.446414,0.04523622
1,16,CosineSchedule,maskgit,none,16,,,False,1.0,6.4447913,0.044629917
2,16,CosineSchedule,maskgit,none,16,,,False,1.0,6.4610567,0.045354337
3,16,CosineSchedule,maskgit,none,16,,,False,1.0,6.4273167,0.045661416
4,16,CosineSchedule,maskgit,none,16,,,False,1.0,6.4273167,0.045346476
0,16,CosineSchedule,maskgit,none,16,,,False,2.0,5.5464077,0.048047237
1,16,CosineSchedule,maskgit,none,16,,,False,2.0,5.5863485,0.04780315
2,16,CosineSchedule,maskgit,none,16,,,False,2.0,5.607149,0.048181094
3,16,CosineSchedule,maskgit,none,16,,,False,2.0,5.5826936,0.04745668
4,16,CosineSchedule,maskgit,none,16,,,False,2.0,5.58026,0.04733071
0,16,CosineSchedule,maskgit,none,16,,,False,4.0,5.143868,0.0493937
1,16,CosineSchedule,maskgit,none,16,,,False,4.0,5.143041,0.04928347
2,16,CosineSchedule,maskgit,none,16,,,False,4.0,5.160666,0.04946457
3,16,CosineSchedule,maskgit,none,16,,,False,4.0,5.129849,0.048976388
4,16,CosineSchedule,maskgit,none,16,,,False,4.0,5.139737,0.04967716
0,32,CosineSchedule,md4,none,32,,,False,,8.049302,0.004307085
1,32,CosineSchedule,md4,none,32,,,False,,7.885172,0.0043543293
2,32,CosineSchedule,md4,none,32,,,False,,7.808687,0.0045118094
3,32,CosineSchedule,md4,none,32,,,False,,7.872563,0.004338581
4,32,CosineSchedule,md4,none,32,,,False,,7.9755754,0.0044015734
0,32,CosineSchedule,md4,none,32,,,False,,8.049302,0.004307085
1,32,CosineSchedule,md4,none,32,,,False,,7.885172,0.0043543293
2,32,CosineSchedule,md4,none,32,,,False,,7.808687,0.0045118094
3,32,CosineSchedule,md4,none,32,,,False,,7.872563,0.004338581
4,32,CosineSchedule,md4,none,32,,,False,,7.9755754,0.0044015734
0,32,CosineSchedule,md4,gibbs,16,1,0.01,True,,8.700972,0.017181106
1,32,CosineSchedule,md4,gibbs,16,1,0.01,True,,8.540166,0.018023625
2,32,CosineSchedule,md4,gibbs,16,1,0.01,True,,8.732432,0.017220473
3,32,CosineSchedule,md4,gibbs,16,1,0.01,True,,8.721723,0.017535435
4,32,CosineSchedule,md4,gibbs,16,1,0.01,True,,8.595219,0.017905515
0,32,CosineSchedule,md4,gibbs,16,1,0.1,True,,8.618368,0.017551182
1,32,CosineSchedule,md4,gibbs,16,1,0.1,True,,8.495388,0.01797638
2,32,CosineSchedule,md4,gibbs,16,1,0.1,True,,8.7491455,0.016968504
3,32,CosineSchedule,md4,gibbs,16,1,0.1,True,,8.756927,0.01764567
4,32,CosineSchedule,md4,gibbs,16,1,0.1,True,,8.536749,0.017716538
0,32,CosineSchedule,md4,gibbs,16,1,0.5,True,,8.486938,0.01774016
1,32,CosineSchedule,md4,gibbs,16,1,0.5,True,,8.349097,0.017842524
2,32,CosineSchedule,md4,gibbs,16,1,0.5,True,,8.472894,0.01772441
3,32,CosineSchedule,md4,gibbs,16,1,0.5,True,,8.500464,0.017779533
4,32,CosineSchedule,md4,gibbs,16,1,0.5,True,,8.380254,0.01789764
0,32,CosineSchedule,md4,gibbs,16,1,1.0,True,,8.234689,0.018417325
1,32,CosineSchedule,md4,gibbs,16,1,1.0,True,,8.181005,0.018031498
2,32,CosineSchedule,md4,gibbs,16,1,1.0,True,,8.246891,0.018173229
3,32,CosineSchedule,md4,gibbs,16,1,1.0,True,,8.134214,0.018944884
4,32,CosineSchedule,md4,gibbs,16,1,1.0,True,,8.071636,0.018842522
0,32,CosineSchedule,md4,gibbs,16,1,2.0,True,,7.860476,0.018866142
1,32,CosineSchedule,md4,gibbs,16,1,2.0,True,,7.6793857,0.019377956
2,32,CosineSchedule,md4,gibbs,16,1,2.0,True,,7.771706,0.019543309
3,32,CosineSchedule,md4,gibbs,16,1,2.0,True,,7.790153,0.020220477
4,32,CosineSchedule,md4,gibbs,16,1,2.0,True,,7.701101,0.019692915
0,32,CosineSchedule,md4,gibbs,16,1,4.0,True,,7.3302026,0.02034646
1,32,CosineSchedule,md4,gibbs,16,1,4.0,True,,7.127743,0.020937007
2,32,CosineSchedule,md4,gibbs,16,1,4.0,True,,7.255824,0.021031497
3,32,CosineSchedule,md4,gibbs,16,1,4.0,True,,7.318049,0.02138583
4,32,CosineSchedule,md4,gibbs,16,1,4.0,True,,7.151637,0.021472437
0,32,CosineSchedule,md4,gibbs,16,2,0.01,True,,7.9036736,0.019283466
1,32,CosineSchedule,md4,gibbs,16,2,0.01,True,,7.7238717,0.020590553
2,32,CosineSchedule,md4,gibbs,16,2,0.01,True,,7.948335,0.019519689
3,32,CosineSchedule,md4,gibbs,16,2,0.01,True,,7.7566357,0.020047247
4,32,CosineSchedule,md4,gibbs,16,2,0.01,True,,7.7599273,0.019661421
0,32,CosineSchedule,md4,gibbs,16,2,0.1,True,,7.8633733,0.019480316
1,32,CosineSchedule,md4,gibbs,16,2,0.1,True,,7.717352,0.020511813
2,32,CosineSchedule,md4,gibbs,16,2,0.1,True,,7.9453754,0.019732282
3,32,CosineSchedule,md4,gibbs,16,2,0.1,True,,7.7168865,0.020291343
4,32,CosineSchedule,md4,gibbs,16,2,0.1,True,,7.8292246,0.019212602
0,32,CosineSchedule,md4,gibbs,16,2,0.5,True,,7.736476,0.020204734
1,32,CosineSchedule,md4,gibbs,16,2,0.5,True,,7.679847,0.020228345
2,32,CosineSchedule,md4,gibbs,16,2,0.5,True,,7.960694,0.019440945
3,32,CosineSchedule,md4,gibbs,16,2,0.5,True,,7.7731223,0.020047246
4,32,CosineSchedule,md4,gibbs,16,2,0.5,True,,7.825875,0.019692916
0,32,CosineSchedule,md4,gibbs,16,2,1.0,True,,7.66513,0.020574808
1,32,CosineSchedule,md4,gibbs,16,2,1.0,True,,7.624948,0.020220479
2,32,CosineSchedule,md4,gibbs,16,2,1.0,True,,7.842656,0.019330712
3,32,CosineSchedule,md4,gibbs,16,2,1.0,True,,7.7764277,0.019771652
4,32,CosineSchedule,md4,gibbs,16,2,1.0,True,,7.699248,0.020291341
0,32,CosineSchedule,md4,gibbs,16,2,2.0,True,,7.5077715,0.020622049
1,32,CosineSchedule,md4,gibbs,16,2,2.0,True,,7.452693,0.020606304
2,32,CosineSchedule,md4,gibbs,16,2,2.0,True,,7.698785,0.02032284
3,32,CosineSchedule,md4,gibbs,16,2,2.0,True,,7.4652977,0.021322839
4,32,CosineSchedule,md4,gibbs,16,2,2.0,True,,7.5471697,0.02047244
0,32,CosineSchedule,md4,gibbs,16,2,4.0,True,,7.2578816,0.02147244
1,32,CosineSchedule,md4,gibbs,16,2,4.0,True,,7.147643,0.021622049
2,32,CosineSchedule,md4,gibbs,16,2,4.0,True,,7.310526,0.021527562
3,32,CosineSchedule,md4,gibbs,16,2,4.0,True,,7.172074,0.022181105
4,32,CosineSchedule,md4,gibbs,16,2,4.0,True,,7.1898,0.021661416
0,32,CosineSchedule,md4,gibbs,16,4,0.01,True,,7.320142,0.023062993
1,32,CosineSchedule,md4,gibbs,16,4,0.01,True,,7.012546,0.024874015
2,32,CosineSchedule,md4,gibbs,16,4,0.01,True,,7.290954,0.022850394
3,32,CosineSchedule,md4,gibbs,16,4,0.01,True,,7.223884,0.023629924
4,32,CosineSchedule,md4,gibbs,16,4,0.01,True,,7.112296,0.023913385
0,32,CosineSchedule,md4,gibbs,16,4,0.1,True,,7.270249,0.023149604
1,32,CosineSchedule,md4,gibbs,16,4,0.1,True,,7.007939,0.024881896
2,32,CosineSchedule,md4,gibbs,16,4,0.1,True,,7.3067703,0.02283465
3,32,CosineSchedule,md4,gibbs,16,4,0.1,True,,7.258293,0.023535434
4,32,CosineSchedule,md4,gibbs,16,4,0.1,True,,7.14964,0.024047248
0,32,CosineSchedule,md4,gibbs,16,4,0.5,True,,7.2084246,0.023519685
1,32,CosineSchedule,md4,gibbs,16,4,0.5,True,,7.1293306,0.023826772
2,32,CosineSchedule,md4,gibbs,16,4,0.5,True,,7.328524,0.023157481
3,32,CosineSchedule,md4,gibbs,16,4,0.5,True,,7.2402287,0.023125987
4,32,CosineSchedule,md4,gibbs,16,4,0.5,True,,7.1456485,0.023929134
0,32,CosineSchedule,md4,gibbs,16,4,1.0,True,,7.225515,0.023125982
1,32,CosineSchedule,md4,gibbs,16,4,1.0,True,,7.1520367,0.023653544
2,32,CosineSchedule,md4,gibbs,16,4,1.0,True,,7.2251067,0.02379528
3,32,CosineSchedule,md4,gibbs,16,4,1.0,True,,7.182537,0.023661422
4,32,CosineSchedule,md4,gibbs,16,4,1.0,True,,7.190607,0.023307089
0,32,CosineSchedule,md4,gibbs,16,4,2.0,True,,7.230821,0.022984255
1,32,CosineSchedule,md4,gibbs,16,4,2.0,True,,7.2381816,0.023165358
2,32,CosineSchedule,md4,gibbs,16,4,2.0,True,,7.273141,0.023590554
3,32,CosineSchedule,md4,gibbs,16,4,2.0,True,,7.126949,0.023826776
4,32,CosineSchedule,md4,gibbs,16,4,2.0,True,,7.094164,0.0240315
0,32,CosineSchedule,md4,gibbs,16,4,4.0,True,,6.9930067,0.023937013
1,32,CosineSchedule,md4,gibbs,16,4,4.0,True,,6.971298,0.024070865
2,32,CosineSchedule,md4,gibbs,16,4,4.0,True,,7.1162505,0.023724414
3,32,CosineSchedule,md4,gibbs,16,4,4.0,True,,6.867321,0.024519684
4,32,CosineSchedule,md4,gibbs,16,4,4.0,True,,7.0403166,0.023992129
0,32,CosineSchedule,md4,gibbs,16,8,0.01,True,,5.7081695,0.031039368
1,32,CosineSchedule,md4,gibbs,16,8,0.01,True,,5.713011,0.03182677
2,32,CosineSchedule,md4,gibbs,16,8,0.01,True,,5.730916,0.031551182
3,32,CosineSchedule,md4,gibbs,16,8,0.01,True,,5.7199035,0.031582672
4,32,CosineSchedule,md4,gibbs,16,8,0.01,True,,5.673507,0.031582672
0,32,CosineSchedule,md4,gibbs,16,8,0.1,True,,5.7140307,0.031212596
1,32,CosineSchedule,md4,gibbs,16,8,0.1,True,,5.7079153,0.032047257
2,32,CosineSchedule,md4,gibbs,16,8,0.1,True,,5.7373376,0.031629913
3,32,CosineSchedule,md4,gibbs,16,8,0.1,True,,5.7430005,0.0316378
4,32,CosineSchedule,md4,gibbs,16,8,0.1,True,,5.669989,0.03107087
0,32,CosineSchedule,md4,gibbs,16,8,0.5,True,,5.81105,0.031228345
1,32,CosineSchedule,md4,gibbs,16,8,0.5,True,,5.8245363,0.031023627
2,32,CosineSchedule,md4,gibbs,16,8,0.5,True,,5.8287797,0.031677168
3,32,CosineSchedule,md4,gibbs,16,8,0.5,True,,5.7989397,0.03055118
4,32,CosineSchedule,md4,gibbs,16,8,0.5,True,,5.788712,0.030897638
0,32,CosineSchedule,md4,gibbs,16,8,1.0,True,,5.974887,0.029858273
1,32,CosineSchedule,md4,gibbs,16,8,1.0,True,,6.015886,0.030212598
2,32,CosineSchedule,md4,gibbs,16,8,1.0,True,,5.8999767,0.030748036
3,32,CosineSchedule,md4,gibbs,16,8,1.0,True,,5.933068,0.030251972
4,32,CosineSchedule,md4,gibbs,16,8,1.0,True,,6.0141897,0.029543309
0,32,CosineSchedule,md4,gibbs,16,8,2.0,True,,6.2369046,0.028543312
1,32,CosineSchedule,md4,gibbs,16,8,2.0,True,,6.257944,0.02813386
2,32,CosineSchedule,md4,gibbs,16,8,2.0,True,,6.181484,0.028787402
3,32,CosineSchedule,md4,gibbs,16,8,2.0,True,,6.229923,0.028897638
4,32,CosineSchedule,md4,gibbs,16,8,2.0,True,,6.136146,0.0291811
0,32,CosineSchedule,md4,gibbs,16,8,4.0,True,,6.3504663,0.027354332
1,32,CosineSchedule,md4,gibbs,16,8,4.0,True,,6.324736,0.028062988
2,32,CosineSchedule,md4,gibbs,16,8,4.0,True,,6.3429136,0.027724413
3,32,CosineSchedule,md4,gibbs,16,8,4.0,True,,6.278819,0.027921267
4,32,CosineSchedule,md4,gibbs,16,8,4.0,True,,6.2241673,0.028401576
0,32,CosineSchedule,md4,gibbs,16,16,0.01,True,,4.266382,0.04666929
1,32,CosineSchedule,md4,gibbs,16,16,0.01,True,,4.2845187,0.046409447
2,32,CosineSchedule,md4,gibbs,16,16,0.01,True,,4.30556,0.045409437
3,32,CosineSchedule,md4,gibbs,16,16,0.01,True,,4.3022323,0.04548032
4,32,CosineSchedule,md4,gibbs,16,16,0.01,True,,4.2410793,0.046803154
0,32,CosineSchedule,md4,gibbs,16,16,0.1,True,,4.258859,0.04692914
1,32,CosineSchedule,md4,gibbs,16,16,0.1,True,,4.3065743,0.04582677
2,32,CosineSchedule,md4,gibbs,16,16,0.1,True,,4.289975,0.04646456
3,32,CosineSchedule,md4,gibbs,16,16,0.1,True,,4.329297,0.04525985
4,32,CosineSchedule,md4,gibbs,16,16,0.1,True,,4.249386,0.04618897
0,32,CosineSchedule,md4,gibbs,16,16,0.5,True,,4.387619,0.045527562
1,32,CosineSchedule,md4,gibbs,16,16,0.5,True,,4.4086246,0.04392126
2,32,CosineSchedule,md4,gibbs,16,16,0.5,True,,4.3464975,0.04574803
3,32,CosineSchedule,md4,gibbs,16,16,0.5,True,,4.4137936,0.044566922
4,32,CosineSchedule,md4,gibbs,16,16,0.5,True,,4.374274,0.04381889
0,32,CosineSchedule,md4,gibbs,16,16,1.0,True,,4.5745325,0.043535426
1,32,CosineSchedule,md4,gibbs,16,16,1.0,True,,4.50863,0.04363779
2,32,CosineSchedule,md4,gibbs,16,16,1.0,True,,4.5333805,0.044645675
3,32,CosineSchedule,md4,gibbs,16,16,1.0,True,,4.562304,0.04251968
4,32,CosineSchedule,md4,gibbs,16,16,1.0,True,,4.5577555,0.042440943
0,32,CosineSchedule,md4,gibbs,16,16,2.0,True,,4.8685865,0.040267725
1,32,CosineSchedule,md4,gibbs,16,16,2.0,True,,4.8080535,0.040787403
2,32,CosineSchedule,md4,gibbs,16,16,2.0,True,,4.844631,0.04062992
3,32,CosineSchedule,md4,gibbs,16,16,2.0,True,,4.851057,0.040322833
4,32,CosineSchedule,md4,gibbs,16,16,2.0,True,,4.8004804,0.039850384
0,32,CosineSchedule,md4,gibbs,16,16,4.0,True,,5.186806,0.036370076
1,32,CosineSchedule,md4,gibbs,16,16,4.0,True,,5.139323,0.03637008
2,32,CosineSchedule,md4,gibbs,16,16,4.0,True,,5.108149,0.03737796
3,32,CosineSchedule,md4,gibbs,16,16,4.0,True,,5.1243043,0.03662992
4,32,CosineSchedule,md4,gibbs,16,16,4.0,True,,5.0469203,0.037598424
0,32,CosineSchedule,md4,gibbs,16,1,0.01,False,,11.84856,8.661416e-05
1,32,CosineSchedule,md4,gibbs,16,1,0.01,False,,11.715175,0.0001023622
2,32,CosineSchedule,md4,gibbs,16,1,0.01,False,,11.9985,5.511811e-05
3,32,CosineSchedule,md4,gibbs,16,1,0.01,False,,11.968209,7.086614e-05
4,32,CosineSchedule,md4,gibbs,16,1,0.01,False,,11.847464,6.299213e-05
0,32,CosineSchedule,md4,gibbs,16,1,0.1,False,,11.789629,5.511811e-05
1,32,CosineSchedule,md4,gibbs,16,1,0.1,False,,11.63848,7.086614e-05
2,32,CosineSchedule,md4,gibbs,16,1,0.1,False,,11.918063,5.511811e-05
3,32,CosineSchedule,md4,gibbs,16,1,0.1,False,,11.962617,5.511811e-05
4,32,CosineSchedule,md4,gibbs,16,1,0.1,False,,11.705533,7.874015e-05
0,32,CosineSchedule,md4,gibbs,16,1,0.5,False,,11.419395,6.299213e-05
1,32,CosineSchedule,md4,gibbs,16,1,0.5,False,,11.092815,8.661418e-05
2,32,CosineSchedule,md4,gibbs,16,1,0.5,False,,11.374744,7.874016e-05
3,32,CosineSchedule,md4,gibbs,16,1,0.5,False,,11.283497,5.511811e-05
4,32,CosineSchedule,md4,gibbs,16,1,0.5,False,,11.172209,3.937008e-05
0,32,CosineSchedule,md4,gibbs,16,1,1.0,False,,10.7554,6.299213e-05
1,32,CosineSchedule,md4,gibbs,16,1,1.0,False,,10.467779,8.661418e-05
2,32,CosineSchedule,md4,gibbs,16,1,1.0,False,,10.753592,5.511811e-05
3,32,CosineSchedule,md4,gibbs,16,1,1.0,False,,10.630346,7.086614e-05
4,32,CosineSchedule,md4,gibbs,16,1,1.0,False,,10.512484,7.086614e-05
0,32,CosineSchedule,md4,gibbs,16,1,2.0,False,,9.829519,1.5748032e-05
1,32,CosineSchedule,md4,gibbs,16,1,2.0,False,,9.553665,9.448819e-05
2,32,CosineSchedule,md4,gibbs,16,1,2.0,False,,9.767264,3.937008e-05
3,32,CosineSchedule,md4,gibbs,16,1,2.0,False,,9.849184,8.661416e-05
4,32,CosineSchedule,md4,gibbs,16,1,2.0,False,,9.594483,5.511811e-05
0,32,CosineSchedule,md4,gibbs,16,1,4.0,False,,8.907446,3.1496063e-05
1,32,CosineSchedule,md4,gibbs,16,1,4.0,False,,8.779149,9.448819e-05
2,32,CosineSchedule,md4,gibbs,16,1,4.0,False,,8.936051,3.937008e-05
3,32,CosineSchedule,md4,gibbs,16,1,4.0,False,,9.06323,7.874015e-05
4,32,CosineSchedule,md4,gibbs,16,1,4.0,False,,8.83185,0.0001023622
0,32,CosineSchedule,md4,gibbs,16,2,0.01,False,,10.679126,0.00021259839
1,32,CosineSchedule,md4,gibbs,16,2,0.01,False,,10.580261,0.0003464566
2,32,CosineSchedule,md4,gibbs,16,2,0.01,False,,10.815378,0.00029133854
3,32,CosineSchedule,md4,gibbs,16,2,0.01,False,,10.544525,0.00048031486
4,32,CosineSchedule,md4,gibbs,16,2,0.01,False,,10.492663,0.00033858258
0,32,CosineSchedule,md4,gibbs,16,2,0.1,False,,10.656011,0.00020472438
1,32,CosineSchedule,md4,gibbs,16,2,0.1,False,,10.614479,0.00037007863
2,32,CosineSchedule,md4,gibbs,16,2,0.1,False,,10.819949,0.00034645663
3,32,CosineSchedule,md4,gibbs,16,2,0.1,False,,10.556701,0.00041732276
4,32,CosineSchedule,md4,gibbs,16,2,0.1,False,,10.579387,0.00031496055
0,32,CosineSchedule,md4,gibbs,16,2,0.5,False,,10.57327,0.00025196845
1,32,CosineSchedule,md4,gibbs,16,2,0.5,False,,10.52545,0.00020472439
2,32,CosineSchedule,md4,gibbs,16,2,0.5,False,,10.740958,0.00015748027
3,32,CosineSchedule,md4,gibbs,16,2,0.5,False,,10.569777,0.00023622042
4,32,CosineSchedule,md4,gibbs,16,2,0.5,False,,10.607442,0.0002913385
0,32,CosineSchedule,md4,gibbs,16,2,1.0,False,,10.393828,0.00017322833
1,32,CosineSchedule,md4,gibbs,16,2,1.0,False,,10.178117,0.00017322833
2,32,CosineSchedule,md4,gibbs,16,2,1.0,False,,10.539316,0.0001023622
3,32,CosineSchedule,md4,gibbs,16,2,1.0,False,,10.314262,0.00014173228
4,32,CosineSchedule,md4,gibbs,16,2,1.0,False,,10.268752,0.00022834641
0,32,CosineSchedule,md4,gibbs,16,2,2.0,False,,9.772484,7.874015e-05
1,32,CosineSchedule,md4,gibbs,16,2,2.0,False,,9.565803,8.661418e-05
2,32,CosineSchedule,md4,gibbs,16,2,2.0,False,,9.908655,9.448818e-05
3,32,CosineSchedule,md4,gibbs,16,2,2.0,False,,9.750152,7.874015e-05
4,32,CosineSchedule,md4,gibbs,16,2,2.0,False,,9.739766,0.000118110234
0,32,CosineSchedule,md4,gibbs,16,2,4.0,False,,9.158558,6.299213e-05
1,32,CosineSchedule,md4,gibbs,16,2,4.0,False,,8.969238,0.00013385825
2,32,CosineSchedule,md4,gibbs,16,2,4.0,False,,9.182209,8.661416e-05
3,32,CosineSchedule,md4,gibbs,16,2,4.0,False,,9.110969,0.00010236219
4,32,CosineSchedule,md4,gibbs,16,2,4.0,False,,9.135679,0.00013385825
0,32,CosineSchedule,md4,gibbs,16,4,0.01,False,,10.004689,0.0012204722
1,32,CosineSchedule,md4,gibbs,16,4,0.01,False,,9.713158,0.001086614
2,32,CosineSchedule,md4,gibbs,16,4,0.01,False,,9.911723,0.0011811021
3,32,CosineSchedule,md4,gibbs,16,4,0.01,False,,9.876544,0.0011102359
4,32,CosineSchedule,md4,gibbs,16,4,0.01,False,,9.748667,0.001173228
0,32,CosineSchedule,md4,gibbs,16,4,0.1,False,,10.012516,0.0011023618
1,32,CosineSchedule,md4,gibbs,16,4,0.1,False,,9.83405,0.0011102359
2,32,CosineSchedule,md4,gibbs,16,4,0.1,False,,9.943292,0.0012125982
3,32,CosineSchedule,md4,gibbs,16,4,0.1,False,,9.950249,0.001094488
4,32,CosineSchedule,md4,gibbs,16,4,0.1,False,,9.824239,0.001173228
0,32,CosineSchedule,md4,gibbs,16,4,0.5,False,,10.098619,0.00094488164
1,32,CosineSchedule,md4,gibbs,16,4,0.5,False,,10.038428,0.0008582675
2,32,CosineSchedule,md4,gibbs,16,4,0.5,False,,10.081121,0.0009527556
3,32,CosineSchedule,md4,gibbs,16,4,0.5,False,,10.110584,0.00077952736
4,32,CosineSchedule,md4,gibbs,16,4,0.5,False,,10.04473,0.0008976375
0,32,CosineSchedule,md4,gibbs,16,4,1.0,False,,10.179737,0.00048818887
1,32,CosineSchedule,md4,gibbs,16,4,1.0,False,,10.137812,0.00048818887
2,32,CosineSchedule,md4,gibbs,16,4,1.0,False,,10.24,0.00052755896
3,32,CosineSchedule,md4,gibbs,16,4,1.0,False,,10.047096,0.00031496058
4,32,CosineSchedule,md4,gibbs,16,4,1.0,False,,10.116978,0.0006141731
0,32,CosineSchedule,md4,gibbs,16,4,2.0,False,,9.745698,0.00025984246
1,32,CosineSchedule,md4,gibbs,16,4,2.0,False,,9.73162,0.00023622045
2,32,CosineSchedule,md4,gibbs,16,4,2.0,False,,9.951022,0.00023622041
3,32,CosineSchedule,md4,gibbs,16,4,2.0,False,,9.613217,0.00032283453
4,32,CosineSchedule,md4,gibbs,16,4,2.0,False,,9.763538,0.00032283456
0,32,CosineSchedule,md4,gibbs,16,4,4.0,False,,9.151355,0.00019685036
1,32,CosineSchedule,md4,gibbs,16,4,4.0,False,,9.090909,0.00020472438
2,32,CosineSchedule,md4,gibbs,16,4,4.0,False,,9.190121,0.0001574803
3,32,CosineSchedule,md4,gibbs,16,4,4.0,False,,8.995712,0.00023622042
4,32,CosineSchedule,md4,gibbs,16,4,4.0,False,,9.16118,0.00023622045
0,32,CosineSchedule,md4,gibbs,16,8,0.01,False,,7.6127043,0.0037086604
1,32,CosineSchedule,md4,gibbs,16,8,0.01,False,,7.588333,0.003692912
2,32,CosineSchedule,md4,gibbs,16,8,0.01,False,,7.6431594,0.004015747
3,32,CosineSchedule,md4,gibbs,16,8,0.01,False,,7.6724806,0.003622046
4,32,CosineSchedule,md4,gibbs,16,8,0.01,False,,7.528526,0.003527558
0,32,CosineSchedule,md4,gibbs,16,8,0.1,False,,7.6399665,0.0037795263
1,32,CosineSchedule,md4,gibbs,16,8,0.1,False,,7.698322,0.00359055
2,32,CosineSchedule,md4,gibbs,16,8,0.1,False,,7.6927695,0.0036614162
3,32,CosineSchedule,md4,gibbs,16,8,0.1,False,,7.6858406,0.003582676
4,32,CosineSchedule,md4,gibbs,16,8,0.1,False,,7.5560803,0.0036062982
0,32,CosineSchedule,md4,gibbs,16,8,0.5,False,,8.201974,0.0028346449
1,32,CosineSchedule,md4,gibbs,16,8,0.5,False,,8.26553,0.0029448809
2,32,CosineSchedule,md4,gibbs,16,8,0.5,False,,8.11359,0.0029370068
3,32,CosineSchedule,md4,gibbs,16,8,0.5,False,,8.110505,0.002874015
4,32,CosineSchedule,md4,gibbs,16,8,0.5,False,,8.10845,0.0026771647
0,32,CosineSchedule,md4,gibbs,16,8,1.0,False,,8.69447,0.001188976
1,32,CosineSchedule,md4,gibbs,16,8,1.0,False,,8.855067,0.0012283461
2,32,CosineSchedule,md4,gibbs,16,8,1.0,False,,8.69152,0.0012519682
3,32,CosineSchedule,md4,gibbs,16,8,1.0,False,,8.735413,0.0012440942
4,32,CosineSchedule,md4,gibbs,16,8,1.0,False,,8.606777,0.0013700784
0,32,CosineSchedule,md4,gibbs,16,8,2.0,False,,8.875329,0.00059842505
1,32,CosineSchedule,md4,gibbs,16,8,2.0,False,,8.750341,0.00076377933
2,32,CosineSchedule,md4,gibbs,16,8,2.0,False,,8.756328,0.00063779514
3,32,CosineSchedule,md4,gibbs,16,8,2.0,False,,8.869794,0.000582677
4,32,CosineSchedule,md4,gibbs,16,8,2.0,False,,8.659181,0.0007716533
0,32,CosineSchedule,md4,gibbs,16,8,4.0,False,,8.515168,0.00053543295
1,32,CosineSchedule,md4,gibbs,16,8,4.0,False,,8.609673,0.00051181094
2,32,CosineSchedule,md4,gibbs,16,8,4.0,False,,8.479067,0.00047244085
3,32,CosineSchedule,md4,gibbs,16,8,4.0,False,,8.576214,0.00046456684
4,32,CosineSchedule,md4,gibbs,16,8,4.0,False,,8.417729,0.0004960629
0,32,CosineSchedule,md4,gibbs,16,16,0.01,False,,5.3935614,0.011952757
1,32,CosineSchedule,md4,gibbs,16,16,0.01,False,,5.423499,0.011984253
2,32,CosineSchedule,md4,gibbs,16,16,0.01,False,,5.4140935,0.011779528
3,32,CosineSchedule,md4,gibbs,16,16,0.01,False,,5.4186773,0.011889766
4,32,CosineSchedule,md4,gibbs,16,16,0.01,False,,5.343129,0.011826773
0,32,CosineSchedule,md4,gibbs,16,16,0.1,False,,5.4363985,0.01158268
1,32,CosineSchedule,md4,gibbs,16,16,0.1,False,,5.44936,0.011732282
2,32,CosineSchedule,md4,gibbs,16,16,0.1,False,,5.4111185,0.012141733
3,32,CosineSchedule,md4,gibbs,16,16,0.1,False,,5.4586554,0.011826774
4,32,CosineSchedule,md4,gibbs,16,16,0.1,False,,5.402439,0.011519686
0,32,CosineSchedule,md4,gibbs,16,16,0.5,False,,6.0497212,0.008188974
1,32,CosineSchedule,md4,gibbs,16,16,0.5,False,,6.0445786,0.007771651
2,32,CosineSchedule,md4,gibbs,16,16,0.5,False,,6.00939,0.008716534
3,32,CosineSchedule,md4,gibbs,16,16,0.5,False,,6.036882,0.008259841
4,32,CosineSchedule,md4,gibbs,16,16,0.5,False,,5.991107,0.007881887
0,32,CosineSchedule,md4,gibbs,16,16,1.0,False,,6.8186655,0.0037086601
1,32,CosineSchedule,md4,gibbs,16,16,1.0,False,,6.8212094,0.0037165342
2,32,CosineSchedule,md4,gibbs,16,16,1.0,False,,6.800553,0.004078739
3,32,CosineSchedule,md4,gibbs,16,16,1.0,False,,6.698064,0.0038503923
4,32,CosineSchedule,md4,gibbs,16,16,1.0,False,,6.680236,0.0037952745
0,32,CosineSchedule,md4,gibbs,16,16,2.0,False,,7.255002,0.0018976373
1,32,CosineSchedule,md4,gibbs,16,16,2.0,False,,7.109926,0.002133858
2,32,CosineSchedule,md4,gibbs,16,16,2.0,False,,7.174485,0.0021417316
3,32,CosineSchedule,md4,gibbs,16,16,2.0,False,,7.041479,0.0023070858
4,32,CosineSchedule,md4,gibbs,16,16,2.0,False,,6.9968295,0.0024645664
0,32,CosineSchedule,md4,gibbs,16,16,4.0,False,,7.2145185,0.0013779524
1,32,CosineSchedule,md4,gibbs,16,16,4.0,False,,7.0496225,0.0015669287
2,32,CosineSchedule,md4,gibbs,16,16,4.0,False,,7.160839,0.0014409445
3,32,CosineSchedule,md4,gibbs,16,16,4.0,False,,7.0867014,0.0015039366
4,32,CosineSchedule,md4,gibbs,16,16,4.0,False,,7.022164,0.0016535429
0,33,CosineSchedule,md4,gibbs_argmax,16,1,0.01,True,,8.922348,0.01746457
1,33,CosineSchedule,md4,gibbs_argmax,16,1,0.01,True,,8.759923,0.018212603
2,33,CosineSchedule,md4,gibbs_argmax,16,1,0.01,True,,8.906206,0.017401576
3,33,CosineSchedule,md4,gibbs_argmax,16,1,0.01,True,,8.94667,0.017322836
4,33,CosineSchedule,md4,gibbs_argmax,16,1,0.01,True,,8.79302,0.018110236
0,33,CosineSchedule,md4,gibbs_argmax,16,1,0.1,True,,8.81482,0.017850393
1,33,CosineSchedule,md4,gibbs_argmax,16,1,0.1,True,,8.706891,0.018244093
2,33,CosineSchedule,md4,gibbs_argmax,16,1,0.1,True,,8.91489,0.017440947
3,33,CosineSchedule,md4,gibbs_argmax,16,1,0.1,True,,8.968611,0.017283466
4,33,CosineSchedule,md4,gibbs_argmax,16,1,0.1,True,,8.733028,0.018055119
0,33,CosineSchedule,md4,gibbs_argmax,16,1,0.5,True,,8.672087,0.017889768
1,33,CosineSchedule,md4,gibbs_argmax,16,1,0.5,True,,8.532195,0.018244097
2,33,CosineSchedule,md4,gibbs_argmax,16,1,0.5,True,,8.680321,0.01810236
3,33,CosineSchedule,md4,gibbs_argmax,16,1,0.5,True,,8.716377,0.017787406
4,33,CosineSchedule,md4,gibbs_argmax,16,1,0.5,True,,8.581389,0.018267721
0,33,CosineSchedule,md4,gibbs_argmax,16,1,1.0,True,,8.447172,0.018393703
1,33,CosineSchedule,md4,gibbs_argmax,16,1,1.0,True,,8.376964,0.018393707
2,33,CosineSchedule,md4,gibbs_argmax,16,1,1.0,True,,8.450519,0.01840945
3,33,CosineSchedule,md4,gibbs_argmax,16,1,1.0,True,,8.37039,0.018653544
4,33,CosineSchedule,md4,gibbs_argmax,16,1,1.0,True,,8.3036,0.018952757
0,33,CosineSchedule,md4,gibbs_argmax,16,1,2.0,True,,8.082338,0.01914174
1,33,CosineSchedule,md4,gibbs_argmax,16,1,2.0,True,,7.914426,0.019496065
2,33,CosineSchedule,md4,gibbs_argmax,16,1,2.0,True,,7.996002,0.019960629
3,33,CosineSchedule,md4,gibbs_argmax,16,1,2.0,True,,8.015531,0.019976376
4,33,CosineSchedule,md4,gibbs_argmax,16,1,2.0,True,,7.941924,0.019850394
0,33,CosineSchedule,md4,gibbs_argmax,16,1,4.0,True,,7.5735164,0.020653542
1,33,CosineSchedule,md4,gibbs_argmax,16,1,4.0,True,,7.3546305,0.021488195
2,33,CosineSchedule,md4,gibbs_argmax,16,1,4.0,True,,7.506451,0.021173231
3,33,CosineSchedule,md4,gibbs_argmax,16,1,4.0,True,,7.5507317,0.021322835
4,33,CosineSchedule,md4,gibbs_argmax,16,1,4.0,True,,7.3988442,0.02166142
0,33,CosineSchedule,md4,gibbs_argmax,16,2,0.01,True,,8.145602,0.01962205
1,33,CosineSchedule,md4,gibbs_argmax,16,2,0.01,True,,7.943403,0.020566933
2,33,CosineSchedule,md4,gibbs_argmax,16,2,0.01,True,,8.179959,0.019779531
3,33,CosineSchedule,md4,gibbs_argmax,16,2,0.01,True,,8.011015,0.020125985
4,33,CosineSchedule,md4,gibbs_argmax,16,2,0.01,True,,7.9800506,0.019944888
0,33,CosineSchedule,md4,gibbs_argmax,16,2,0.1,True,,8.109478,0.019779533
1,33,CosineSchedule,md4,gibbs_argmax,16,2,0.1,True,,7.9261875,0.020488193
2,33,CosineSchedule,md4,gibbs_argmax,16,2,0.1,True,,8.181005,0.02000788
3,33,CosineSchedule,md4,gibbs_argmax,16,2,0.1,True,,7.9656477,0.020393709
4,33,CosineSchedule,md4,gibbs_argmax,16,2,0.1,True,,8.051328,0.019661417
0,33,CosineSchedule,md4,gibbs_argmax,16,2,0.5,True,,7.983535,0.020259846
1,33,CosineSchedule,md4,gibbs_argmax,16,2,0.5,True,,7.9070916,0.020244095
2,33,CosineSchedule,md4,gibbs_argmax,16,2,0.5,True,,8.167954,0.019992132
3,33,CosineSchedule,md4,gibbs_argmax,16,2,0.5,True,,8.007006,0.020141732
4,33,CosineSchedule,md4,gibbs_argmax,16,2,0.5,True,,8.056901,0.020118115
0,33,CosineSchedule,md4,gibbs_argmax,16,2,1.0,True,,7.9085574,0.020503942
1,33,CosineSchedule,md4,gibbs_argmax,16,2,1.0,True,,7.863857,0.020354334
2,33,CosineSchedule,md4,gibbs_argmax,16,2,1.0,True,,8.061468,0.019622048
3,33,CosineSchedule,md4,gibbs_argmax,16,2,1.0,True,,8.043232,0.019748027
4,33,CosineSchedule,md4,gibbs_argmax,16,2,1.0,True,,7.912468,0.020582682
0,33,CosineSchedule,md4,gibbs_argmax,16,2,2.0,True,,7.7383475,0.020669296
1,33,CosineSchedule,md4,gibbs_argmax,16,2,2.0,True,,7.685379,0.020787407
2,33,CosineSchedule,md4,gibbs_argmax,16,2,2.0,True,,7.9222627,0.020362208
3,33,CosineSchedule,md4,gibbs_argmax,16,2,2.0,True,,7.711308,0.02137008
4,33,CosineSchedule,md4,gibbs_argmax,16,2,2.0,True,,7.7778454,0.02075591
0,33,CosineSchedule,md4,gibbs_argmax,16,2,4.0,True,,7.480131,0.02148819
1,33,CosineSchedule,md4,gibbs_argmax,16,2,4.0,True,,7.357168,0.021787405
2,33,CosineSchedule,md4,gibbs_argmax,16,2,4.0,True,,7.5187974,0.021755908
3,33,CosineSchedule,md4,gibbs_argmax,16,2,4.0,True,,7.4353757,0.021992128
4,33,CosineSchedule,md4,gibbs_argmax,16,2,4.0,True,,7.4323535,0.02189764
0,33,CosineSchedule,md4,gibbs_argmax,16,4,0.01,True,,7.58204,0.023322836
1,33,CosineSchedule,md4,gibbs_argmax,16,4,0.01,True,,7.223884,0.024629926
2,33,CosineSchedule,md4,gibbs_argmax,16,4,0.01,True,,7.5547423,0.02246457
3,33,CosineSchedule,md4,gibbs_argmax,16,4,0.01,True,,7.4788203,0.023748033
4,33,CosineSchedule,md4,gibbs_argmax,16,4,0.01,True,,7.349985,0.023519685
0,33,CosineSchedule,md4,gibbs_argmax,16,4,0.1,True,,7.534287,0.023330709
1,33,CosineSchedule,md4,gibbs_argmax,16,4,0.1,True,,7.2353177,0.024582682
2,33,CosineSchedule,md4,gibbs_argmax,16,4,0.1,True,,7.5744123,0.02259843
3,33,CosineSchedule,md4,gibbs_argmax,16,4,0.1,True,,7.5227737,0.023653546
4,33,CosineSchedule,md4,gibbs_argmax,16,4,0.1,True,,7.387741,0.023795277
0,33,CosineSchedule,md4,gibbs_argmax,16,4,0.5,True,,7.4500904,0.023637798
1,33,CosineSchedule,md4,gibbs_argmax,16,4,0.5,True,,7.358436,0.023960635
2,33,CosineSchedule,md4,gibbs_argmax,16,4,0.5,True,,7.5676956,0.023204725
3,33,CosineSchedule,md4,gibbs_argmax,16,4,0.5,True,,7.479694,0.0234252
4,33,CosineSchedule,md4,gibbs_argmax,16,4,0.5,True,,7.3885937,0.024015749
0,33,CosineSchedule,md4,gibbs_argmax,16,4,1.0,True,,7.474452,0.023133855
1,33,CosineSchedule,md4,gibbs_argmax,16,4,1.0,True,,7.397989,0.023811027
2,33,CosineSchedule,md4,gibbs_argmax,16,4,1.0,True,,7.4696546,0.023606302
3,33,CosineSchedule,md4,gibbs_argmax,16,4,1.0,True,,7.4336486,0.02358268
4,33,CosineSchedule,md4,gibbs_argmax,16,4,1.0,True,,7.44489,0.02348819
0,33,CosineSchedule,md4,gibbs_argmax,16,4,2.0,True,,7.480131,0.023023624
1,33,CosineSchedule,md4,gibbs_argmax,16,4,2.0,True,,7.4862556,0.022881897
2,33,CosineSchedule,md4,gibbs_argmax,16,4,2.0,True,,7.4831924,0.023330713
3,33,CosineSchedule,md4,gibbs_argmax,16,4,2.0,True,,7.3567452,0.023614172
4,33,CosineSchedule,md4,gibbs_argmax,16,4,2.0,True,,7.3423967,0.023748033
0,33,CosineSchedule,md4,gibbs_argmax,16,4,4.0,True,,7.2406383,0.024196854
1,33,CosineSchedule,md4,gibbs_argmax,16,4,4.0,True,,7.2100487,0.024062993
2,33,CosineSchedule,md4,gibbs_argmax,16,4,4.0,True,,7.3563213,0.02383465
3,33,CosineSchedule,md4,gibbs_argmax,16,4,4.0,True,,7.1119013,0.024787404
4,33,CosineSchedule,md4,gibbs_argmax,16,4,4.0,True,,7.26901,0.023574805
0,33,CosineSchedule,md4,gibbs_argmax,16,8,0.01,True,,5.9927897,0.031212602
1,33,CosineSchedule,md4,gibbs_argmax,16,8,0.01,True,,5.9950356,0.031299215
2,33,CosineSchedule,md4,gibbs_argmax,16,8,0.01,True,,6.0068517,0.031574804
3,33,CosineSchedule,md4,gibbs_argmax,16,8,0.01,True,,6.012495,0.031787403
4,33,CosineSchedule,md4,gibbs_argmax,16,8,0.01,True,,5.92922,0.03179528
0,33,CosineSchedule,md4,gibbs_argmax,16,8,0.1,True,,6.0000935,0.03140945
1,33,CosineSchedule,md4,gibbs_argmax,16,8,0.1,True,,6.003189,0.031669296
2,33,CosineSchedule,md4,gibbs_argmax,16,8,0.1,True,,6.002344,0.031858265
3,33,CosineSchedule,md4,gibbs_argmax,16,8,0.1,True,,6.0383058,0.03171653
4,33,CosineSchedule,md4,gibbs_argmax,16,8,0.1,True,,5.9256516,0.031472437
0,33,CosineSchedule,md4,gibbs_argmax,16,8,0.5,True,,6.09669,0.031173237
1,33,CosineSchedule,md4,gibbs_argmax,16,8,0.5,True,,6.0885696,0.03098425
2,33,CosineSchedule,md4,gibbs_argmax,16,8,0.5,True,,6.114747,0.031488195
3,33,CosineSchedule,md4,gibbs_argmax,16,8,0.5,True,,6.1013393,0.030527564
4,33,CosineSchedule,md4,gibbs_argmax,16,8,0.5,True,,6.0683637,0.03118897
0,33,CosineSchedule,md4,gibbs_argmax,16,8,1.0,True,,6.251526,0.030047249
1,33,CosineSchedule,md4,gibbs_argmax,16,8,1.0,True,,6.2905445,0.029992122
2,33,CosineSchedule,md4,gibbs_argmax,16,8,1.0,True,,6.1889567,0.030346459
3,33,CosineSchedule,md4,gibbs_argmax,16,8,1.0,True,,6.194947,0.03004725
4,33,CosineSchedule,md4,gibbs_argmax,16,8,1.0,True,,6.2754326,0.0301811
0,33,CosineSchedule,md4,gibbs_argmax,16,8,2.0,True,,6.4682403,0.028503938
1,33,CosineSchedule,md4,gibbs_argmax,16,8,2.0,True,,6.523622,0.028346464
2,33,CosineSchedule,md4,gibbs_argmax,16,8,2.0,True,,6.4318376,0.02907087
3,33,CosineSchedule,md4,gibbs_argmax,16,8,2.0,True,,6.495154,0.029094491
4,33,CosineSchedule,md4,gibbs_argmax,16,8,2.0,True,,6.4211903,0.028937012
0,33,CosineSchedule,md4,gibbs_argmax,16,8,4.0,True,,6.5860558,0.027496068
1,33,CosineSchedule,md4,gibbs_argmax,16,8,4.0,True,,6.5667963,0.028275598
2,33,CosineSchedule,md4,gibbs_argmax,16,8,4.0,True,,6.565786,0.027921261
3,33,CosineSchedule,md4,gibbs_argmax,16,8,4.0,True,,6.5292797,0.027897641
4,33,CosineSchedule,md4,gibbs_argmax,16,8,4.0,True,,6.45682,0.028913392
0,33,CosineSchedule,md4,gibbs_argmax,16,16,0.01,True,,4.5482006,0.046291336
1,33,CosineSchedule,md4,gibbs_argmax,16,16,0.01,True,,4.56328,0.045834646
2,33,CosineSchedule,md4,gibbs_argmax,16,16,0.01,True,,4.578132,0.045622047
3,33,CosineSchedule,md4,gibbs_argmax,16,16,0.01,True,,4.593082,0.045543294
4,33,CosineSchedule,md4,gibbs_argmax,16,16,0.01,True,,4.526007,0.046149604
0,33,CosineSchedule,md4,gibbs_argmax,16,16,0.1,True,,4.5356293,0.04662205
1,33,CosineSchedule,md4,gibbs_argmax,16,16,0.1,True,,4.593576,0.045732282
2,33,CosineSchedule,md4,gibbs_argmax,16,16,0.1,True,,4.559054,0.046614174
3,33,CosineSchedule,md4,gibbs_argmax,16,16,0.1,True,,4.6106186,0.045283448
4,33,CosineSchedule,md4,gibbs_argmax,16,16,0.1,True,,4.5274477,0.046031483
0,33,CosineSchedule,md4,gibbs_argmax,16,16,0.5,True,,4.6601377,0.044881903
1,33,CosineSchedule,md4,gibbs_argmax,16,16,0.5,True,,4.6708508,0.044362195
2,33,CosineSchedule,md4,gibbs_argmax,16,16,0.5,True,,4.6351624,0.045078736
3,33,CosineSchedule,md4,gibbs_argmax,16,16,0.5,True,,4.6991444,0.044740148
4,33,CosineSchedule,md4,gibbs_argmax,16,16,0.5,True,,4.6567464,0.043755904
0,33,CosineSchedule,md4,gibbs_argmax,16,16,1.0,True,,4.855658,0.043370087
1,33,CosineSchedule,md4,gibbs_argmax,16,16,1.0,True,,4.78809,0.044031493
2,33,CosineSchedule,md4,gibbs_argmax,16,16,1.0,True,,4.8066087,0.04438583
3,33,CosineSchedule,md4,gibbs_argmax,16,16,1.0,True,,4.8365765,0.04313385
4,33,CosineSchedule,md4,gibbs_argmax,16,16,1.0,True,,4.8389535,0.04277952
0,33,CosineSchedule,md4,gibbs_argmax,16,16,2.0,True,,5.1463494,0.04070866
1,33,CosineSchedule,md4,gibbs_argmax,16,16,2.0,True,,5.0675006,0.040937014
2,33,CosineSchedule,md4,gibbs_argmax,16,16,2.0,True,,5.121024,0.04049606
3,33,CosineSchedule,md4,gibbs_argmax,16,16,2.0,True,,5.112025,0.040921252
4,33,CosineSchedule,md4,gibbs_argmax,16,16,2.0,True,,5.0821886,0.040094484
0,33,CosineSchedule,md4,gibbs_argmax,16,16,4.0,True,,5.45168,0.03665355
1,33,CosineSchedule,md4,gibbs_argmax,16,16,4.0,True,,5.3972,0.03691338
2,33,CosineSchedule,md4,gibbs_argmax,16,16,4.0,True,,5.3897004,0.037606295
3,33,CosineSchedule,md4,gibbs_argmax,16,16,4.0,True,,5.401756,0.03675591
4,33,CosineSchedule,md4,gibbs_argmax,16,16,4.0,True,,5.303501,0.03800787
0,33,CosineSchedule,md4,gibbs_argmax,16,1,0.01,False,,12.004127,0.001220472
1,33,CosineSchedule,md4,gibbs_argmax,16,1,0.01,False,,11.919173,0.0015590547
2,33,CosineSchedule,md4,gibbs_argmax,16,1,0.01,False,,12.141909,0.001094488
3,33,CosineSchedule,md4,gibbs_argmax,16,1,0.01,False,,12.146518,0.0013464564
4,33,CosineSchedule,md4,gibbs_argmax,16,1,0.01,False,,12.04026,0.0014173224
0,33,CosineSchedule,md4,gibbs_argmax,16,1,0.1,False,,11.941412,0.0012125982
1,33,CosineSchedule,md4,gibbs_argmax,16,1,0.1,False,,11.849657,0.0015748028
2,33,CosineSchedule,md4,gibbs_argmax,16,1,0.1,False,,12.078891,0.0012440942
3,33,CosineSchedule,md4,gibbs_argmax,16,1,0.1,False,,12.153437,0.0013858264
4,33,CosineSchedule,md4,gibbs_argmax,16,1,0.1,False,,11.885969,0.0014094485
0,33,CosineSchedule,md4,gibbs_argmax,16,1,0.5,False,,11.573237,0.0013385824
1,33,CosineSchedule,md4,gibbs_argmax,16,1,0.5,False,,11.283497,0.0016535429
2,33,CosineSchedule,md4,gibbs_argmax,16,1,0.5,False,,11.580566,0.0016614168
3,33,CosineSchedule,md4,gibbs_argmax,16,1,0.5,False,,11.48291,0.0016692909
4,33,CosineSchedule,md4,gibbs_argmax,16,1,0.5,False,,11.380813,0.0016850389
0,33,CosineSchedule,md4,gibbs_argmax,16,1,1.0,False,,10.948593,0.0019291333
1,33,CosineSchedule,md4,gibbs_argmax,16,1,1.0,False,,10.665778,0.0020944877
2,33,CosineSchedule,md4,gibbs_argmax,16,1,1.0,False,,10.970175,0.0021023615
3,33,CosineSchedule,md4,gibbs_argmax,16,1,1.0,False,,10.837355,0.0019842514
4,33,CosineSchedule,md4,gibbs_argmax,16,1,1.0,False,,10.711297,0.0019763773
0,33,CosineSchedule,md4,gibbs_argmax,16,1,2.0,False,,10.039215,0.0025826762
1,33,CosineSchedule,md4,gibbs_argmax,16,1,2.0,False,,9.780699,0.002881889
2,33,CosineSchedule,md4,gibbs_argmax,16,1,2.0,False,,9.985178,0.0026850386
3,33,CosineSchedule,md4,gibbs_argmax,16,1,2.0,False,,10.069226,0.0025433064
4,33,CosineSchedule,md4,gibbs_argmax,16,1,2.0,False,,9.811437,0.0027559048
0,33,CosineSchedule,md4,gibbs_argmax,16,1,4.0,False,,9.136332,0.0036456683
1,33,CosineSchedule,md4,gibbs_argmax,16,1,4.0,False,,9.04338,0.0039291326
2,33,CosineSchedule,md4,gibbs_argmax,16,1,4.0,False,,9.167085,0.0033307078
3,33,CosineSchedule,md4,gibbs_argmax,16,1,4.0,False,,9.309092,0.003417322
4,33,CosineSchedule,md4,gibbs_argmax,16,1,4.0,False,,9.066441,0.00351181
0,33,CosineSchedule,md4,gibbs_argmax,16,2,0.01,False,,10.898254,0.0020314953
1,33,CosineSchedule,md4,gibbs_argmax,16,2,0.01,False,,10.768972,0.0019842514
2,33,CosineSchedule,md4,gibbs_argmax,16,2,0.01,False,,11.03068,0.0021102356
3,33,CosineSchedule,md4,gibbs_argmax,16,2,0.01,False,,10.759919,0.002204724
4,33,CosineSchedule,md4,gibbs_argmax,16,2,0.01,False,,10.692507,0.0021496057
0,33,CosineSchedule,md4,gibbs_argmax,16,2,0.1,False,,10.854817,0.0020472435
1,33,CosineSchedule,md4,gibbs_argmax,16,2,0.1,False,,10.826356,0.0022440937
2,33,CosineSchedule,md4,gibbs_argmax,16,2,0.1,False,,11.035434,0.0021338577
3,33,CosineSchedule,md4,gibbs_argmax,16,2,0.1,False,,10.75811,0.0021102359
4,33,CosineSchedule,md4,gibbs_argmax,16,2,0.1,False,,10.797132,0.0021574795
0,33,CosineSchedule,md4,gibbs_argmax,16,2,0.5,False,,10.7554,0.0019055112
1,33,CosineSchedule,md4,gibbs_argmax,16,2,0.5,False,,10.740958,0.0021732277
2,33,CosineSchedule,md4,gibbs_argmax,16,2,0.5,False,,10.951403,0.0019685035
3,33,CosineSchedule,md4,gibbs_argmax,16,2,0.5,False,,10.785305,0.0021417316
4,33,CosineSchedule,md4,gibbs_argmax,16,2,0.5,False,,10.817205,0.0020551174
0,33,CosineSchedule,md4,gibbs_argmax,16,2,1.0,False,,10.599537,0.002228346
1,33,CosineSchedule,md4,gibbs_argmax,16,2,1.0,False,,10.391296,0.0023228342
2,33,CosineSchedule,md4,gibbs_argmax,16,2,1.0,False,,10.753592,0.0020944874
3,33,CosineSchedule,md4,gibbs_argmax,16,2,1.0,False,,10.534112,0.00227559
4,33,CosineSchedule,md4,gibbs_argmax,16,2,1.0,False,,10.496105,0.0022440937
0,33,CosineSchedule,md4,gibbs_argmax,16,2,2.0,False,,9.982842,0.0025039362
1,33,CosineSchedule,md4,gibbs_argmax,16,2,2.0,False,,9.790424,0.002960629
2,33,CosineSchedule,md4,gibbs_argmax,16,2,2.0,False,,10.127383,0.0025196841
3,33,CosineSchedule,md4,gibbs_argmax,16,2,2.0,False,,10.001562,0.002842519
4,33,CosineSchedule,md4,gibbs_argmax,16,2,2.0,False,,9.936346,0.0025118105
0,33,CosineSchedule,md4,gibbs_argmax,16,2,4.0,False,,9.3814125,0.0033070857
1,33,CosineSchedule,md4,gibbs_argmax,16,2,4.0,False,,9.233211,0.00359055
2,33,CosineSchedule,md4,gibbs_argmax,16,2,4.0,False,,9.397254,0.0029527552
3,33,CosineSchedule,md4,gibbs_argmax,16,2,4.0,False,,9.36357,0.0033543298
4,33,CosineSchedule,md4,gibbs_argmax,16,2,4.0,False,,9.371797,0.0032992116
0,33,CosineSchedule,md4,gibbs_argmax,16,4,0.01,False,,10.266281,0.0033858258
1,33,CosineSchedule,md4,gibbs_argmax,16,4,0.01,False,,9.947928,0.0032992116
2,33,CosineSchedule,md4,gibbs_argmax,16,4,0.01,False,,10.153895,0.0033622037
3,33,CosineSchedule,md4,gibbs_argmax,16,4,0.01,False,,10.122579,0.0033464557
4,33,CosineSchedule,md4,gibbs_argmax,16,4,0.01,False,,9.983621,0.0032755896
0,33,CosineSchedule,md4,gibbs_argmax,16,4,0.1,False,,10.293526,0.003456692
1,33,CosineSchedule,md4,gibbs_argmax,16,4,0.1,False,,10.080327,0.0034724397
2,33,CosineSchedule,md4,gibbs_argmax,16,4,0.1,False,,10.197579,0.0033936999
3,33,CosineSchedule,md4,gibbs_argmax,16,4,0.1,False,,10.196766,0.0033622037
4,33,CosineSchedule,md4,gibbs_argmax,16,4,0.1,False,,10.05973,0.0032677155
0,33,CosineSchedule,md4,gibbs_argmax,16,4,0.5,False,,10.317588,0.0030078732
1,33,CosineSchedule,md4,gibbs_argmax,16,4,0.5,False,,10.284429,0.0029685032
2,33,CosineSchedule,md4,gibbs_argmax,16,4,0.5,False,,10.327578,0.0030157473
3,33,CosineSchedule,md4,gibbs_argmax,16,4,0.5,False,,10.338422,0.002874015
4,33,CosineSchedule,md4,gibbs_argmax,16,4,0.5,False,,10.28195,0.0031023615
0,33,CosineSchedule,md4,gibbs_argmax,16,4,1.0,False,,10.382027,0.002425196
1,33,CosineSchedule,md4,gibbs_argmax,16,4,1.0,False,,10.377818,0.0027480305
2,33,CosineSchedule,md4,gibbs_argmax,16,4,1.0,False,,10.464355,0.0025590544
3,33,CosineSchedule,md4,gibbs_argmax,16,4,1.0,False,,10.270401,0.0024645664
4,33,CosineSchedule,md4,gibbs_argmax,16,4,1.0,False,,10.370251,0.002881889
0,33,CosineSchedule,md4,gibbs_argmax,16,4,2.0,False,,9.961089,0.0026614168
1,33,CosineSchedule,md4,gibbs_argmax,16,4,2.0,False,,9.963415,0.0029133847
2,33,CosineSchedule,md4,gibbs_argmax,16,4,2.0,False,,10.200015,0.0027952748
3,33,CosineSchedule,md4,gibbs_argmax,16,4,2.0,False,,9.83254,0.0028897629
4,33,CosineSchedule,md4,gibbs_argmax,16,4,2.0,False,,10.003126,0.002858267
0,33,CosineSchedule,md4,gibbs_argmax,16,4,4.0,False,,9.374542,0.0031889754
1,33,CosineSchedule,md4,gibbs_argmax,16,4,4.0,False,,9.338976,0.0032913378
2,33,CosineSchedule,md4,gibbs_argmax,16,4,4.0,False,,9.430487,0.0031338574
3,33,CosineSchedule,md4,gibbs_argmax,16,4,4.0,False,,9.247218,0.003566928
4,33,CosineSchedule,md4,gibbs_argmax,16,4,4.0,False,,9.380038,0.0033700778
0,33,CosineSchedule,md4,gibbs_argmax,16,8,0.01,False,,7.8842006,0.0071653523
1,33,CosineSchedule,md4,gibbs_argmax,16,8,0.01,False,,7.861925,0.0076456666
2,33,CosineSchedule,md4,gibbs_argmax,16,8,0.01,False,,7.8871155,0.0074330685
3,33,CosineSchedule,md4,gibbs_argmax,16,8,0.01,False,,7.9532743,0.007480312
4,33,CosineSchedule,md4,gibbs_argmax,16,8,0.01,False,,7.781628,0.0075590527
0,33,CosineSchedule,md4,gibbs_argmax,16,8,0.1,False,,7.9061146,0.0069291317
1,33,CosineSchedule,md4,gibbs_argmax,16,8,0.1,False,,7.9706078,0.0072362185
2,33,CosineSchedule,md4,gibbs_argmax,16,8,0.1,False,,7.9493227,0.007212596
3,33,CosineSchedule,md4,gibbs_argmax,16,8,0.1,False,,7.986523,0.007480312
4,33,CosineSchedule,md4,gibbs_argmax,16,8,0.1,False,,7.8373747,0.0076535405
0,33,CosineSchedule,md4,gibbs_argmax,16,8,0.5,False,,8.465049,0.0062834625
1,33,CosineSchedule,md4,gibbs_argmax,16,8,0.5,False,,8.53049,0.005992124
2,33,CosineSchedule,md4,gibbs_argmax,16,8,0.5,False,,8.376964,0.006212597
3,33,CosineSchedule,md4,gibbs_argmax,16,8,0.5,False,,8.367107,0.0060472423
4,33,CosineSchedule,md4,gibbs_argmax,16,8,0.5,False,,8.382998,0.0060157464
0,33,CosineSchedule,md4,gibbs_argmax,16,8,1.0,False,,8.970495,0.004307085
1,33,CosineSchedule,md4,gibbs_argmax,16,8,1.0,False,,9.110969,0.0043700775
2,33,CosineSchedule,md4,gibbs_argmax,16,8,1.0,False,,8.943543,0.004173227
3,33,CosineSchedule,md4,gibbs_argmax,16,8,1.0,False,,9.001407,0.0044488176
4,33,CosineSchedule,md4,gibbs_argmax,16,8,1.0,False,,8.863652,0.004598424
0,33,CosineSchedule,md4,gibbs_argmax,16,8,2.0,False,,9.118758,0.0037637784
1,33,CosineSchedule,md4,gibbs_argmax,16,8,2.0,False,,8.996978,0.0039606285
2,33,CosineSchedule,md4,gibbs_argmax,16,8,2.0,False,,9.005207,0.0037952745
3,33,CosineSchedule,md4,gibbs_argmax,16,8,2.0,False,,9.111618,0.0036771642
4,33,CosineSchedule,md4,gibbs_argmax,16,8,2.0,False,,8.909307,0.004228345
0,33,CosineSchedule,md4,gibbs_argmax,16,8,4.0,False,,8.758125,0.0042677154
1,33,CosineSchedule,md4,gibbs_argmax,16,8,4.0,False,,8.841611,0.003992125
2,33,CosineSchedule,md4,gibbs_argmax,16,8,4.0,False,,8.738991,0.0040866127
3,33,CosineSchedule,md4,gibbs_argmax,16,8,4.0,False,,8.817249,0.0038897626
4,33,CosineSchedule,md4,gibbs_argmax,16,8,4.0,False,,8.656252,0.004133857
0,33,CosineSchedule,md4,gibbs_argmax,16,16,0.01,False,,5.6634655,0.017519686
1,33,CosineSchedule,md4,gibbs_argmax,16,16,0.01,False,,5.7033377,0.017535437
2,33,CosineSchedule,md4,gibbs_argmax,16,16,0.01,False,,5.6682315,0.01755118
3,33,CosineSchedule,md4,gibbs_argmax,16,16,0.01,False,,5.696231,0.017944882
4,33,CosineSchedule,md4,gibbs_argmax,16,16,0.01,False,,5.6046944,0.017614178
0,33,CosineSchedule,md4,gibbs_argmax,16,16,0.1,False,,5.7155614,0.01730709
1,33,CosineSchedule,md4,gibbs_argmax,16,16,0.1,False,,5.7342534,0.017393705
2,33,CosineSchedule,md4,gibbs_argmax,16,16,0.1,False,,5.669738,0.018307088
3,33,CosineSchedule,md4,gibbs_argmax,16,16,0.1,False,,5.751,0.017748035
4,33,CosineSchedule,md4,gibbs_argmax,16,16,0.1,False,,5.663215,0.01733071
0,33,CosineSchedule,md4,gibbs_argmax,16,16,0.5,False,,6.3331847,0.013755907
1,33,CosineSchedule,md4,gibbs_argmax,16,16,0.5,False,,6.32974,0.012629923
2,33,CosineSchedule,md4,gibbs_argmax,16,16,0.5,False,,6.274817,0.013377952
3,33,CosineSchedule,md4,gibbs_argmax,16,16,0.5,False,,6.307283,0.013732287
4,33,CosineSchedule,md4,gibbs_argmax,16,16,0.5,False,,6.268978,0.013149606
0,33,CosineSchedule,md4,gibbs_argmax,16,16,1.0,False,,7.0906267,0.008692914
1,33,CosineSchedule,md4,gibbs_argmax,16,16,1.0,False,,7.077688,0.008283463
2,33,CosineSchedule,md4,gibbs_argmax,16,16,1.0,False,,7.0765142,0.008661415
3,33,CosineSchedule,md4,gibbs_argmax,16,16,1.0,False,,6.9587913,0.008503935
4,33,CosineSchedule,md4,gibbs_argmax,16,16,1.0,False,,6.9584126,0.008771652
0,33,CosineSchedule,md4,gibbs_argmax,16,16,2.0,False,,7.5157065,0.0064015724
1,33,CosineSchedule,md4,gibbs_argmax,16,16,2.0,False,,7.372847,0.0065905494
2,33,CosineSchedule,md4,gibbs_argmax,16,16,2.0,False,,7.44013,0.0065984232
3,33,CosineSchedule,md4,gibbs_argmax,16,16,2.0,False,,7.288464,0.0067637777
4,33,CosineSchedule,md4,gibbs_argmax,16,16,2.0,False,,7.2488394,0.0070866123
0,33,CosineSchedule,md4,gibbs_argmax,16,16,4.0,False,,7.467476,0.0061023603
1,33,CosineSchedule,md4,gibbs_argmax,16,16,4.0,False,,7.2971897,0.0064094467
2,33,CosineSchedule,md4,gibbs_argmax,16,16,4.0,False,,7.41986,0.0061181085
3,33,CosineSchedule,md4,gibbs_argmax,16,16,4.0,False,,7.3289437,0.0061968486
4,33,CosineSchedule,md4,gibbs_argmax,16,16,4.0,False,,7.2710752,0.0063228323
0,32,CosineSchedule,maskgit,none,32,,,True,0.01,22.873482,0.015944883
1,32,CosineSchedule,maskgit,none,32,,,True,0.01,23.255814,0.015740162
2,32,CosineSchedule,maskgit,none,32,,,True,0.01,23.607525,0.015291341
3,32,CosineSchedule,maskgit,none,32,,,True,0.01,22.804205,0.016102364
4,32,CosineSchedule,maskgit,none,32,,,True,0.01,23.426062,0.01511024
0,32,CosineSchedule,maskgit,none,32,,,True,0.1,22.691011,0.015700791
1,32,CosineSchedule,maskgit,none,32,,,True,0.1,23.121387,0.015590553
2,32,CosineSchedule,maskgit,none,32,,,True,0.1,22.743425,0.015850397
3,32,CosineSchedule,maskgit,none,32,,,True,0.1,22.972002,0.015543307
4,32,CosineSchedule,maskgit,none,32,,,True,0.1,22.848982,0.015409449
0,32,CosineSchedule,maskgit,none,32,,,True,0.5,12.770628,0.031362206
1,32,CosineSchedule,maskgit,none,32,,,True,0.5,12.709761,0.032031495
2,32,CosineSchedule,maskgit,none,32,,,True,0.5,12.729985,0.032157492
3,32,CosineSchedule,maskgit,none,32,,,True,0.5,12.523235,0.032755908
4,32,CosineSchedule,maskgit,none,32,,,True,0.5,12.400698,0.033527564
0,32,CosineSchedule,maskgit,none,32,,,True,1.0,8.524808,0.05199213
1,32,CosineSchedule,maskgit,none,32,,,True,1.0,8.635812,0.051598426
2,32,CosineSchedule,maskgit,none,32,,,True,1.0,8.551577,0.05122835
3,32,CosineSchedule,maskgit,none,32,,,True,1.0,8.551577,0.051677164
4,32,CosineSchedule,maskgit,none,32,,,True,1.0,8.572194,0.051023617
0,32,CosineSchedule,maskgit,none,32,,,True,2.0,7.056618,0.060244106
1,32,CosineSchedule,maskgit,none,32,,,True,2.0,7.114273,0.05955904
2,32,CosineSchedule,maskgit,none,32,,,True,2.0,7.0256324,0.060267713
3,32,CosineSchedule,maskgit,none,32,,,True,2.0,6.976998,0.06071654
4,32,CosineSchedule,maskgit,none,32,,,True,2.0,6.993389,0.060598426
0,32,CosineSchedule,maskgit,none,32,,,True,4.0,5.7096977,0.06862993
1,32,CosineSchedule,maskgit,none,32,,,True,4.0,5.7546196,0.068149604
2,32,CosineSchedule,maskgit,none,32,,,True,4.0,5.7314286,0.06703937
3,32,CosineSchedule,maskgit,none,32,,,True,4.0,5.6407547,0.069976375
4,32,CosineSchedule,maskgit,none,32,,,True,4.0,5.7119904,0.06797638
0,32,CosineSchedule,maskgit,none,32,,,False,0.01,22.7758,0.015976382
1,32,CosineSchedule,maskgit,none,32,,,False,0.01,23.125565,0.015496067
2,32,CosineSchedule,maskgit,none,32,,,False,0.01,23.361927,0.015645673
3,32,CosineSchedule,maskgit,none,32,,,False,0.01,22.61484,0.016220473
4,32,CosineSchedule,maskgit,none,32,,,False,0.01,23.067219,0.015188978
0,32,CosineSchedule,maskgit,none,32,,,False,0.1,19.559902,0.019417329
1,32,CosineSchedule,maskgit,none,32,,,False,0.1,19.835737,0.019062992
2,32,CosineSchedule,maskgit,none,32,,,False,0.1,19.7014,0.018976383
3,32,CosineSchedule,maskgit,none,32,,,False,0.1,19.774448,0.019653548
4,32,CosineSchedule,maskgit,none,32,,,False,0.1,19.731771,0.018763784
0,32,CosineSchedule,maskgit,none,32,,,False,0.5,6.2287107,0.06816535
1,32,CosineSchedule,maskgit,none,32,,,False,0.5,6.2778945,0.06687401
2,32,CosineSchedule,maskgit,none,32,,,False,0.5,6.267137,0.06762205
3,32,CosineSchedule,maskgit,none,32,,,False,0.5,6.219026,0.067511804
4,32,CosineSchedule,maskgit,none,32,,,False,0.5,6.2646832,0.06752757
0,32,CosineSchedule,maskgit,none,32,,,False,1.0,4.8674755,0.08151969
1,32,CosineSchedule,maskgit,none,32,,,False,1.0,4.883818,0.080228336
2,32,CosineSchedule,maskgit,none,32,,,False,1.0,4.8464656,0.0798189
3,32,CosineSchedule,maskgit,none,32,,,False,1.0,4.8634067,0.080653556
4,32,CosineSchedule,maskgit,none,32,,,False,1.0,4.8700676,0.07977165
0,32,CosineSchedule,maskgit,none,32,,,False,2.0,4.291558,0.08511023
1,32,CosineSchedule,maskgit,none,32,,,False,2.0,4.3167405,0.08522047
2,32,CosineSchedule,maskgit,none,32,,,False,2.0,4.3228636,0.08313384
3,32,CosineSchedule,maskgit,none,32,,,False,2.0,4.288538,0.08615748
4,32,CosineSchedule,maskgit,none,32,,,False,2.0,4.2986193,0.08456691
0,32,CosineSchedule,maskgit,none,32,,,False,4.0,4.023133,0.08659843
1,32,CosineSchedule,maskgit,none,32,,,False,4.0,4.029085,0.08661419
2,32,CosineSchedule,maskgit,none,32,,,False,4.0,4.058081,0.08483466
3,32,CosineSchedule,maskgit,none,32,,,False,4.0,4.023386,0.08665357
4,32,CosineSchedule,maskgit,none,32,,,False,4.0,4.040914,0.08640945
0,64,CosineSchedule,md4,none,64,,,False,,8.6986065,0.0020472435
1,64,CosineSchedule,md4,none,64,,,False,,8.742573,0.0021811018
2,64,CosineSchedule,md4,none,64,,,False,,8.708076,0.0020708656
3,64,CosineSchedule,md4,none,64,,,False,,8.747951,0.0021023615
4,64,CosineSchedule,md4,none,64,,,False,,8.66211,0.0021102356
0,64,CosineSchedule,md4,none,64,,,False,,8.6986065,0.0020472435
1,64,CosineSchedule,md4,none,64,,,False,,8.742573,0.0021811018
2,64,CosineSchedule,md4,none,64,,,False,,8.708076,0.0020708656
3,64,CosineSchedule,md4,none,64,,,False,,8.747951,0.0021023615
4,64,CosineSchedule,md4,none,64,,,False,,8.66211,0.0021102356
0,64,CosineSchedule,md4,gibbs,32,1,0.01,True,,9.974285,0.015960634
1,64,CosineSchedule,md4,gibbs,32,1,0.01,True,,9.981286,0.01618898
2,64,CosineSchedule,md4,gibbs,32,1,0.01,True,,9.968848,0.015850397
3,64,CosineSchedule,md4,gibbs,32,1,0.01,True,,9.915563,0.016574804
4,64,CosineSchedule,md4,gibbs,32,1,0.01,True,,10.083504,0.015566931
0,64,CosineSchedule,md4,gibbs,32,1,0.1,True,,10.048674,0.015566928
1,64,CosineSchedule,md4,gibbs,32,1,0.1,True,,10.097026,0.015629923
2,64,CosineSchedule,md4,gibbs,32,1,0.1,True,,10.046307,0.015574808
3,64,CosineSchedule,md4,gibbs,32,1,0.1,True,,9.955667,0.016220473
4,64,CosineSchedule,md4,gibbs,32,1,0.1,True,,9.961864,0.015748031
0,64,CosineSchedule,md4,gibbs,32,1,0.5,True,,9.784437,0.016015751
1,64,CosineSchedule,md4,gibbs,32,1,0.5,True,,9.76652,0.016259847
2,64,CosineSchedule,md4,gibbs,32,1,0.5,True,,9.74941,0.01640945
3,64,CosineSchedule,md4,gibbs,32,1,0.5,True,,9.859047,0.016125986
4,64,CosineSchedule,md4,gibbs,32,1,0.5,True,,9.770992,0.0156063
0,64,CosineSchedule,md4,gibbs,32,1,1.0,True,,9.379351,0.016984256
1,64,CosineSchedule,md4,gibbs,32,1,1.0,True,,9.514606,0.0164252
2,64,CosineSchedule,md4,gibbs,32,1,1.0,True,,9.163147,0.017464569
3,64,CosineSchedule,md4,gibbs,32,1,1.0,True,,9.436745,0.016614174
4,64,CosineSchedule,md4,gibbs,32,1,1.0,True,,9.266634,0.01711024
0,64,CosineSchedule,md4,gibbs,32,1,2.0,True,,8.619528,0.018551182
1,64,CosineSchedule,md4,gibbs,32,1,2.0,True,,8.7491455,0.01818898
2,64,CosineSchedule,md4,gibbs,32,1,2.0,True,,8.5430155,0.018724414
3,64,CosineSchedule,md4,gibbs,32,1,2.0,True,,8.784572,0.0176378
4,64,CosineSchedule,md4,gibbs,32,1,2.0,True,,8.607356,0.018574804
0,64,CosineSchedule,md4,gibbs,32,1,4.0,True,,8.044748,0.020283468
1,64,CosineSchedule,md4,gibbs,32,1,4.0,True,,8.034145,0.019787403
2,64,CosineSchedule,md4,gibbs,32,1,4.0,True,,7.8633733,0.020551184
3,64,CosineSchedule,md4,gibbs,32,1,4.0,True,,7.922754,0.020456696
4,64,CosineSchedule,md4,gibbs,32,1,4.0,True,,7.9212823,0.019976381
0,64,CosineSchedule,md4,gibbs,32,2,0.01,True,,9.002672,0.017496062
1,64,CosineSchedule,md4,gibbs,32,2,0.01,True,,9.009644,0.017803157
2,64,CosineSchedule,md4,gibbs,32,2,0.01,True,,9.042741,0.017598428
3,64,CosineSchedule,md4,gibbs,32,2,0.01,True,,8.91489,0.017858265
4,64,CosineSchedule,md4,gibbs,32,2,0.01,True,,9.078013,0.017362209
0,64,CosineSchedule,md4,gibbs,32,2,0.1,True,,9.122006,0.017322836
1,64,CosineSchedule,md4,gibbs,32,2,0.1,True,,8.977417,0.017834648
2,64,CosineSchedule,md4,gibbs,32,2,0.1,True,,9.162491,0.017157482
3,64,CosineSchedule,md4,gibbs,32,2,0.1,True,,9.003939,0.017952763
4,64,CosineSchedule,md4,gibbs,32,2,0.1,True,,9.046576,0.017606303
0,64,CosineSchedule,md4,gibbs,32,2,0.5,True,,8.966725,0.018259842
1,64,CosineSchedule,md4,gibbs,32,2,0.5,True,,8.846499,0.018598426
2,64,CosineSchedule,md4,gibbs,32,2,0.5,True,,9.148085,0.016874019
3,64,CosineSchedule,md4,gibbs,32,2,0.5,True,,9.046576,0.017472444
4,64,CosineSchedule,md4,gibbs,32,2,0.5,True,,8.907446,0.018157482
0,64,CosineSchedule,md4,gibbs,32,2,1.0,True,,8.911787,0.018212603
1,64,CosineSchedule,md4,gibbs,32,2,1.0,True,,8.961702,0.017811028
2,64,CosineSchedule,md4,gibbs,32,2,1.0,True,,8.919239,0.017456697
3,64,CosineSchedule,md4,gibbs,32,2,1.0,True,,8.905587,0.017692916
4,64,CosineSchedule,md4,gibbs,32,2,1.0,True,,8.839779,0.018023625
0,64,CosineSchedule,md4,gibbs,32,2,2.0,True,,8.570472,0.018795276
1,64,CosineSchedule,md4,gibbs,32,2,2.0,True,,8.634646,0.018157484
2,64,CosineSchedule,md4,gibbs,32,2,2.0,True,,8.493696,0.019417329
3,64,CosineSchedule,md4,gibbs,32,2,2.0,True,,8.641642,0.018220473
4,64,CosineSchedule,md4,gibbs,32,2,2.0,True,,8.518001,0.018370084
0,64,CosineSchedule,md4,gibbs,32,2,4.0,True,,7.971104,0.020000007
1,64,CosineSchedule,md4,gibbs,32,2,4.0,True,,8.041211,0.020015752
2,64,CosineSchedule,md4,gibbs,32,2,4.0,True,,8.077239,0.019622048
3,64,CosineSchedule,md4,gibbs,32,2,4.0,True,,8.155983,0.019472444
4,64,CosineSchedule,md4,gibbs,32,2,4.0,True,,7.9701114,0.019708669
0,64,CosineSchedule,md4,gibbs,32,4,0.01,True,,7.959704,0.020724412
1,64,CosineSchedule,md4,gibbs,32,4,0.01,True,,7.712702,0.022023624
2,64,CosineSchedule,md4,gibbs,32,4,0.01,True,,7.921773,0.020771656
3,64,CosineSchedule,md4,gibbs,32,4,0.01,True,,7.775955,0.021779532
4,64,CosineSchedule,md4,gibbs,32,4,0.01,True,,7.796321,0.021692915
0,64,CosineSchedule,md4,gibbs,32,4,0.1,True,,7.8340163,0.021362202
1,64,CosineSchedule,md4,gibbs,32,4,0.1,True,,7.797271,0.021188976
2,64,CosineSchedule,md4,gibbs,32,4,0.1,True,,7.8817735,0.020968508
3,64,CosineSchedule,md4,gibbs,32,4,0.1,True,,7.7444344,0.021826774
4,64,CosineSchedule,md4,gibbs,32,4,0.1,True,,7.764164,0.02180315
0,64,CosineSchedule,md4,gibbs,32,4,0.5,True,,7.933557,0.020724412
1,64,CosineSchedule,md4,gibbs,32,4,0.5,True,,7.861442,0.021220475
2,64,CosineSchedule,md4,gibbs,32,4,0.5,True,,7.9980006,0.020826772
3,64,CosineSchedule,md4,gibbs,32,4,0.5,True,,7.861925,0.021543313
4,64,CosineSchedule,md4,gibbs,32,4,0.5,True,,7.836895,0.021488197
0,64,CosineSchedule,md4,gibbs,32,4,1.0,True,,8.012519,0.0204252
1,64,CosineSchedule,md4,gibbs,32,4,1.0,True,,7.897335,0.021299213
2,64,CosineSchedule,md4,gibbs,32,4,1.0,True,,8.131631,0.020259844
3,64,CosineSchedule,md4,gibbs,32,4,1.0,True,,8.081828,0.020141734
4,64,CosineSchedule,md4,gibbs,32,4,1.0,True,,7.9193215,0.021086616
0,64,CosineSchedule,md4,gibbs,32,4,2.0,True,,8.058424,0.020409452
1,64,CosineSchedule,md4,gibbs,32,4,2.0,True,,8.035154,0.020700788
2,64,CosineSchedule,md4,gibbs,32,4,2.0,True,,7.9626746,0.021401577
3,64,CosineSchedule,md4,gibbs,32,4,2.0,True,,7.952286,0.021015752
4,64,CosineSchedule,md4,gibbs,32,4,2.0,True,,7.8321,0.021921262
0,64,CosineSchedule,md4,gibbs,32,4,4.0,True,,7.6213164,0.02168504
1,64,CosineSchedule,md4,gibbs,32,4,4.0,True,,7.7887306,0.021496067
2,64,CosineSchedule,md4,gibbs,32,4,4.0,True,,7.740219,0.021433074
3,64,CosineSchedule,md4,gibbs,32,4,4.0,True,,7.668345,0.022078738
4,64,CosineSchedule,md4,gibbs,32,4,4.0,True,,7.580244,0.02222835
0,64,CosineSchedule,md4,gibbs,32,8,0.01,True,,5.990546,0.03020472
1,64,CosineSchedule,md4,gibbs,32,8,0.01,True,,5.9604187,0.030275593
2,64,CosineSchedule,md4,gibbs,32,8,0.01,True,,6.04087,0.029448824
3,64,CosineSchedule,md4,gibbs,32,8,0.01,True,,5.9908266,0.02994488
4,64,CosineSchedule,md4,gibbs,32,8,0.01,True,,6.062328,0.029905511
0,64,CosineSchedule,md4,gibbs,32,8,0.1,True,,5.92154,0.030393705
1,64,CosineSchedule,md4,gibbs,32,8,0.1,True,,6.0232453,0.029559055
2,64,CosineSchedule,md4,gibbs,32,8,0.1,True,,6.0706663,0.02926772
3,64,CosineSchedule,md4,gibbs,32,8,0.1,True,,5.9989686,0.029984256
4,64,CosineSchedule,md4,gibbs,32,8,0.1,True,,6.06319,0.029094491
0,64,CosineSchedule,md4,gibbs,32,8,0.5,True,,6.033467,0.02955119
1,64,CosineSchedule,md4,gibbs,32,8,0.5,True,,6.163922,0.028755907
2,64,CosineSchedule,md4,gibbs,32,8,0.5,True,,6.204857,0.028393706
3,64,CosineSchedule,md4,gibbs,32,8,0.5,True,,6.046006,0.02952756
4,64,CosineSchedule,md4,gibbs,32,8,0.5,True,,6.1973467,0.028748028
0,64,CosineSchedule,md4,gibbs,32,8,1.0,True,,6.2561097,0.028385831
1,64,CosineSchedule,md4,gibbs,32,8,1.0,True,,6.4032016,0.028181104
2,64,CosineSchedule,md4,gibbs,32,8,1.0,True,,6.3404,0.02858268
3,64,CosineSchedule,md4,gibbs,32,8,1.0,True,,6.213291,0.028204722
4,64,CosineSchedule,md4,gibbs,32,8,1.0,True,,6.3653092,0.028157488
0,64,CosineSchedule,md4,gibbs,32,8,2.0,True,,6.629033,0.026425201
1,64,CosineSchedule,md4,gibbs,32,8,2.0,True,,6.7492747,0.026141737
2,64,CosineSchedule,md4,gibbs,32,8,2.0,True,,6.633499,0.027519684
3,64,CosineSchedule,md4,gibbs,32,8,2.0,True,,6.6143036,0.02637795
4,64,CosineSchedule,md4,gibbs,32,8,2.0,True,,6.563766,0.02776378
0,64,CosineSchedule,md4,gibbs,32,8,4.0,True,,6.727989,0.026440943
1,64,CosineSchedule,md4,gibbs,32,8,4.0,True,,6.852248,0.02570866
2,64,CosineSchedule,md4,gibbs,32,8,4.0,True,,6.7897305,0.02619685
3,64,CosineSchedule,md4,gibbs,32,8,4.0,True,,6.7290506,0.026417324
4,64,CosineSchedule,md4,gibbs,32,8,4.0,True,,6.64176,0.027204724
0,64,CosineSchedule,md4,gibbs,32,16,0.01,True,,4.3497467,0.04607875
1,64,CosineSchedule,md4,gibbs,32,16,0.01,True,,4.4321327,0.044787392
2,64,CosineSchedule,md4,gibbs,32,16,0.01,True,,4.396359,0.04582677
3,64,CosineSchedule,md4,gibbs,32,16,0.01,True,,4.4273806,0.04464567
4,64,CosineSchedule,md4,gibbs,32,16,0.01,True,,4.43459,0.045330703
0,64,CosineSchedule,md4,gibbs,32,16,0.1,True,,4.3290043,0.046338584
1,64,CosineSchedule,md4,gibbs,32,16,0.1,True,,4.4282994,0.044724412
2,64,CosineSchedule,md4,gibbs,32,16,0.1,True,,4.4162297,0.04491339
3,64,CosineSchedule,md4,gibbs,32,16,0.1,True,,4.431366,0.045173228
4,64,CosineSchedule,md4,gibbs,32,16,0.1,True,,4.4246254,0.045338575
0,64,CosineSchedule,md4,gibbs,32,16,0.5,True,,4.424014,0.04503149
1,64,CosineSchedule,md4,gibbs,32,16,0.5,True,,4.5292096,0.04394488
2,64,CosineSchedule,md4,gibbs,32,16,0.5,True,,4.4789696,0.044188976
3,64,CosineSchedule,md4,gibbs,32,16,0.5,True,,4.514195,0.043299217
4,64,CosineSchedule,md4,gibbs,32,16,0.5,True,,4.5348263,0.044464562
0,64,CosineSchedule,md4,gibbs,32,16,1.0,True,,4.6061387,0.044015747
1,64,CosineSchedule,md4,gibbs,32,16,1.0,True,,4.6754575,0.042314958
2,64,CosineSchedule,md4,gibbs,32,16,1.0,True,,4.6076317,0.043543313
3,64,CosineSchedule,md4,gibbs,32,16,1.0,True,,4.6553917,0.042496063
4,64,CosineSchedule,md4,gibbs,32,16,1.0,True,,4.6686363,0.042999994
0,64,CosineSchedule,md4,gibbs,32,16,2.0,True,,4.9647036,0.040401578
1,64,CosineSchedule,md4,gibbs,32,16,2.0,True,,4.8968973,0.041125987
2,64,CosineSchedule,md4,gibbs,32,16,2.0,True,,4.9871426,0.040291343
3,64,CosineSchedule,md4,gibbs,32,16,2.0,True,,4.940559,0.040811013
4,64,CosineSchedule,md4,gibbs,32,16,2.0,True,,4.975511,0.040039368
0,64,CosineSchedule,md4,gibbs,32,16,4.0,True,,5.22449,0.0375748
1,64,CosineSchedule,md4,gibbs,32,16,4.0,True,,5.179041,0.03837007
2,64,CosineSchedule,md4,gibbs,32,16,4.0,True,,5.225556,0.03886614
3,64,CosineSchedule,md4,gibbs,32,16,4.0,True,,5.2110896,0.038590543
4,64,CosineSchedule,md4,gibbs,32,16,4.0,True,,5.2677064,0.038007878
0,64,CosineSchedule,md4,gibbs,32,1,0.01,False,,14.225384,1.5748032e-05
1,64,CosineSchedule,md4,gibbs,32,1,0.01,False,,14.324082,0.0
2,64,CosineSchedule,md4,gibbs,32,1,0.01,False,,14.252311,7.874016e-06
3,64,CosineSchedule,md4,gibbs,32,1,0.01,False,,14.228546,0.0
4,64,CosineSchedule,md4,gibbs,32,1,0.01,False,,14.320877,1.5748032e-05
0,64,CosineSchedule,md4,gibbs,32,1,0.1,False,,14.134275,7.874016e-06
1,64,CosineSchedule,md4,gibbs,32,1,0.1,False,,14.282526,7.874016e-06
2,64,CosineSchedule,md4,gibbs,32,1,0.1,False,,14.193834,0.0
3,64,CosineSchedule,md4,gibbs,32,1,0.1,False,,14.314472,7.874016e-06
4,64,CosineSchedule,md4,gibbs,32,1,0.1,False,,14.062843,1.5748032e-05
0,64,CosineSchedule,md4,gibbs,32,1,0.5,False,,13.483621,7.874016e-06
1,64,CosineSchedule,md4,gibbs,32,1,0.5,False,,13.573701,0.0
2,64,CosineSchedule,md4,gibbs,32,1,0.5,False,,13.28352,7.874016e-06
3,64,CosineSchedule,md4,gibbs,32,1,0.5,False,,13.456686,7.874016e-06
4,64,CosineSchedule,md4,gibbs,32,1,0.5,False,,13.35002,0.0
0,64,CosineSchedule,md4,gibbs,32,1,1.0,False,,12.336161,1.5748032e-05
1,64,CosineSchedule,md4,gibbs,32,1,1.0,False,,12.381505,7.874016e-06
2,64,CosineSchedule,md4,gibbs,32,1,1.0,False,,12.202097,7.874016e-06
3,64,CosineSchedule,md4,gibbs,32,1,1.0,False,,12.465914,0.0
4,64,CosineSchedule,md4,gibbs,32,1,1.0,False,,12.265235,0.0
0,64,CosineSchedule,md4,gibbs,32,1,2.0,False,,11.325429,2.3622048e-05
1,64,CosineSchedule,md4,gibbs,32,1,2.0,False,,11.180016,1.5748032e-05
2,64,CosineSchedule,md4,gibbs,32,1,2.0,False,,11.130434,0.0
3,64,CosineSchedule,md4,gibbs,32,1,2.0,False,,11.149825,0.0
4,64,CosineSchedule,md4,gibbs,32,1,2.0,False,,11.176111,1.5748032e-05
0,64,CosineSchedule,md4,gibbs,32,1,4.0,False,,10.258876,1.5748032e-05
1,64,CosineSchedule,md4,gibbs,32,1,4.0,False,,10.19839,1.5748032e-05
2,64,CosineSchedule,md4,gibbs,32,1,4.0,False,,10.002344,0.0
3,64,CosineSchedule,md4,gibbs,32,1,4.0,False,,10.122579,0.0
4,64,CosineSchedule,md4,gibbs,32,1,4.0,False,,10.100213,2.3622048e-05
0,64,CosineSchedule,md4,gibbs,32,2,0.01,False,,12.551481,0.00023622042
1,64,CosineSchedule,md4,gibbs,32,2,0.01,False,,12.487804,0.00026771644
2,64,CosineSchedule,md4,gibbs,32,2,0.01,False,,12.553944,0.00025196845
3,64,CosineSchedule,md4,gibbs,32,2,0.01,False,,12.46106,0.00015748027
4,64,CosineSchedule,md4,gibbs,32,2,0.01,False,,12.618297,0.00021259839
0,64,CosineSchedule,md4,gibbs,32,2,0.1,False,,12.646972,0.00024409444
1,64,CosineSchedule,md4,gibbs,32,2,0.1,False,,12.454996,0.00033858258
2,64,CosineSchedule,md4,gibbs,32,2,0.1,False,,12.608353,0.00032283456
3,64,CosineSchedule,md4,gibbs,32,2,0.1,False,,12.474418,0.00022834644
4,64,CosineSchedule,md4,gibbs,32,2,0.1,False,,12.517113,0.00025984246
0,64,CosineSchedule,md4,gibbs,32,2,0.5,False,,12.447729,0.00014173228
1,64,CosineSchedule,md4,gibbs,32,2,0.5,False,,12.663238,0.00014960626
2,64,CosineSchedule,md4,gibbs,32,2,0.5,False,,12.507329,0.0001102362
3,64,CosineSchedule,md4,gibbs,32,2,0.5,False,,12.533047,0.00019685036
4,64,CosineSchedule,md4,gibbs,32,2,0.5,False,,12.491461,0.00010236219
0,64,CosineSchedule,md4,gibbs,32,2,1.0,False,,12.170772,8.661416e-05
1,64,CosineSchedule,md4,gibbs,32,2,1.0,False,,12.162675,9.4488176e-05
2,64,CosineSchedule,md4,gibbs,32,2,1.0,False,,12.140757,3.937008e-05
3,64,CosineSchedule,md4,gibbs,32,2,1.0,False,,12.233584,6.299213e-05
4,64,CosineSchedule,md4,gibbs,32,2,1.0,False,,12.042526,6.299213e-05
0,64,CosineSchedule,md4,gibbs,32,2,2.0,False,,11.145942,3.1496063e-05
1,64,CosineSchedule,md4,gibbs,32,2,2.0,False,,11.32643,2.3622048e-05
2,64,CosineSchedule,md4,gibbs,32,2,2.0,False,,11.309419,2.3622048e-05
3,64,CosineSchedule,md4,gibbs,32,2,2.0,False,,11.285487,3.1496063e-05
4,64,CosineSchedule,md4,gibbs,32,2,2.0,False,,11.165387,2.3622048e-05
0,64,CosineSchedule,md4,gibbs,32,2,4.0,False,,10.246558,3.937008e-05
1,64,CosineSchedule,md4,gibbs,32,2,4.0,False,,10.261343,6.299213e-05
2,64,CosineSchedule,md4,gibbs,32,2,4.0,False,,10.299324,1.5748032e-05
3,64,CosineSchedule,md4,gibbs,32,2,4.0,False,,10.421756,7.874016e-06
4,64,CosineSchedule,md4,gibbs,32,2,4.0,False,,10.120176,2.3622048e-05
0,64,CosineSchedule,md4,gibbs,32,4,0.01,False,,10.82544,0.0010393698
1,64,CosineSchedule,md4,gibbs,32,4,0.01,False,,10.64272,0.0008897635
2,64,CosineSchedule,md4,gibbs,32,4,0.01,False,,10.8272705,0.0009212596
3,64,CosineSchedule,md4,gibbs,32,4,0.01,False,,10.698763,0.0010078738
4,64,CosineSchedule,md4,gibbs,32,4,0.01,False,,10.644491,0.00094488164
0,64,CosineSchedule,md4,gibbs,32,4,0.1,False,,10.684474,0.0010236219
1,64,CosineSchedule,md4,gibbs,32,4,0.1,False,,10.727456,0.0010393698
2,64,CosineSchedule,md4,gibbs,32,4,0.1,False,,10.718473,0.0009999997
3,64,CosineSchedule,md4,gibbs,32,4,0.1,False,,10.838273,0.0009921257
4,64,CosineSchedule,md4,gibbs,32,4,0.1,False,,10.746369,0.0009921258
0,64,CosineSchedule,md4,gibbs,32,4,0.5,False,,11.2537365,0.00086614146
1,64,CosineSchedule,md4,gibbs,32,4,0.5,False,,11.2399025,0.0008346454
2,64,CosineSchedule,md4,gibbs,32,4,0.5,False,,11.32643,0.0007007873
3,64,CosineSchedule,md4,gibbs,32,4,0.5,False,,11.115935,0.0010314957
4,64,CosineSchedule,md4,gibbs,32,4,0.5,False,,11.17416,0.0006456691
0,64,CosineSchedule,md4,gibbs,32,4,1.0,False,,11.430613,0.00031496055
1,64,CosineSchedule,md4,gibbs,32,4,1.0,False,,11.47159,0.00037795265
2,64,CosineSchedule,md4,gibbs,32,4,1.0,False,,11.451065,0.00030708654
3,64,CosineSchedule,md4,gibbs,32,4,1.0,False,,11.489094,0.00035433064
4,64,CosineSchedule,md4,gibbs,32,4,1.0,False,,11.291461,0.0003385826
0,64,CosineSchedule,md4,gibbs,32,4,2.0,False,,10.860344,0.00024409444
1,64,CosineSchedule,md4,gibbs,32,4,2.0,False,,10.995619,0.00011811023
2,64,CosineSchedule,md4,gibbs,32,4,2.0,False,,11.064051,0.00018110235
3,64,CosineSchedule,md4,gibbs,32,4,2.0,False,,10.910331,0.00016535429
4,64,CosineSchedule,md4,gibbs,32,4,2.0,False,,10.728354,0.00011811023
0,64,CosineSchedule,md4,gibbs,32,4,4.0,False,,10.049462,0.00012598424
1,64,CosineSchedule,md4,gibbs,32,4,4.0,False,,10.19027,6.299213e-05
2,64,CosineSchedule,md4,gibbs,32,4,4.0,False,,10.314262,7.874015e-05
3,64,CosineSchedule,md4,gibbs,32,4,4.0,False,,10.255589,0.00013385824
4,64,CosineSchedule,md4,gibbs,32,4,4.0,False,,10.10819,5.511811e-05
0,64,CosineSchedule,md4,gibbs,32,8,0.01,False,,7.9855266,0.003456692
1,64,CosineSchedule,md4,gibbs,32,8,0.01,False,,7.98453,0.0032440936
2,64,CosineSchedule,md4,gibbs,32,8,0.01,False,,8.029105,0.0033779517
3,64,CosineSchedule,md4,gibbs,32,8,0.01,False,,7.9985,0.0035826762
4,64,CosineSchedule,md4,gibbs,32,8,0.01,False,,8.085913,0.0036771642
0,64,CosineSchedule,md4,gibbs,32,8,0.1,False,,7.9517913,0.0036220462
1,64,CosineSchedule,md4,gibbs,32,8,0.1,False,,8.029105,0.0035826762
2,64,CosineSchedule,md4,gibbs,32,8,0.1,False,,8.097678,0.0033070857
3,64,CosineSchedule,md4,gibbs,32,8,0.1,False,,7.9706078,0.003692912
4,64,CosineSchedule,md4,gibbs,32,8,0.1,False,,8.067566,0.0038818885
0,64,CosineSchedule,md4,gibbs,32,8,0.5,False,,8.681498,0.0027007866
1,64,CosineSchedule,md4,gibbs,32,8,0.5,False,,8.7695265,0.0027086607
2,64,CosineSchedule,md4,gibbs,32,8,0.5,False,,8.731241,0.0026377947
3,64,CosineSchedule,md4,gibbs,32,8,0.5,False,,8.635228,0.0025590544
4,64,CosineSchedule,md4,gibbs,32,8,0.5,False,,8.92297,0.0026692904
0,64,CosineSchedule,md4,gibbs,32,8,1.0,False,,9.554378,0.001102362
1,64,CosineSchedule,md4,gibbs,32,8,1.0,False,,9.51956,0.0012440941
2,64,CosineSchedule,md4,gibbs,32,8,1.0,False,,9.656006,0.0011338579
3,64,CosineSchedule,md4,gibbs,32,8,1.0,False,,9.485698,0.0012047241
4,64,CosineSchedule,md4,gibbs,32,8,1.0,False,,9.528772,0.0010314957
0,64,CosineSchedule,md4,gibbs,32,8,2.0,False,,9.705793,0.0004409448
1,64,CosineSchedule,md4,gibbs,32,8,2.0,False,,9.76801,0.000566929
2,64,CosineSchedule,md4,gibbs,32,8,2.0,False,,9.619721,0.0004803148
3,64,CosineSchedule,md4,gibbs,32,8,2.0,False,,9.619721,0.0006299211
4,64,CosineSchedule,md4,gibbs,32,8,2.0,False,,9.590889,0.000551181
0,64,CosineSchedule,md4,gibbs,32,8,4.0,False,,9.191441,0.00042519675
1,64,CosineSchedule,md4,gibbs,32,8,4.0,False,,9.325367,0.00037007866
2,64,CosineSchedule,md4,gibbs,32,8,4.0,False,,9.282089,0.0003385826
3,64,CosineSchedule,md4,gibbs,32,8,4.0,False,,9.1070795,0.00039370073
4,64,CosineSchedule,md4,gibbs,32,8,4.0,False,,9.208633,0.00034645663
0,64,CosineSchedule,md4,gibbs,32,16,0.01,False,,5.476873,0.012299214
1,64,CosineSchedule,md4,gibbs,32,16,0.01,False,,5.559416,0.012897639
2,64,CosineSchedule,md4,gibbs,32,16,0.01,False,,5.5368114,0.011937009
3,64,CosineSchedule,md4,gibbs,32,16,0.01,False,,5.554591,0.012511814
4,64,CosineSchedule,md4,gibbs,32,16,0.01,False,,5.60543,0.012511813
0,64,CosineSchedule,md4,gibbs,32,16,0.1,False,,5.4909697,0.011440946
1,64,CosineSchedule,md4,gibbs,32,16,0.1,False,,5.543285,0.012574806
2,64,CosineSchedule,md4,gibbs,32,16,0.1,False,,5.5120144,0.012133861
3,64,CosineSchedule,md4,gibbs,32,16,0.1,False,,5.573699,0.012496065
4,64,CosineSchedule,md4,gibbs,32,16,0.1,False,,5.6147738,0.012251969
0,64,CosineSchedule,md4,gibbs,32,16,0.5,False,,6.203955,0.008472439
1,64,CosineSchedule,md4,gibbs,32,16,0.5,False,,6.245121,0.00802362
2,64,CosineSchedule,md4,gibbs,32,16,0.5,False,,6.2187243,0.008251967
3,64,CosineSchedule,md4,gibbs,32,16,0.5,False,,6.237513,0.008031494
4,64,CosineSchedule,md4,gibbs,32,16,0.5,False,,6.3063507,0.007921257
0,64,CosineSchedule,md4,gibbs,32,16,1.0,False,,7.1036124,0.0031653536
1,64,CosineSchedule,md4,gibbs,32,16,1.0,False,,7.178107,0.00347244
2,64,CosineSchedule,md4,gibbs,32,16,1.0,False,,7.2595286,0.0033307078
3,64,CosineSchedule,md4,gibbs,32,16,1.0,False,,7.1456485,0.0035984241
4,64,CosineSchedule,md4,gibbs,32,16,1.0,False,,7.234908,0.003614172
0,64,CosineSchedule,md4,gibbs,32,16,2.0,False,,7.525428,0.0020078735
1,64,CosineSchedule,md4,gibbs,32,16,2.0,False,,7.593735,0.0020472435
2,64,CosineSchedule,md4,gibbs,32,16,2.0,False,,7.6858406,0.0018188971
3,64,CosineSchedule,md4,gibbs,32,16,2.0,False,,7.5815907,0.0019685032
4,64,CosineSchedule,md4,gibbs,32,16,2.0,False,,7.690459,0.001748031
0,64,CosineSchedule,md4,gibbs,32,16,4.0,False,,7.5694857,0.0013228343
1,64,CosineSchedule,md4,gibbs,32,16,4.0,False,,7.5302978,0.0013937005
2,64,CosineSchedule,md4,gibbs,32,16,4.0,False,,7.7467766,0.0012519682
3,64,CosineSchedule,md4,gibbs,32,16,4.0,False,,7.5011725,0.0012992122
4,64,CosineSchedule,md4,gibbs,32,16,4.0,False,,7.7196794,0.0012598422
0,65,CosineSchedule,md4,gibbs_argmax,32,1,0.01,True,,10.124981,0.015968507
1,65,CosineSchedule,md4,gibbs_argmax,32,1,0.01,True,,10.132996,0.015834648
2,65,CosineSchedule,md4,gibbs_argmax,32,1,0.01,True,,10.138614,0.015842523
3,65,CosineSchedule,md4,gibbs_argmax,32,1,0.01,True,,10.038428,0.016307088
4,65,CosineSchedule,md4,gibbs_argmax,32,1,0.01,True,,10.226909,0.015527562
0,65,CosineSchedule,md4,gibbs_argmax,32,1,0.1,True,,10.182165,0.015590552
1,65,CosineSchedule,md4,gibbs_argmax,32,1,0.1,True,,10.251482,0.015393705
2,65,CosineSchedule,md4,gibbs_argmax,32,1,0.1,True,,10.231814,0.0155118145
3,65,CosineSchedule,md4,gibbs_argmax,32,1,0.1,True,,10.122579,0.016204726
4,65,CosineSchedule,md4,gibbs_argmax,32,1,0.1,True,,10.10819,0.015598427
0,65,CosineSchedule,md4,gibbs_argmax,32,1,0.5,True,,9.976617,0.015984254
1,65,CosineSchedule,md4,gibbs_argmax,32,1,0.5,True,,9.95257,0.016196854
2,65,CosineSchedule,md4,gibbs_argmax,32,1,0.5,True,,9.935575,0.016236223
3,65,CosineSchedule,md4,gibbs_argmax,32,1,0.5,True,,10.040003,0.016133862
4,65,CosineSchedule,md4,gibbs_argmax,32,1,0.5,True,,9.945611,0.015519687
0,65,CosineSchedule,md4,gibbs_argmax,32,1,1.0,True,,9.592325,0.016803153
1,65,CosineSchedule,md4,gibbs_argmax,32,1,1.0,True,,9.712421,0.016236221
2,65,CosineSchedule,md4,gibbs_argmax,32,1,1.0,True,,9.370425,0.017330708
3,65,CosineSchedule,md4,gibbs_argmax,32,1,1.0,True,,9.599521,0.01654331
4,65,CosineSchedule,md4,gibbs_argmax,32,1,1.0,True,,9.45068,0.017062996
0,65,CosineSchedule,md4,gibbs_argmax,32,1,2.0,True,,8.865495,0.018456696
1,65,CosineSchedule,md4,gibbs_argmax,32,1,2.0,True,,8.967353,0.01816536
2,65,CosineSchedule,md4,gibbs_argmax,32,1,2.0,True,,8.749743,0.018582677
3,65,CosineSchedule,md4,gibbs_argmax,32,1,2.0,True,,8.971124,0.017614176
4,65,CosineSchedule,md4,gibbs_argmax,32,1,2.0,True,,8.80088,0.018322838
0,65,CosineSchedule,md4,gibbs_argmax,32,1,4.0,True,,8.269802,0.02011024
1,65,CosineSchedule,md4,gibbs_argmax,32,1,4.0,True,,8.256999,0.019740159
2,65,CosineSchedule,md4,gibbs_argmax,32,1,4.0,True,,8.09307,0.02058268
3,65,CosineSchedule,md4,gibbs_argmax,32,1,4.0,True,,8.11102,0.020338587
4,65,CosineSchedule,md4,gibbs_argmax,32,1,4.0,True,,8.112048,0.019748034
0,65,CosineSchedule,md4,gibbs_argmax,32,2,0.01,True,,9.190121,0.01766929
1,65,CosineSchedule,md4,gibbs_argmax,32,2,0.01,True,,9.203999,0.017645668
2,65,CosineSchedule,md4,gibbs_argmax,32,2,0.01,True,,9.222567,0.017685045
3,65,CosineSchedule,md4,gibbs_argmax,32,2,0.01,True,,9.139593,0.01770079
4,65,CosineSchedule,md4,gibbs_argmax,32,2,0.01,True,,9.287477,0.01766142
0,65,CosineSchedule,md4,gibbs_argmax,32,2,0.1,True,,9.3179,0.01758268
1,65,CosineSchedule,md4,gibbs_argmax,32,2,0.1,True,,9.192101,0.017826771
2,65,CosineSchedule,md4,gibbs_argmax,32,2,0.1,True,,9.36357,0.017220475
3,65,CosineSchedule,md4,gibbs_argmax,32,2,0.1,True,,9.212609,0.017629923
4,65,CosineSchedule,md4,gibbs_argmax,32,2,0.1,True,,9.287477,0.017653545
0,65,CosineSchedule,md4,gibbs_argmax,32,2,0.5,True,,9.150047,0.018007876
1,65,CosineSchedule,md4,gibbs_argmax,32,2,0.5,True,,9.051054,0.018692914
2,65,CosineSchedule,md4,gibbs_argmax,32,2,0.5,True,,9.34989,0.016771656
3,65,CosineSchedule,md4,gibbs_argmax,32,2,0.5,True,,9.25859,0.017267719
4,65,CosineSchedule,md4,gibbs_argmax,32,2,0.5,True,,9.123307,0.018149607
0,65,CosineSchedule,md4,gibbs_argmax,32,2,1.0,True,,9.123958,0.017968507
1,65,CosineSchedule,md4,gibbs_argmax,32,2,1.0,True,,9.17497,0.017614176
2,65,CosineSchedule,md4,gibbs_argmax,32,2,1.0,True,,9.131769,0.01762205
3,65,CosineSchedule,md4,gibbs_argmax,32,2,1.0,True,,9.095431,0.01774016
4,65,CosineSchedule,md4,gibbs_argmax,32,2,1.0,True,,9.04338,0.017960628
0,65,CosineSchedule,md4,gibbs_argmax,32,2,2.0,True,,8.79302,0.018685045
1,65,CosineSchedule,md4,gibbs_argmax,32,2,2.0,True,,8.865495,0.01823622
2,65,CosineSchedule,md4,gibbs_argmax,32,2,2.0,True,,8.721723,0.019488195
3,65,CosineSchedule,md4,gibbs_argmax,32,2,2.0,True,,8.867336,0.01771654
4,65,CosineSchedule,md4,gibbs_argmax,32,2,2.0,True,,8.75513,0.018165357
0,65,CosineSchedule,md4,gibbs_argmax,32,2,4.0,True,,8.197771,0.0200315
1,65,CosineSchedule,md4,gibbs_argmax,32,2,4.0,True,,8.255935,0.020425197
2,65,CosineSchedule,md4,gibbs_argmax,32,2,4.0,True,,8.307913,0.019551186
3,65,CosineSchedule,md4,gibbs_argmax,32,2,4.0,True,,8.369295,0.019440945
4,65,CosineSchedule,md4,gibbs_argmax,32,2,4.0,True,,8.227807,0.019708669
0,65,CosineSchedule,md4,gibbs_argmax,32,4,0.01,True,,8.236278,0.020921258
1,65,CosineSchedule,md4,gibbs_argmax,32,4,0.01,True,,7.9601984,0.022094492
2,65,CosineSchedule,md4,gibbs_argmax,32,4,0.01,True,,8.188855,0.0208189
3,65,CosineSchedule,md4,gibbs_argmax,32,4,0.01,True,,8.073163,0.021755911
4,65,CosineSchedule,md4,gibbs_argmax,32,4,0.01,True,,8.054367,0.02155906
0,65,CosineSchedule,md4,gibbs_argmax,32,4,0.1,True,,8.115133,0.021212602
1,65,CosineSchedule,md4,gibbs_argmax,32,4,0.1,True,,8.06655,0.02136221
2,65,CosineSchedule,md4,gibbs_argmax,32,4,0.1,True,,8.118221,0.020803154
3,65,CosineSchedule,md4,gibbs_argmax,32,4,0.1,True,,8.02206,0.021755911
4,65,CosineSchedule,md4,gibbs_argmax,32,4,0.1,True,,8.053354,0.021511815
0,65,CosineSchedule,md4,gibbs_argmax,32,4,0.5,True,,8.190428,0.020834645
1,65,CosineSchedule,md4,gibbs_argmax,32,4,0.5,True,,8.1378355,0.020842522
2,65,CosineSchedule,md4,gibbs_argmax,32,4,0.5,True,,8.226749,0.020826776
3,65,CosineSchedule,md4,gibbs_argmax,32,4,0.5,True,,8.146121,0.021188978
4,65,CosineSchedule,md4,gibbs_argmax,32,4,0.5,True,,8.130598,0.021149611
0,65,CosineSchedule,md4,gibbs_argmax,32,4,1.0,True,,8.268734,0.02083465
1,65,CosineSchedule,md4,gibbs_argmax,32,4,1.0,True,,8.158063,0.021055123
2,65,CosineSchedule,md4,gibbs_argmax,32,4,1.0,True,,8.381351,0.020157486
3,65,CosineSchedule,md4,gibbs_argmax,32,4,1.0,True,,8.331706,0.020291343
4,65,CosineSchedule,md4,gibbs_argmax,32,4,1.0,True,,8.178391,0.020622047
0,65,CosineSchedule,md4,gibbs_argmax,32,4,2.0,True,,8.306294,0.020338591
1,65,CosineSchedule,md4,gibbs_argmax,32,4,2.0,True,,8.241051,0.020700788
2,65,CosineSchedule,md4,gibbs_argmax,32,4,2.0,True,,8.217243,0.02138583
3,65,CosineSchedule,md4,gibbs_argmax,32,4,2.0,True,,8.22041,0.020771656
4,65,CosineSchedule,md4,gibbs_argmax,32,4,2.0,True,,8.061977,0.021708664
0,65,CosineSchedule,md4,gibbs_argmax,32,4,4.0,True,,7.8268313,0.022133857
1,65,CosineSchedule,md4,gibbs_argmax,32,4,4.0,True,,8.013021,0.021433072
2,65,CosineSchedule,md4,gibbs_argmax,32,4,4.0,True,,7.9875197,0.02171654
3,65,CosineSchedule,md4,gibbs_argmax,32,4,4.0,True,,7.8934383,0.021708664
4,65,CosineSchedule,md4,gibbs_argmax,32,4,4.0,True,,7.844099,0.021803154
0,65,CosineSchedule,md4,gibbs_argmax,32,8,0.01,True,,6.3188033,0.029960634
1,65,CosineSchedule,md4,gibbs_argmax,32,8,0.01,True,,6.254886,0.030000003
2,65,CosineSchedule,md4,gibbs_argmax,32,8,0.01,True,,6.323798,0.029425196
3,65,CosineSchedule,md4,gibbs_argmax,32,8,0.01,True,,6.316309,0.029425202
4,65,CosineSchedule,md4,gibbs_argmax,32,8,0.01,True,,6.365626,0.030188978
0,65,CosineSchedule,md4,gibbs_argmax,32,8,0.1,True,,6.2220497,0.030377956
1,65,CosineSchedule,md4,gibbs_argmax,32,8,0.1,True,,6.3241105,0.029582677
2,65,CosineSchedule,md4,gibbs_argmax,32,8,0.1,True,,6.33632,0.029118111
3,65,CosineSchedule,md4,gibbs_argmax,32,8,0.1,True,,6.2958045,0.029677168
4,65,CosineSchedule,md4,gibbs_argmax,32,8,0.1,True,,6.3741846,0.029212601
0,65,CosineSchedule,md4,gibbs_argmax,32,8,0.5,True,,6.316932,0.029023621
1,65,CosineSchedule,md4,gibbs_argmax,32,8,0.5,True,,6.4721646,0.028598424
2,65,CosineSchedule,md4,gibbs_argmax,32,8,0.5,True,,6.4718375,0.028740168
3,65,CosineSchedule,md4,gibbs_argmax,32,8,0.5,True,,6.3463736,0.02961418
4,65,CosineSchedule,md4,gibbs_argmax,32,8,0.5,True,,6.5156527,0.028692922
0,65,CosineSchedule,md4,gibbs_argmax,32,8,1.0,True,,6.5110126,0.02828347
1,65,CosineSchedule,md4,gibbs_argmax,32,8,1.0,True,,6.6694455,0.027267719
2,65,CosineSchedule,md4,gibbs_argmax,32,8,1.0,True,,6.6204615,0.028023627
3,65,CosineSchedule,md4,gibbs_argmax,32,8,1.0,True,,6.5120063,0.028181106
4,65,CosineSchedule,md4,gibbs_argmax,32,8,1.0,True,,6.687216,0.028291345
0,65,CosineSchedule,md4,gibbs_argmax,32,8,2.0,True,,6.9204154,0.026220478
1,65,CosineSchedule,md4,gibbs_argmax,32,8,2.0,True,,7.0213933,0.026149606
2,65,CosineSchedule,md4,gibbs_argmax,32,8,2.0,True,,6.906972,0.027519686
3,65,CosineSchedule,md4,gibbs_argmax,32,8,2.0,True,,6.8902407,0.0263937
4,65,CosineSchedule,md4,gibbs_argmax,32,8,2.0,True,,6.8197556,0.027952759
0,65,CosineSchedule,md4,gibbs_argmax,32,8,4.0,True,,6.9956822,0.02614961
1,65,CosineSchedule,md4,gibbs_argmax,32,8,4.0,True,,7.1004605,0.02592914
2,65,CosineSchedule,md4,gibbs_argmax,32,8,4.0,True,,7.029491,0.026220467
3,65,CosineSchedule,md4,gibbs_argmax,32,8,4.0,True,,7.0113935,0.026629921
4,65,CosineSchedule,md4,gibbs_argmax,32,8,4.0,True,,6.9043636,0.027023626
0,65,CosineSchedule,md4,gibbs_argmax,32,16,0.01,True,,4.6418858,0.045425206
1,65,CosineSchedule,md4,gibbs_argmax,32,16,0.01,True,,4.724293,0.044708654
2,65,CosineSchedule,md4,gibbs_argmax,32,16,0.01,True,,4.688645,0.045086607
3,65,CosineSchedule,md4,gibbs_argmax,32,16,0.01,True,,4.701561,0.04451969
4,65,CosineSchedule,md4,gibbs_argmax,32,16,0.01,True,,4.7311034,0.045165356
0,65,CosineSchedule,md4,gibbs_argmax,32,16,0.1,True,,4.6229415,0.045921255
1,65,CosineSchedule,md4,gibbs_argmax,32,16,0.1,True,,4.7161117,0.045606297
2,65,CosineSchedule,md4,gibbs_argmax,32,16,0.1,True,,4.6846976,0.04525984
3,65,CosineSchedule,md4,gibbs_argmax,32,16,0.1,True,,4.7154174,0.044834647
4,65,CosineSchedule,md4,gibbs_argmax,32,16,0.1,True,,4.7065744,0.045393698
0,65,CosineSchedule,md4,gibbs_argmax,32,16,0.5,True,,4.697248,0.045125984
1,65,CosineSchedule,md4,gibbs_argmax,32,16,0.5,True,,4.826182,0.04383464
2,65,CosineSchedule,md4,gibbs_argmax,32,16,0.5,True,,4.7488313,0.04459842
3,65,CosineSchedule,md4,gibbs_argmax,32,16,0.5,True,,4.7968817,0.04340157
4,65,CosineSchedule,md4,gibbs_argmax,32,16,0.5,True,,4.8214555,0.04402362
0,65,CosineSchedule,md4,gibbs_argmax,32,16,1.0,True,,4.8782344,0.04313386
1,65,CosineSchedule,md4,gibbs_argmax,32,16,1.0,True,,4.982871,0.042346455
2,65,CosineSchedule,md4,gibbs_argmax,32,16,1.0,True,,4.9079757,0.04328347
3,65,CosineSchedule,md4,gibbs_argmax,32,16,1.0,True,,4.943612,0.042291332
4,65,CosineSchedule,md4,gibbs_argmax,32,16,1.0,True,,4.9627795,0.04322046
0,65,CosineSchedule,md4,gibbs_argmax,32,16,2.0,True,,5.2274766,0.04045669
1,65,CosineSchedule,md4,gibbs_argmax,32,16,2.0,True,,5.1777844,0.041346453
2,65,CosineSchedule,md4,gibbs_argmax,32,16,2.0,True,,5.269658,0.039992124
3,65,CosineSchedule,md4,gibbs_argmax,32,16,2.0,True,,5.19333,0.040984247
4,65,CosineSchedule,md4,gibbs_argmax,32,16,2.0,True,,5.2586174,0.040220466
0,65,CosineSchedule,md4,gibbs_argmax,32,16,4.0,True,,5.5032463,0.03785039
1,65,CosineSchedule,md4,gibbs_argmax,32,16,4.0,True,,5.449823,0.038464565
2,65,CosineSchedule,md4,gibbs_argmax,32,16,4.0,True,,5.509642,0.03858268
3,65,CosineSchedule,md4,gibbs_argmax,32,16,4.0,True,,5.4860277,0.038748026
4,65,CosineSchedule,md4,gibbs_argmax,32,16,4.0,True,,5.538728,0.037708662
0,65,CosineSchedule,md4,gibbs_argmax,32,1,0.01,False,,14.359434,0.0006850392
1,65,CosineSchedule,md4,gibbs_argmax,32,1,0.01,False,,14.432291,0.00053543295
2,65,CosineSchedule,md4,gibbs_argmax,32,1,0.01,False,,14.359434,0.000566929
3,65,CosineSchedule,md4,gibbs_argmax,32,1,0.01,False,,14.349775,0.000614173
4,65,CosineSchedule,md4,gibbs_argmax,32,1,0.01,False,,14.427412,0.00052755896
0,65,CosineSchedule,md4,gibbs_argmax,32,1,0.1,False,,14.247552,0.00056692894
1,65,CosineSchedule,md4,gibbs_argmax,32,1,0.1,False,,14.393344,0.00057480304
2,65,CosineSchedule,md4,gibbs_argmax,32,1,0.1,False,,14.320877,0.00066141714
3,65,CosineSchedule,md4,gibbs_argmax,32,1,0.1,False,,14.432291,0.0006299211
4,65,CosineSchedule,md4,gibbs_argmax,32,1,0.1,False,,14.171833,0.000559055
0,65,CosineSchedule,md4,gibbs_argmax,32,1,0.5,False,,13.638786,0.0008425195
1,65,CosineSchedule,md4,gibbs_argmax,32,1,0.5,False,,13.728014,0.0008818895
2,65,CosineSchedule,md4,gibbs_argmax,32,1,0.5,False,,13.44679,0.0009212596
3,65,CosineSchedule,md4,gibbs_argmax,32,1,0.5,False,,13.6083355,0.00084251945
4,65,CosineSchedule,md4,gibbs_argmax,32,1,0.5,False,,13.499262,0.0008346454
0,65,CosineSchedule,md4,gibbs_argmax,32,1,1.0,False,,12.475633,0.00111811
1,65,CosineSchedule,md4,gibbs_argmax,32,1,1.0,False,,12.547791,0.0012362201
2,65,CosineSchedule,md4,gibbs_argmax,32,1,1.0,False,,12.361178,0.001173228
3,65,CosineSchedule,md4,gibbs_argmax,32,1,1.0,False,,12.628256,0.0011102359
4,65,CosineSchedule,md4,gibbs_argmax,32,1,1.0,False,,12.435636,0.0013307084
0,65,CosineSchedule,md4,gibbs_argmax,32,1,2.0,False,,11.507688,0.0016614167
1,65,CosineSchedule,md4,gibbs_argmax,32,1,2.0,False,,11.348523,0.0016614168
2,65,CosineSchedule,md4,gibbs_argmax,32,1,2.0,False,,11.30143,0.001779527
3,65,CosineSchedule,md4,gibbs_argmax,32,1,2.0,False,,11.367673,0.0017480311
4,65,CosineSchedule,md4,gibbs_argmax,32,1,2.0,False,,11.368683,0.0017716531
0,65,CosineSchedule,md4,gibbs_argmax,32,1,4.0,False,,10.441309,0.0022204716
1,65,CosineSchedule,md4,gibbs_argmax,32,1,4.0,False,,10.413277,0.002204724
2,65,CosineSchedule,md4,gibbs_argmax,32,1,4.0,False,,10.196766,0.002409448
3,65,CosineSchedule,md4,gibbs_argmax,32,1,4.0,False,,10.35934,0.0023149601
4,65,CosineSchedule,md4,gibbs_argmax,32,1,4.0,False,,10.319252,0.0026456683
0,65,CosineSchedule,md4,gibbs_argmax,32,2,0.01,False,,12.704714,0.0012519682
1,65,CosineSchedule,md4,gibbs_argmax,32,2,0.01,False,,12.678288,0.0015433066
2,65,CosineSchedule,md4,gibbs_argmax,32,2,0.01,False,,12.759171,0.0014803145
3,65,CosineSchedule,md4,gibbs_argmax,32,2,0.01,False,,12.643225,0.0013307084
4,65,CosineSchedule,md4,gibbs_argmax,32,2,0.01,False,,12.797441,0.0013149602
0,65,CosineSchedule,md4,gibbs_argmax,32,2,0.1,False,,12.825651,0.0013464562
1,65,CosineSchedule,md4,gibbs_argmax,32,2,0.1,False,,12.644473,0.0015039366
2,65,CosineSchedule,md4,gibbs_argmax,32,2,0.1,False,,12.829508,0.0016299208
3,65,CosineSchedule,md4,gibbs_argmax,32,2,0.1,False,,12.673267,0.0014803145
4,65,CosineSchedule,md4,gibbs_argmax,32,2,0.1,False,,12.673267,0.0012125982
0,65,CosineSchedule,md4,gibbs_argmax,32,2,0.5,False,,12.615809,0.0012598422
1,65,CosineSchedule,md4,gibbs_argmax,32,2,0.5,False,,12.83208,0.0012519682
2,65,CosineSchedule,md4,gibbs_argmax,32,2,0.5,False,,12.689601,0.0013149603
3,65,CosineSchedule,md4,gibbs_argmax,32,2,0.5,False,,12.702193,0.0012362201
4,65,CosineSchedule,md4,gibbs_argmax,32,2,0.5,False,,12.692117,0.0013228343
0,65,CosineSchedule,md4,gibbs_argmax,32,2,1.0,False,,12.362371,0.0013779524
1,65,CosineSchedule,md4,gibbs_argmax,32,2,1.0,False,,12.343298,0.0012992121
2,65,CosineSchedule,md4,gibbs_argmax,32,2,1.0,False,,12.2864275,0.0011811021
3,65,CosineSchedule,md4,gibbs_argmax,32,2,1.0,False,,12.410316,0.0013937005
4,65,CosineSchedule,md4,gibbs_argmax,32,2,1.0,False,,12.225406,0.0014409445
0,65,CosineSchedule,md4,gibbs_argmax,32,2,2.0,False,,11.33847,0.0018267711
1,65,CosineSchedule,md4,gibbs_argmax,32,2,2.0,False,,11.493221,0.0014803145
2,65,CosineSchedule,md4,gibbs_argmax,32,2,2.0,False,,11.475703,0.0015433065
3,65,CosineSchedule,md4,gibbs_argmax,32,2,2.0,False,,11.493221,0.0016692908
4,65,CosineSchedule,md4,gibbs_argmax,32,2,2.0,False,,11.364646,0.001787401
0,65,CosineSchedule,md4,gibbs_argmax,32,2,4.0,False,,10.431098,0.002283464
1,65,CosineSchedule,md4,gibbs_argmax,32,2,4.0,False,,10.470347,0.0023385822
2,65,CosineSchedule,md4,gibbs_argmax,32,2,4.0,False,,10.505581,0.0023307079
3,65,CosineSchedule,md4,gibbs_argmax,32,2,4.0,False,,10.646261,0.0021732277
4,65,CosineSchedule,md4,gibbs_argmax,32,2,4.0,False,,10.357663,0.0025433062
0,65,CosineSchedule,md4,gibbs_argmax,32,4,0.01,False,,11.075539,0.0029055108
1,65,CosineSchedule,md4,gibbs_argmax,32,4,0.01,False,,10.898254,0.002999999
2,65,CosineSchedule,md4,gibbs_argmax,32,4,0.01,False,,11.062138,0.0026929125
3,65,CosineSchedule,md4,gibbs_argmax,32,4,0.01,False,,10.967355,0.0031259833
4,65,CosineSchedule,md4,gibbs_argmax,32,4,0.01,False,,10.938301,0.0031181094
0,65,CosineSchedule,md4,gibbs_argmax,32,4,0.1,False,,10.962659,0.0031259833
1,65,CosineSchedule,md4,gibbs_argmax,32,4,0.1,False,,10.995619,0.003110235
2,65,CosineSchedule,md4,gibbs_argmax,32,4,0.1,False,,10.960781,0.0028818888
3,65,CosineSchedule,md4,gibbs_argmax,32,4,0.1,False,,11.068835,0.002842519
4,65,CosineSchedule,md4,gibbs_argmax,32,4,0.1,False,,11.020232,0.0028740147
0,65,CosineSchedule,md4,gibbs_argmax,32,4,0.5,False,,11.459266,0.002370078
1,65,CosineSchedule,md4,gibbs_argmax,32,4,0.5,False,,11.475703,0.0024330702
2,65,CosineSchedule,md4,gibbs_argmax,32,4,0.5,False,,11.558606,0.0023937
3,65,CosineSchedule,md4,gibbs_argmax,32,4,0.5,False,,11.359602,0.002866141
4,65,CosineSchedule,md4,gibbs_argmax,32,4,0.5,False,,11.380813,0.0021968498
0,65,CosineSchedule,md4,gibbs_argmax,32,4,1.0,False,,11.625794,0.0017007869
1,65,CosineSchedule,md4,gibbs_argmax,32,4,1.0,False,,11.670314,0.0019763773
2,65,CosineSchedule,md4,gibbs_argmax,32,4,1.0,False,,11.66287,0.0019763773
3,65,CosineSchedule,md4,gibbs_argmax,32,4,1.0,False,,11.744197,0.002244094
4,65,CosineSchedule,md4,gibbs_argmax,32,4,1.0,False,,11.484971,0.0018661413
0,65,CosineSchedule,md4,gibbs_argmax,32,4,2.0,False,,11.072664,0.0020629915
1,65,CosineSchedule,md4,gibbs_argmax,32,4,2.0,False,,11.188811,0.0018031491
2,65,CosineSchedule,md4,gibbs_argmax,32,4,2.0,False,,11.277534,0.0021889757
3,65,CosineSchedule,md4,gibbs_argmax,32,4,2.0,False,,11.118832,0.0021653536
4,65,CosineSchedule,md4,gibbs_argmax,32,4,2.0,False,,10.931762,0.0018582671
0,65,CosineSchedule,md4,gibbs_argmax,32,4,4.0,False,,10.244917,0.0024881884
1,65,CosineSchedule,md4,gibbs_argmax,32,4,4.0,False,,10.391296,0.002370078
2,65,CosineSchedule,md4,gibbs_argmax,32,4,4.0,False,,10.507306,0.0022913378
3,65,CosineSchedule,md4,gibbs_argmax,32,4,4.0,False,,10.491803,0.0027322825
4,65,CosineSchedule,md4,gibbs_argmax,32,4,4.0,False,,10.335083,0.0025590542
0,65,CosineSchedule,md4,gibbs_argmax,32,8,0.01,False,,8.286935,0.0071417303
1,65,CosineSchedule,md4,gibbs_argmax,32,8,0.01,False,,8.267665,0.006653541
2,65,CosineSchedule,md4,gibbs_argmax,32,8,0.01,False,,8.306834,0.006992124
3,65,CosineSchedule,md4,gibbs_argmax,32,8,0.01,False,,8.264997,0.0071259816
4,65,CosineSchedule,md4,gibbs_argmax,32,8,0.01,False,,8.376964,0.00710236
0,65,CosineSchedule,md4,gibbs_argmax,32,8,0.1,False,,8.245829,0.007283462
1,65,CosineSchedule,md4,gibbs_argmax,32,8,0.1,False,,8.298755,0.006874013
2,65,CosineSchedule,md4,gibbs_argmax,32,8,0.1,False,,8.363279,0.0064803124
3,65,CosineSchedule,md4,gibbs_argmax,32,8,0.1,False,,8.233629,0.0068976353
4,65,CosineSchedule,md4,gibbs_argmax,32,8,0.1,False,,8.379157,0.0074330685
0,65,CosineSchedule,md4,gibbs_argmax,32,8,0.5,False,,8.934804,0.005362203
1,65,CosineSchedule,md4,gibbs_argmax,32,8,0.5,False,,9.050414,0.0057165334
2,65,CosineSchedule,md4,gibbs_argmax,32,8,0.5,False,,8.98624,0.0054409434
3,65,CosineSchedule,md4,gibbs_argmax,32,8,0.5,False,,8.900633,0.005496061
4,65,CosineSchedule,md4,gibbs_argmax,32,8,0.5,False,,9.198046,0.005220471
0,65,CosineSchedule,md4,gibbs_argmax,32,8,1.0,False,,9.769501,0.0033700778
1,65,CosineSchedule,md4,gibbs_argmax,32,8,1.0,False,,9.757585,0.003716534
2,65,CosineSchedule,md4,gibbs_argmax,32,8,1.0,False,,9.923249,0.003559054
3,65,CosineSchedule,md4,gibbs_argmax,32,8,1.0,False,,9.725705,0.0036929122
4,65,CosineSchedule,md4,gibbs_argmax,32,8,1.0,False,,9.76652,0.0035433061
0,65,CosineSchedule,md4,gibbs_argmax,32,8,2.0,False,,9.914026,0.0027165348
1,65,CosineSchedule,md4,gibbs_argmax,32,8,2.0,False,,10.020354,0.0030629912
2,65,CosineSchedule,md4,gibbs_argmax,32,8,2.0,False,,9.836318,0.002866141
3,65,CosineSchedule,md4,gibbs_argmax,32,8,2.0,False,,9.880356,0.0032440936
4,65,CosineSchedule,md4,gibbs_argmax,32,8,2.0,False,,9.828765,0.0031653533
0,65,CosineSchedule,md4,gibbs_argmax,32,8,4.0,False,,9.407615,0.003031495
1,65,CosineSchedule,md4,gibbs_argmax,32,8,4.0,False,,9.572957,0.0035826762
2,65,CosineSchedule,md4,gibbs_argmax,32,8,4.0,False,,9.5202675,0.0032913378
3,65,CosineSchedule,md4,gibbs_argmax,32,8,4.0,False,,9.368366,0.0033385816
4,65,CosineSchedule,md4,gibbs_argmax,32,8,4.0,False,,9.446494,0.0031023612
0,65,CosineSchedule,md4,gibbs_argmax,32,16,0.01,False,,5.7517753,0.017653547
1,65,CosineSchedule,md4,gibbs_argmax,32,16,0.01,False,,5.842348,0.018889764
2,65,CosineSchedule,md4,gibbs_argmax,32,16,0.01,False,,5.8165956,0.017559059
3,65,CosineSchedule,md4,gibbs_argmax,32,16,0.01,False,,5.8070955,0.017811026
4,65,CosineSchedule,md4,gibbs_argmax,32,16,0.01,False,,5.8694057,0.018181108
0,65,CosineSchedule,md4,gibbs_argmax,32,16,0.1,False,,5.7600574,0.016779533
1,65,CosineSchedule,md4,gibbs_argmax,32,16,0.1,False,,5.81924,0.018598428
2,65,CosineSchedule,md4,gibbs_argmax,32,16,0.1,False,,5.7821746,0.017637797
3,65,CosineSchedule,md4,gibbs_argmax,32,16,0.1,False,,5.8458166,0.01787402
4,65,CosineSchedule,md4,gibbs_argmax,32,16,0.1,False,,5.8855987,0.017803153
0,65,CosineSchedule,md4,gibbs_argmax,32,16,0.5,False,,6.478389,0.013023624
1,65,CosineSchedule,md4,gibbs_argmax,32,16,0.5,False,,6.5560336,0.013125985
2,65,CosineSchedule,md4,gibbs_argmax,32,16,0.5,False,,6.5017524,0.012874018
3,65,CosineSchedule,md4,gibbs_argmax,32,16,0.5,False,,6.5163164,0.01289764
4,65,CosineSchedule,md4,gibbs_argmax,32,16,0.5,False,,6.604747,0.01313386
0,65,CosineSchedule,md4,gibbs_argmax,32,16,1.0,False,,7.355899,0.007440943
1,65,CosineSchedule,md4,gibbs_argmax,32,16,1.0,False,,7.4500904,0.007779525
2,65,CosineSchedule,md4,gibbs_argmax,32,16,1.0,False,,7.5338435,0.0074566905
3,65,CosineSchedule,md4,gibbs_argmax,32,16,1.0,False,,7.44013,0.008039368
4,65,CosineSchedule,md4,gibbs_argmax,32,16,1.0,False,,7.5104146,0.0077165333
0,65,CosineSchedule,md4,gibbs_argmax,32,16,2.0,False,,7.7665186,0.0058188955
1,65,CosineSchedule,md4,gibbs_argmax,32,16,2.0,False,,7.8474646,0.0058897617
2,65,CosineSchedule,md4,gibbs_argmax,32,16,2.0,False,,7.982539,0.0062047224
3,65,CosineSchedule,md4,gibbs_argmax,32,16,2.0,False,,7.8474646,0.00622047
4,65,CosineSchedule,md4,gibbs_argmax,32,16,2.0,False,,7.941924,0.0058188955
0,65,CosineSchedule,md4,gibbs_argmax,32,16,4.0,False,,7.8263526,0.0054409434
1,65,CosineSchedule,md4,gibbs_argmax,32,16,4.0,False,,7.786362,0.00555118
2,65,CosineSchedule,md4,gibbs_argmax,32,16,4.0,False,,8.028098,0.0057559037
3,65,CosineSchedule,md4,gibbs_argmax,32,16,4.0,False,,7.7915754,0.00598425
4,65,CosineSchedule,md4,gibbs_argmax,32,16,4.0,False,,7.9800506,0.005480313
0,64,CosineSchedule,maskgit,none,64,,,True,0.01,45.600285,0.008173225
1,64,CosineSchedule,maskgit,none,64,,,True,0.01,45.5516,0.008834645
2,64,CosineSchedule,maskgit,none,64,,,True,0.01,46.20939,0.0084645655
3,64,CosineSchedule,maskgit,none,64,,,True,0.01,46.562386,0.008110234
4,64,CosineSchedule,maskgit,none,64,,,True,0.01,45.681656,0.008244093
0,64,CosineSchedule,maskgit,none,64,,,True,0.1,45.406174,0.008196848
1,64,CosineSchedule,maskgit,none,64,,,True,0.1,45.2937,0.009015748
2,64,CosineSchedule,maskgit,none,64,,,True,0.1,45.697964,0.00870866
3,64,CosineSchedule,maskgit,none,64,,,True,0.1,45.746964,0.008204722
4,64,CosineSchedule,maskgit,none,64,,,True,0.1,45.632797,0.008338581
0,64,CosineSchedule,maskgit,none,64,,,True,0.5,12.737586,0.035543308
1,64,CosineSchedule,maskgit,none,64,,,True,0.5,12.769354,0.035968505
2,64,CosineSchedule,maskgit,none,64,,,True,0.5,12.778276,0.03640157
3,64,CosineSchedule,maskgit,none,64,,,True,0.5,12.694634,0.036275595
4,64,CosineSchedule,maskgit,none,64,,,True,0.5,12.922766,0.03588976
0,64,CosineSchedule,maskgit,none,64,,,True,1.0,8.667389,0.053267714
1,64,CosineSchedule,maskgit,none,64,,,True,1.0,8.471772,0.05502361
2,64,CosineSchedule,maskgit,none,64,,,True,1.0,8.627081,0.054094486
3,64,CosineSchedule,maskgit,none,64,,,True,1.0,8.58254,0.05413386
4,64,CosineSchedule,maskgit,none,64,,,True,1.0,8.673849,0.053488187
0,64,CosineSchedule,maskgit,none,64,,,True,2.0,6.8559184,0.064622045
1,64,CosineSchedule,maskgit,none,64,,,True,2.0,6.8482156,0.06587401
2,64,CosineSchedule,maskgit,none,64,,,True,2.0,6.803806,0.06559843
3,64,CosineSchedule,maskgit,none,64,,,True,2.0,6.6788416,0.06664569
4,64,CosineSchedule,maskgit,none,64,,,True,2.0,6.7803793,0.06609449
0,64,CosineSchedule,maskgit,none,64,,,True,4.0,5.0906777,0.08223622
1,64,CosineSchedule,maskgit,none,64,,,True,4.0,5.1091685,0.08264567
2,64,CosineSchedule,maskgit,none,64,,,True,4.0,5.0927033,0.08230707
3,64,CosineSchedule,maskgit,none,64,,,True,4.0,5.1018376,0.08241734
4,64,CosineSchedule,maskgit,none,64,,,True,4.0,5.1034646,0.08294488
0,64,CosineSchedule,maskgit,none,64,,,False,0.01,45.213703,0.008267714
1,64,CosineSchedule,maskgit,none,64,,,False,0.01,45.197735,0.008937009
2,64,CosineSchedule,maskgit,none,64,,,False,0.01,45.894585,0.008637794
3,64,CosineSchedule,maskgit,none,64,,,False,0.01,46.376812,0.008094486
4,64,CosineSchedule,maskgit,none,64,,,False,0.01,45.22968,0.008370076
0,64,CosineSchedule,maskgit,none,64,,,False,0.1,34.380875,0.0120157525
1,64,CosineSchedule,maskgit,none,64,,,False,0.1,35.535812,0.011716535
2,64,CosineSchedule,maskgit,none,64,,,False,0.1,35.854343,0.011614174
3,64,CosineSchedule,maskgit,none,64,,,False,0.1,35.222897,0.011535433
4,64,CosineSchedule,maskgit,none,64,,,False,0.1,36.199093,0.011000002
0,64,CosineSchedule,maskgit,none,64,,,False,0.5,5.3772473,0.083937034
1,64,CosineSchedule,maskgit,none,64,,,False,0.5,5.307019,0.08596852
2,64,CosineSchedule,maskgit,none,64,,,False,0.5,5.324681,0.08423621
3,64,CosineSchedule,maskgit,none,64,,,False,0.5,5.32136,0.08358268
4,64,CosineSchedule,maskgit,none,64,,,False,0.5,5.30482,0.08558269
0,64,CosineSchedule,maskgit,none,64,,,False,1.0,4.178228,0.1011811
1,64,CosineSchedule,maskgit,none,64,,,False,1.0,4.1894417,0.101566926
2,64,CosineSchedule,maskgit,none,64,,,False,1.0,4.156789,0.10134647
3,64,CosineSchedule,maskgit,none,64,,,False,1.0,4.155979,0.10037794
4,64,CosineSchedule,maskgit,none,64,,,False,1.0,4.1600313,0.101858266
0,64,CosineSchedule,maskgit,none,64,,,False,2.0,3.737117,0.10667718
1,64,CosineSchedule,maskgit,none,64,,,False,2.0,3.7410493,0.10740947
2,64,CosineSchedule,maskgit,none,64,,,False,2.0,3.7277572,0.107629895
3,64,CosineSchedule,maskgit,none,64,,,False,2.0,3.7250452,0.10678741
4,64,CosineSchedule,maskgit,none,64,,,False,2.0,3.7212546,0.109031506
0,64,CosineSchedule,maskgit,none,64,,,False,4.0,3.5272396,0.10892916
1,64,CosineSchedule,maskgit,none,64,,,False,4.0,3.530158,0.109125994
2,64,CosineSchedule,maskgit,none,64,,,False,4.0,3.509349,0.1086378
3,64,CosineSchedule,maskgit,none,64,,,False,4.0,3.5215144,0.108330734
4,64,CosineSchedule,maskgit,none,64,,,False,4.0,3.5139735,0.110063
0,128,CosineSchedule,md4,none,128,,,False,,9.099957,0.0010157478
1,128,CosineSchedule,md4,none,128,,,False,,8.994449,0.0012125982
2,128,CosineSchedule,md4,none,128,,,False,,9.121357,0.0010787398
3,128,CosineSchedule,md4,none,128,,,False,,9.051054,0.0011023618
4,128,CosineSchedule,md4,none,128,,,False,,9.076083,0.001086614
0,128,CosineSchedule,md4,none,128,,,False,,9.099957,0.0010157478
1,128,CosineSchedule,md4,none,128,,,False,,8.994449,0.0012125982
2,128,CosineSchedule,md4,none,128,,,False,,9.121357,0.0010787398
3,128,CosineSchedule,md4,none,128,,,False,,9.051054,0.0011023618
4,128,CosineSchedule,md4,none,128,,,False,,9.076083,0.001086614
0,128,CosineSchedule,md4,gibbs,64,1,0.01,True,,10.772598,0.014755908
1,128,CosineSchedule,md4,gibbs,64,1,0.01,True,,10.819949,0.014433074
2,128,CosineSchedule,md4,gibbs,64,1,0.01,True,,10.819035,0.014905513
3,128,CosineSchedule,md4,gibbs,64,1,0.01,True,,10.886205,0.014622049
4,128,CosineSchedule,md4,gibbs,64,1,0.01,True,,10.935497,0.014314965
0,128,CosineSchedule,md4,gibbs,64,1,0.1,True,,10.843782,0.0145984255
1,128,CosineSchedule,md4,gibbs,64,1,0.1,True,,10.94672,0.014275591
2,128,CosineSchedule,md4,gibbs,64,1,0.1,True,,10.908471,0.01435433
3,128,CosineSchedule,md4,gibbs,64,1,0.1,True,,10.944848,0.014598426
4,128,CosineSchedule,md4,gibbs,64,1,0.1,True,,10.897326,0.014496064
0,128,CosineSchedule,md4,gibbs,64,1,0.5,True,,10.5898905,0.014732288
1,128,CosineSchedule,md4,gibbs,64,1,0.5,True,,10.585511,0.014795278
2,128,CosineSchedule,md4,gibbs,64,1,0.5,True,,10.688044,0.014787404
3,128,CosineSchedule,md4,gibbs,64,1,0.5,True,,10.744564,0.014472444
4,128,CosineSchedule,md4,gibbs,64,1,0.5,True,,10.678234,0.014755909
0,128,CosineSchedule,md4,gibbs,64,1,1.0,True,,10.143435,0.015614174
1,128,CosineSchedule,md4,gibbs,64,1,1.0,True,,9.985178,0.016346456
2,128,CosineSchedule,md4,gibbs,64,1,1.0,True,,10.2171135,0.015417325
3,128,CosineSchedule,md4,gibbs,64,1,1.0,True,,10.345106,0.014984254
4,128,CosineSchedule,md4,gibbs,64,1,1.0,True,,10.144238,0.015708664
0,128,CosineSchedule,md4,gibbs,64,1,2.0,True,,9.3601465,0.017267719
1,128,CosineSchedule,md4,gibbs,64,1,2.0,True,,9.372483,0.017283468
2,128,CosineSchedule,md4,gibbs,64,1,2.0,True,,9.538003,0.016842522
3,128,CosineSchedule,md4,gibbs,64,1,2.0,True,,9.494844,0.016606301
4,128,CosineSchedule,md4,gibbs,64,1,2.0,True,,9.278724,0.017614178
0,128,CosineSchedule,md4,gibbs,64,1,4.0,True,,8.555006,0.018984256
1,128,CosineSchedule,md4,gibbs,64,1,4.0,True,,8.596373,0.01877953
2,128,CosineSchedule,md4,gibbs,64,1,4.0,True,,8.518568,0.019165356
3,128,CosineSchedule,md4,gibbs,64,1,4.0,True,,8.635228,0.018716536
4,128,CosineSchedule,md4,gibbs,64,1,4.0,True,,8.511205,0.019125987
0,128,CosineSchedule,md4,gibbs,64,2,0.01,True,,9.577254,0.016740162
1,128,CosineSchedule,md4,gibbs,64,2,0.01,True,,9.661836,0.016496064
2,128,CosineSchedule,md4,gibbs,64,2,0.01,True,,9.535161,0.017125988
3,128,CosineSchedule,md4,gibbs,64,2,0.01,True,,9.726444,0.016314961
4,128,CosineSchedule,md4,gibbs,64,2,0.01,True,,9.569378,0.016535435
0,128,CosineSchedule,md4,gibbs,64,2,0.1,True,,9.713896,0.016023627
1,128,CosineSchedule,md4,gibbs,64,2,0.1,True,,9.665483,0.016196853
2,128,CosineSchedule,md4,gibbs,64,2,0.1,True,,9.610331,0.016464567
3,128,CosineSchedule,md4,gibbs,64,2,0.1,True,,9.592325,0.016960632
4,128,CosineSchedule,md4,gibbs,64,2,0.1,True,,9.69697,0.01630709
0,128,CosineSchedule,md4,gibbs,64,2,0.5,True,,9.775469,0.015748031
1,128,CosineSchedule,md4,gibbs,64,2,0.5,True,,9.656006,0.01637796
2,128,CosineSchedule,md4,gibbs,64,2,0.5,True,,9.712421,0.016220473
3,128,CosineSchedule,md4,gibbs,64,2,0.5,True,,9.700644,0.016354334
4,128,CosineSchedule,md4,gibbs,64,2,0.5,True,,9.74941,0.016559057
0,128,CosineSchedule,md4,gibbs,64,2,1.0,True,,9.670595,0.016070869
1,128,CosineSchedule,md4,gibbs,64,2,1.0,True,,9.518144,0.016614174
2,128,CosineSchedule,md4,gibbs,64,2,1.0,True,,9.661836,0.016551185
3,128,CosineSchedule,md4,gibbs,64,2,1.0,True,,9.48851,0.01670079
4,128,CosineSchedule,md4,gibbs,64,2,1.0,True,,9.379351,0.017228346
0,128,CosineSchedule,md4,gibbs,64,2,2.0,True,,9.269988,0.017125985
1,128,CosineSchedule,md4,gibbs,64,2,2.0,True,,9.256581,0.01717323
2,128,CosineSchedule,md4,gibbs,64,2,2.0,True,,9.365625,0.016708665
3,128,CosineSchedule,md4,gibbs,64,2,2.0,True,,9.334889,0.016803153
4,128,CosineSchedule,md4,gibbs,64,2,2.0,True,,9.254573,0.017417328
0,128,CosineSchedule,md4,gibbs,64,2,4.0,True,,8.656838,0.01827559
1,128,CosineSchedule,md4,gibbs,64,2,4.0,True,,8.598105,0.01856693
2,128,CosineSchedule,md4,gibbs,64,2,4.0,True,,8.600416,0.01884252
3,128,CosineSchedule,md4,gibbs,64,2,4.0,True,,8.69329,0.018102366
4,128,CosineSchedule,md4,gibbs,64,2,4.0,True,,8.565884,0.019055119
0,128,CosineSchedule,md4,gibbs,64,4,0.01,True,,8.037676,0.020417323
1,128,CosineSchedule,md4,gibbs,64,4,0.01,True,,7.933557,0.021228349
2,128,CosineSchedule,md4,gibbs,64,4,0.01,True,,8.006004,0.020889767
3,128,CosineSchedule,md4,gibbs,64,4,0.01,True,,7.9810452,0.02109449
4,128,CosineSchedule,md4,gibbs,64,4,0.01,True,,7.9800506,0.020708665
0,128,CosineSchedule,md4,gibbs,64,4,0.1,True,,8.035658,0.02080315
1,128,CosineSchedule,md4,gibbs,64,4,0.1,True,,7.9850283,0.021346455
2,128,CosineSchedule,md4,gibbs,64,4,0.1,True,,8.051328,0.020732285
3,128,CosineSchedule,md4,gibbs,64,4,0.1,True,,8.090513,0.020968508
4,128,CosineSchedule,md4,gibbs,64,4,0.1,True,,7.99101,0.02054331
0,128,CosineSchedule,md4,gibbs,64,4,0.5,True,,8.193573,0.020031502
1,128,CosineSchedule,md4,gibbs,64,4,0.5,True,,8.148714,0.020511813
2,128,CosineSchedule,md4,gibbs,64,4,0.5,True,,8.221466,0.019661415
3,128,CosineSchedule,md4,gibbs,64,4,0.5,True,,8.325203,0.019582678
4,128,CosineSchedule,md4,gibbs,64,4,0.5,True,,8.22622,0.02055906
0,128,CosineSchedule,md4,gibbs,64,4,1.0,True,,8.3600025,0.019645669
1,128,CosineSchedule,md4,gibbs,64,4,1.0,True,,8.376415,0.019488191
2,128,CosineSchedule,md4,gibbs,64,4,1.0,True,,8.328453,0.019968504
3,128,CosineSchedule,md4,gibbs,64,4,1.0,True,,8.23893,0.020275597
4,128,CosineSchedule,md4,gibbs,64,4,1.0,True,,8.306834,0.020377956
0,128,CosineSchedule,md4,gibbs,64,4,2.0,True,,8.442158,0.019362208
1,128,CosineSchedule,md4,gibbs,64,4,2.0,True,,8.380803,0.01979528
2,128,CosineSchedule,md4,gibbs,64,4,2.0,True,,8.405569,0.019929137
3,128,CosineSchedule,md4,gibbs,64,4,2.0,True,,8.302524,0.020291347
4,128,CosineSchedule,md4,gibbs,64,4,2.0,True,,8.454984,0.019259842
0,128,CosineSchedule,md4,gibbs,64,4,4.0,True,,8.145083,0.02030709
1,128,CosineSchedule,md4,gibbs,64,4,4.0,True,,8.247423,0.019897643
2,128,CosineSchedule,md4,gibbs,64,4,4.0,True,,8.21408,0.02015748
3,128,CosineSchedule,md4,gibbs,64,4,4.0,True,,8.163786,0.01999213
4,128,CosineSchedule,md4,gibbs,64,4,4.0,True,,8.0992155,0.020102363
0,128,CosineSchedule,md4,gibbs,64,8,0.01,True,,6.1370277,0.029031502
1,128,CosineSchedule,md4,gibbs,64,8,0.01,True,,6.265909,0.028637797
2,128,CosineSchedule,md4,gibbs,64,8,0.01,True,,6.162142,0.028535439
3,128,CosineSchedule,md4,gibbs,64,8,0.01,True,,6.1868625,0.028645674
4,128,CosineSchedule,md4,gibbs,64,8,0.01,True,,6.1817827,0.028291337
0,128,CosineSchedule,md4,gibbs,64,8,0.1,True,,6.1785007,0.028590554
1,128,CosineSchedule,md4,gibbs,64,8,0.1,True,,6.2202353,0.028535428
2,128,CosineSchedule,md4,gibbs,64,8,0.1,True,,6.3188033,0.027574807
3,128,CosineSchedule,md4,gibbs,64,8,0.1,True,,6.147344,0.028889766
4,128,CosineSchedule,md4,gibbs,64,8,0.1,True,,6.177904,0.028543308
0,128,CosineSchedule,md4,gibbs,64,8,0.5,True,,6.1651096,0.028740158
1,128,CosineSchedule,md4,gibbs,64,8,0.5,True,,6.3128824,0.028094484
2,128,CosineSchedule,md4,gibbs,64,8,0.5,True,,6.2284074,0.028220471
3,128,CosineSchedule,md4,gibbs,64,8,0.5,True,,6.2797427,0.028527565
4,128,CosineSchedule,md4,gibbs,64,8,0.5,True,,6.342285,0.027338583
0,128,CosineSchedule,md4,gibbs,64,8,1.0,True,,6.4757667,0.027472446
1,128,CosineSchedule,md4,gibbs,64,8,1.0,True,,6.480028,0.026937008
2,128,CosineSchedule,md4,gibbs,64,8,1.0,True,,6.581654,0.026283467
3,128,CosineSchedule,md4,gibbs,64,8,1.0,True,,6.5212965,0.02715748
4,128,CosineSchedule,md4,gibbs,64,8,1.0,True,,6.466606,0.02715748
0,128,CosineSchedule,md4,gibbs,64,8,2.0,True,,6.891353,0.025212605
1,128,CosineSchedule,md4,gibbs,64,8,2.0,True,,6.8824606,0.025456699
2,128,CosineSchedule,md4,gibbs,64,8,2.0,True,,6.894323,0.026062993
3,128,CosineSchedule,md4,gibbs,64,8,2.0,True,,6.9267817,0.025708668
4,128,CosineSchedule,md4,gibbs,64,8,2.0,True,,6.942938,0.025826775
0,128,CosineSchedule,md4,gibbs,64,8,4.0,True,,6.973197,0.025078747
1,128,CosineSchedule,md4,gibbs,64,8,4.0,True,,7.079646,0.025000008
2,128,CosineSchedule,md4,gibbs,64,8,4.0,True,,7.088271,0.025456699
3,128,CosineSchedule,md4,gibbs,64,8,4.0,True,,7.179314,0.024125984
4,128,CosineSchedule,md4,gibbs,64,8,4.0,True,,7.078863,0.024669297
0,128,CosineSchedule,md4,gibbs,64,16,0.01,True,,4.527608,0.045055125
1,128,CosineSchedule,md4,gibbs,64,16,0.01,True,,4.453413,0.046251968
2,128,CosineSchedule,md4,gibbs,64,16,0.01,True,,4.5204124,0.043811034
3,128,CosineSchedule,md4,gibbs,64,16,0.01,True,,4.5079947,0.04484252
4,128,CosineSchedule,md4,gibbs,64,16,0.01,True,,4.5234475,0.04400786
0,128,CosineSchedule,md4,gibbs,64,16,0.1,True,,4.505773,0.04527559
1,128,CosineSchedule,md4,gibbs,64,16,0.1,True,,4.51324,0.04560629
2,128,CosineSchedule,md4,gibbs,64,16,0.1,True,,4.528249,0.044881884
3,128,CosineSchedule,md4,gibbs,64,16,0.1,True,,4.5288897,0.045385823
4,128,CosineSchedule,md4,gibbs,64,16,0.1,True,,4.511013,0.045165345
0,128,CosineSchedule,md4,gibbs,64,16,0.5,True,,4.557593,0.04476378
1,128,CosineSchedule,md4,gibbs,64,16,0.5,True,,4.488866,0.04619684
2,128,CosineSchedule,md4,gibbs,64,16,0.5,True,,4.551435,0.04419684
3,128,CosineSchedule,md4,gibbs,64,16,0.5,True,,4.5614915,0.04416535
4,128,CosineSchedule,md4,gibbs,64,16,0.5,True,,4.552568,0.04426771
0,128,CosineSchedule,md4,gibbs,64,16,1.0,True,,4.7396874,0.042031497
1,128,CosineSchedule,md4,gibbs,64,16,1.0,True,,4.6706805,0.043574795
2,128,CosineSchedule,md4,gibbs,64,16,1.0,True,,4.701043,0.041078743
3,128,CosineSchedule,md4,gibbs,64,16,1.0,True,,4.6672745,0.043677166
4,128,CosineSchedule,md4,gibbs,64,16,1.0,True,,4.696558,0.043275595
0,128,CosineSchedule,md4,gibbs,64,16,2.0,True,,5.014102,0.0405433
1,128,CosineSchedule,md4,gibbs,64,16,2.0,True,,5.021971,0.040370077
2,128,CosineSchedule,md4,gibbs,64,16,2.0,True,,5.050505,0.039763775
3,128,CosineSchedule,md4,gibbs,64,16,2.0,True,,5.088047,0.03937008
4,128,CosineSchedule,md4,gibbs,64,16,2.0,True,,5.016657,0.040039364
0,128,CosineSchedule,md4,gibbs,64,16,4.0,True,,5.339117,0.037944887
1,128,CosineSchedule,md4,gibbs,64,16,4.0,True,,5.3342223,0.03856693
2,128,CosineSchedule,md4,gibbs,64,16,4.0,True,,5.310102,0.038031496
3,128,CosineSchedule,md4,gibbs,64,16,4.0,True,,5.291443,0.039590545
4,128,CosineSchedule,md4,gibbs,64,16,4.0,True,,5.3404536,0.03872441
0,128,CosineSchedule,md4,gibbs,64,1,0.01,False,,15.560418,0.0
1,128,CosineSchedule,md4,gibbs,64,1,0.01,False,,15.425404,7.874016e-06
2,128,CosineSchedule,md4,gibbs,64,1,0.01,False,,15.642185,0.0
3,128,CosineSchedule,md4,gibbs,64,1,0.01,False,,15.5869465,0.0
4,128,CosineSchedule,md4,gibbs,64,1,0.01,False,,15.644097,1.5748032e-05
0,128,CosineSchedule,md4,gibbs,64,1,0.1,False,,15.621186,0.0
1,128,CosineSchedule,md4,gibbs,64,1,0.1,False,,15.65175,0.0
2,128,CosineSchedule,md4,gibbs,64,1,0.1,False,,15.617374,0.0
3,128,CosineSchedule,md4,gibbs,64,1,0.1,False,,15.703594,0.0
4,128,CosineSchedule,md4,gibbs,64,1,0.1,False,,15.604047,1.5748032e-05
0,128,CosineSchedule,md4,gibbs,64,1,0.5,False,,14.626901,0.0
1,128,CosineSchedule,md4,gibbs,64,1,0.5,False,,14.576928,0.0
2,128,CosineSchedule,md4,gibbs,64,1,0.5,False,,14.652015,0.0
3,128,CosineSchedule,md4,gibbs,64,1,0.5,False,,14.746544,0.0
4,128,CosineSchedule,md4,gibbs,64,1,0.5,False,,14.578588,1.5748032e-05
0,128,CosineSchedule,md4,gibbs,64,1,1.0,False,,13.686912,0.0
1,128,CosineSchedule,md4,gibbs,64,1,1.0,False,,13.469431,0.0
2,128,CosineSchedule,md4,gibbs,64,1,1.0,False,,13.739802,7.874016e-06
3,128,CosineSchedule,md4,gibbs,64,1,1.0,False,,13.663536,7.874016e-06
4,128,CosineSchedule,md4,gibbs,64,1,1.0,False,,13.615574,0.0
0,128,CosineSchedule,md4,gibbs,64,1,2.0,False,,12.255841,0.0
1,128,CosineSchedule,md4,gibbs,64,1,2.0,False,,12.051597,0.0
2,128,CosineSchedule,md4,gibbs,64,1,2.0,False,,12.129252,0.0
3,128,CosineSchedule,md4,gibbs,64,1,2.0,False,,12.317167,0.0
4,128,CosineSchedule,md4,gibbs,64,1,2.0,False,,12.101731,0.0
0,128,CosineSchedule,md4,gibbs,64,1,4.0,False,,11.034482,0.0
1,128,CosineSchedule,md4,gibbs,64,1,4.0,False,,10.887132,0.0
2,128,CosineSchedule,md4,gibbs,64,1,4.0,False,,10.891764,0.0
3,128,CosineSchedule,md4,gibbs,64,1,4.0,False,,11.071707,0.0
4,128,CosineSchedule,md4,gibbs,64,1,4.0,False,,10.876953,0.0
0,128,CosineSchedule,md4,gibbs,64,2,0.01,False,,13.352806,0.0001732283
1,128,CosineSchedule,md4,gibbs,64,2,0.01,False,,13.452443,0.0001574803
2,128,CosineSchedule,md4,gibbs,64,2,0.01,False,,13.455272,0.00019685036
3,128,CosineSchedule,md4,gibbs,64,2,0.01,False,,13.57658,0.00024409441
4,128,CosineSchedule,md4,gibbs,64,2,0.01,False,,13.275254,0.00019685036
0,128,CosineSchedule,md4,gibbs,64,2,0.1,False,,13.480779,0.00021259839
1,128,CosineSchedule,md4,gibbs,64,2,0.1,False,,13.691304,0.00020472438
2,128,CosineSchedule,md4,gibbs,64,2,0.1,False,,13.424227,0.00017322831
3,128,CosineSchedule,md4,gibbs,64,2,0.1,False,,13.4822,0.00024409447
4,128,CosineSchedule,md4,gibbs,64,2,0.1,False,,13.380723,0.00023622042
0,128,CosineSchedule,md4,gibbs,64,2,0.5,False,,13.695698,0.00014960626
1,128,CosineSchedule,md4,gibbs,64,2,0.5,False,,13.686912,0.00015748029
2,128,CosineSchedule,md4,gibbs,64,2,0.5,False,,13.540675,0.00018897634
3,128,CosineSchedule,md4,gibbs,64,2,0.5,False,,13.802028,0.00012598422
4,128,CosineSchedule,md4,gibbs,64,2,0.5,False,,13.748657,0.00024409444
0,128,CosineSchedule,md4,gibbs,64,2,1.0,False,,13.143033,8.661416e-05
1,128,CosineSchedule,md4,gibbs,64,2,1.0,False,,13.326392,5.511811e-05
2,128,CosineSchedule,md4,gibbs,64,2,1.0,False,,13.250518,0.0001023622
3,128,CosineSchedule,md4,gibbs,64,2,1.0,False,,13.2683735,5.511811e-05
4,128,CosineSchedule,md4,gibbs,64,2,1.0,False,,13.206769,7.086614e-05
0,128,CosineSchedule,md4,gibbs,64,2,2.0,False,,12.217237,3.937008e-05
1,128,CosineSchedule,md4,gibbs,64,2,2.0,False,,12.206751,3.937008e-05
2,128,CosineSchedule,md4,gibbs,64,2,2.0,False,,12.301778,5.511811e-05
3,128,CosineSchedule,md4,gibbs,64,2,2.0,False,,12.2864275,2.3622048e-05
4,128,CosineSchedule,md4,gibbs,64,2,2.0,False,,12.115475,1.5748032e-05
0,128,CosineSchedule,md4,gibbs,64,2,4.0,False,,11.039241,2.3622048e-05
1,128,CosineSchedule,md4,gibbs,64,2,4.0,False,,11.046864,3.1496063e-05
2,128,CosineSchedule,md4,gibbs,64,2,4.0,False,,11.07458,7.874016e-06
3,128,CosineSchedule,md4,gibbs,64,2,4.0,False,,11.03163,2.3622048e-05
4,128,CosineSchedule,md4,gibbs,64,2,4.0,False,,11.037337,7.874016e-06
0,128,CosineSchedule,md4,gibbs,64,4,0.01,False,,10.941106,0.0009133856
1,128,CosineSchedule,md4,gibbs,64,4,0.01,False,,10.895471,0.00090551155
2,128,CosineSchedule,md4,gibbs,64,4,0.01,False,,11.040193,0.0009606296
3,128,CosineSchedule,md4,gibbs,64,4,0.01,False,,10.990898,0.00086614146
4,128,CosineSchedule,md4,gibbs,64,4,0.01,False,,10.95609,0.0007480313
0,128,CosineSchedule,md4,gibbs,64,4,0.1,False,,11.033531,0.0008976375
1,128,CosineSchedule,md4,gibbs,64,4,0.1,False,,11.065964,0.0009527556
2,128,CosineSchedule,md4,gibbs,64,4,0.1,False,,11.043051,0.00092125963
3,128,CosineSchedule,md4,gibbs,64,4,0.1,False,,11.147883,0.0007559053
4,128,CosineSchedule,md4,gibbs,64,4,0.1,False,,11.021182,0.00092125963
0,128,CosineSchedule,md4,gibbs,64,4,0.5,False,,11.929171,0.0007007873
1,128,CosineSchedule,md4,gibbs,64,4,0.5,False,,11.887073,0.00067716517
2,128,CosineSchedule,md4,gibbs,64,4,0.5,False,,11.84308,0.0007086613
3,128,CosineSchedule,md4,gibbs,64,4,0.5,False,,11.850754,0.00070078723
4,128,CosineSchedule,md4,gibbs,64,4,0.5,False,,11.994002,0.00065354316
0,128,CosineSchedule,md4,gibbs,64,4,1.0,False,,12.005253,0.00023622042
1,128,CosineSchedule,md4,gibbs,64,4,1.0,False,,12.190476,0.0002913385
2,128,CosineSchedule,md4,gibbs,64,4,1.0,False,,12.068641,0.00033858258
3,128,CosineSchedule,md4,gibbs,64,4,1.0,False,,12.207916,0.00019685033
4,128,CosineSchedule,md4,gibbs,64,4,1.0,False,,12.221904,0.0002755905
0,128,CosineSchedule,md4,gibbs,64,4,2.0,False,,11.508722,0.00020472438
1,128,CosineSchedule,md4,gibbs,64,4,2.0,False,,11.726981,0.00011811021
2,128,CosineSchedule,md4,gibbs,64,4,2.0,False,,11.698044,0.00011811021
3,128,CosineSchedule,md4,gibbs,64,4,2.0,False,,11.597354,7.874015e-05
4,128,CosineSchedule,md4,gibbs,64,4,2.0,False,,11.577424,0.0001574803
0,128,CosineSchedule,md4,gibbs,64,4,4.0,False,,10.690721,0.0001102362
1,128,CosineSchedule,md4,gibbs,64,4,4.0,False,,10.874182,7.874015e-05
2,128,CosineSchedule,md4,gibbs,64,4,4.0,False,,10.851135,8.661416e-05
3,128,CosineSchedule,md4,gibbs,64,4,4.0,False,,10.743663,0.0001102362
4,128,CosineSchedule,md4,gibbs,64,4,4.0,False,,10.743663,0.0001023622
0,128,CosineSchedule,md4,gibbs,64,8,0.01,False,,8.129565,0.0037716525
1,128,CosineSchedule,md4,gibbs,64,8,0.01,False,,8.260729,0.003519684
2,128,CosineSchedule,md4,gibbs,64,8,0.01,False,,8.104343,0.00355118
3,128,CosineSchedule,md4,gibbs,64,8,0.01,False,,8.15079,0.0036850383
4,128,CosineSchedule,md4,gibbs,64,8,0.01,False,,8.114104,0.0037007863
0,128,CosineSchedule,md4,gibbs,64,8,0.1,False,,8.0951185,0.0037086604
1,128,CosineSchedule,md4,gibbs,64,8,0.1,False,,8.21408,0.0036377942
2,128,CosineSchedule,md4,gibbs,64,8,0.1,False,,8.253804,0.0032992116
3,128,CosineSchedule,md4,gibbs,64,8,0.1,False,,8.163265,0.0039212587
4,128,CosineSchedule,md4,gibbs,64,8,0.1,False,,8.163265,0.0036456683
0,128,CosineSchedule,md4,gibbs,64,8,0.5,False,,8.94417,0.0026771645
1,128,CosineSchedule,md4,gibbs,64,8,0.5,False,,9.040186,0.0024803143
2,128,CosineSchedule,md4,gibbs,64,8,0.5,False,,9.122657,0.0025590542
3,128,CosineSchedule,md4,gibbs,64,8,0.5,False,,9.146124,0.0025590544
4,128,CosineSchedule,md4,gibbs,64,8,0.5,False,,9.04338,0.002535432
0,128,CosineSchedule,md4,gibbs,64,8,1.0,False,,10.193518,0.0009448816
1,128,CosineSchedule,md4,gibbs,64,8,1.0,False,,10.122579,0.0009527556
2,128,CosineSchedule,md4,gibbs,64,8,1.0,False,,10.219561,0.0008976375
3,128,CosineSchedule,md4,gibbs,64,8,1.0,False,,10.118577,0.0009842517
4,128,CosineSchedule,md4,gibbs,64,8,1.0,False,,10.166799,0.00097637763
0,128,CosineSchedule,md4,gibbs,64,8,2.0,False,,10.140221,0.0005511809
1,128,CosineSchedule,md4,gibbs,64,8,2.0,False,,10.308448,0.0004173227
2,128,CosineSchedule,md4,gibbs,64,8,2.0,False,,10.447274,0.00041732274
3,128,CosineSchedule,md4,gibbs,64,8,2.0,False,,10.42515,0.00040944872
4,128,CosineSchedule,md4,gibbs,64,8,2.0,False,,10.258876,0.00040944866
0,128,CosineSchedule,md4,gibbs,64,8,4.0,False,,9.608168,0.00028346447
1,128,CosineSchedule,md4,gibbs,64,8,4.0,False,,9.885696,0.00033858258
2,128,CosineSchedule,md4,gibbs,64,8,4.0,False,,9.757585,0.0003700787
3,128,CosineSchedule,md4,gibbs,64,8,4.0,False,,9.908655,0.00026771644
4,128,CosineSchedule,md4,gibbs,64,8,4.0,False,,9.546539,0.00040944872
0,128,CosineSchedule,md4,gibbs,64,16,0.01,False,,5.646727,0.013629924
1,128,CosineSchedule,md4,gibbs,64,16,0.01,False,,5.58245,0.013905513
2,128,CosineSchedule,md4,gibbs,64,16,0.01,False,,5.695471,0.012771656
3,128,CosineSchedule,md4,gibbs,64,16,0.01,False,,5.674513,0.013078741
4,128,CosineSchedule,md4,gibbs,64,16,0.01,False,,5.66021,0.012685041
0,128,CosineSchedule,md4,gibbs,64,16,0.1,False,,5.6454816,0.012795278
1,128,CosineSchedule,md4,gibbs,64,16,0.1,False,,5.7186255,0.01293701
2,128,CosineSchedule,md4,gibbs,64,16,0.1,False,,5.6714964,0.012968507
3,128,CosineSchedule,md4,gibbs,64,16,0.1,False,,5.640258,0.013393702
4,128,CosineSchedule,md4,gibbs,64,16,0.1,False,,5.701305,0.01329134
0,128,CosineSchedule,md4,gibbs,64,16,0.5,False,,6.2992125,0.008338581
1,128,CosineSchedule,md4,gibbs,64,16,0.5,False,,6.2899265,0.008094486
2,128,CosineSchedule,md4,gibbs,64,16,0.5,False,,6.3611965,0.008047242
3,128,CosineSchedule,md4,gibbs,64,16,0.5,False,,6.3288007,0.0078425165
4,128,CosineSchedule,md4,gibbs,64,16,0.5,False,,6.3910527,0.008204723
0,128,CosineSchedule,md4,gibbs,64,16,1.0,False,,7.359282,0.0033149596
1,128,CosineSchedule,md4,gibbs,64,16,1.0,False,,7.4915137,0.0033936999
2,128,CosineSchedule,md4,gibbs,64,16,1.0,False,,7.436672,0.0033622037
3,128,CosineSchedule,md4,gibbs,64,16,1.0,False,,7.491952,0.003527558
4,128,CosineSchedule,md4,gibbs,64,16,1.0,False,,7.3920074,0.003527558
0,128,CosineSchedule,md4,gibbs,64,16,2.0,False,,7.946362,0.0015433066
1,128,CosineSchedule,md4,gibbs,64,16,2.0,False,,8.030113,0.001645669
2,128,CosineSchedule,md4,gibbs,64,16,2.0,False,,8.017036,0.0016062987
3,128,CosineSchedule,md4,gibbs,64,16,2.0,False,,8.035658,0.0014488185
4,128,CosineSchedule,md4,gibbs,64,16,2.0,False,,7.9810452,0.0015984247
0,128,CosineSchedule,md4,gibbs,64,16,4.0,False,,7.861925,0.0010787399
1,128,CosineSchedule,md4,gibbs,64,16,4.0,False,,7.862891,0.0012519682
2,128,CosineSchedule,md4,gibbs,64,16,4.0,False,,7.857099,0.0012992122
3,128,CosineSchedule,md4,gibbs,64,16,4.0,False,,7.905627,0.0011259839
4,128,CosineSchedule,md4,gibbs,64,16,4.0,False,,7.964657,0.0010787399
0,129,CosineSchedule,md4,gibbs_argmax,64,1,0.01,True,,10.907542,0.01476378
1,129,CosineSchedule,md4,gibbs_argmax,64,1,0.01,True,,10.938301,0.01433071
2,129,CosineSchedule,md4,gibbs_argmax,64,1,0.01,True,,10.965476,0.014842521
3,129,CosineSchedule,md4,gibbs_argmax,64,1,0.01,True,,11.021182,0.014417326
4,129,CosineSchedule,md4,gibbs_argmax,64,1,0.01,True,,11.075539,0.014354332
0,129,CosineSchedule,md4,gibbs_argmax,64,1,0.1,True,,10.989011,0.0147086615
1,129,CosineSchedule,md4,gibbs_argmax,64,1,0.1,True,,11.07458,0.014346458
2,129,CosineSchedule,md4,gibbs_argmax,64,1,0.1,True,,11.033531,0.014338587
3,129,CosineSchedule,md4,gibbs_argmax,64,1,0.1,True,,11.065007,0.01444882
4,129,CosineSchedule,md4,gibbs_argmax,64,1,0.1,True,,11.037337,0.014551181
0,129,CosineSchedule,md4,gibbs_argmax,64,1,0.5,True,,10.760824,0.014629922
1,129,CosineSchedule,md4,gibbs_argmax,64,1,0.5,True,,10.717575,0.014771657
2,129,CosineSchedule,md4,gibbs_argmax,64,1,0.5,True,,10.805335,0.014582678
3,129,CosineSchedule,md4,gibbs_argmax,64,1,0.5,True,,10.895471,0.01446457
4,129,CosineSchedule,md4,gibbs_argmax,64,1,0.5,True,,10.83552,0.014897638
0,129,CosineSchedule,md4,gibbs_argmax,64,1,1.0,True,,10.3092785,0.015370084
1,129,CosineSchedule,md4,gibbs_argmax,64,1,1.0,True,,10.144238,0.016181108
2,129,CosineSchedule,md4,gibbs_argmax,64,1,1.0,True,,10.396361,0.015062994
3,129,CosineSchedule,md4,gibbs_argmax,64,1,1.0,True,,10.501272,0.015070869
4,129,CosineSchedule,md4,gibbs_argmax,64,1,1.0,True,,10.310109,0.015551185
0,129,CosineSchedule,md4,gibbs_argmax,64,1,2.0,True,,9.554378,0.017393705
1,129,CosineSchedule,md4,gibbs_argmax,64,1,2.0,True,,9.552952,0.017488193
2,129,CosineSchedule,md4,gibbs_argmax,64,1,2.0,True,,9.720534,0.016708665
3,129,CosineSchedule,md4,gibbs_argmax,64,1,2.0,True,,9.686695,0.016543308
4,129,CosineSchedule,md4,gibbs_argmax,64,1,2.0,True,,9.506126,0.01740945
0,129,CosineSchedule,md4,gibbs_argmax,64,1,4.0,True,,8.776742,0.019259846
1,129,CosineSchedule,md4,gibbs_argmax,64,1,4.0,True,,8.803302,0.01862205
2,129,CosineSchedule,md4,gibbs_argmax,64,1,4.0,True,,8.737202,0.019086618
3,129,CosineSchedule,md4,gibbs_argmax,64,1,4.0,True,,8.85568,0.018559055
4,129,CosineSchedule,md4,gibbs_argmax,64,1,4.0,True,,8.711632,0.019157484
0,129,CosineSchedule,md4,gibbs_argmax,64,2,0.01,True,,9.789676,0.016976379
1,129,CosineSchedule,md4,gibbs_argmax,64,2,0.01,True,,9.877305,0.01650394
2,129,CosineSchedule,md4,gibbs_argmax,64,2,0.01,True,,9.756841,0.016661424
3,129,CosineSchedule,md4,gibbs_argmax,64,2,0.01,True,,9.912492,0.016606305
4,129,CosineSchedule,md4,gibbs_argmax,64,2,0.01,True,,9.776963,0.016692912
0,129,CosineSchedule,md4,gibbs_argmax,64,2,0.1,True,,9.95799,0.01605512
1,129,CosineSchedule,md4,gibbs_argmax,64,2,0.1,True,,9.897927,0.016440947
2,129,CosineSchedule,md4,gibbs_argmax,64,2,0.1,True,,9.800919,0.016472442
3,129,CosineSchedule,md4,gibbs_argmax,64,2,0.1,True,,9.800169,0.016858272
4,129,CosineSchedule,md4,gibbs_argmax,64,2,0.1,True,,9.883407,0.016188981
0,129,CosineSchedule,md4,gibbs_argmax,64,2,0.5,True,,9.992974,0.01570079
1,129,CosineSchedule,md4,gibbs_argmax,64,2,0.5,True,,9.859806,0.016212603
2,129,CosineSchedule,md4,gibbs_argmax,64,2,0.5,True,,9.961089,0.016259845
3,129,CosineSchedule,md4,gibbs_argmax,64,2,0.5,True,,9.921712,0.016354335
4,129,CosineSchedule,md4,gibbs_argmax,64,2,0.5,True,,9.987516,0.016448818
0,129,CosineSchedule,md4,gibbs_argmax,64,2,1.0,True,,9.843883,0.0163937
1,129,CosineSchedule,md4,gibbs_argmax,64,2,1.0,True,,9.71537,0.016653547
2,129,CosineSchedule,md4,gibbs_argmax,64,2,1.0,True,,9.871211,0.016267719
3,129,CosineSchedule,md4,gibbs_argmax,64,2,1.0,True,,9.699909,0.016748033
4,129,CosineSchedule,md4,gibbs_argmax,64,2,1.0,True,,9.613217,0.01717323
0,129,CosineSchedule,md4,gibbs_argmax,64,2,2.0,True,,9.431876,0.017511815
1,129,CosineSchedule,md4,gibbs_argmax,64,2,2.0,True,,9.45068,0.017236223
2,129,CosineSchedule,md4,gibbs_argmax,64,2,2.0,True,,9.582991,0.01677953
3,129,CosineSchedule,md4,gibbs_argmax,64,2,2.0,True,,9.535161,0.016519684
4,129,CosineSchedule,md4,gibbs_argmax,64,2,2.0,True,,9.449981,0.01725197
0,129,CosineSchedule,md4,gibbs_argmax,64,2,4.0,True,,8.883337,0.018259842
1,129,CosineSchedule,md4,gibbs_argmax,64,2,4.0,True,,8.82576,0.018606301
2,129,CosineSchedule,md4,gibbs_argmax,64,2,4.0,True,,8.836118,0.018669294
3,129,CosineSchedule,md4,gibbs_argmax,64,2,4.0,True,,8.91365,0.018070871
4,129,CosineSchedule,md4,gibbs_argmax,64,2,4.0,True,,8.751537,0.01891339
0,129,CosineSchedule,md4,gibbs_argmax,64,4,0.01,True,,8.301446,0.020732285
1,129,CosineSchedule,md4,gibbs_argmax,64,4,0.01,True,,8.252208,0.021472447
2,129,CosineSchedule,md4,gibbs_argmax,64,4,0.01,True,,8.277824,0.020590555
3,129,CosineSchedule,md4,gibbs_argmax,64,4,0.01,True,,8.2896185,0.021181103
4,129,CosineSchedule,md4,gibbs_argmax,64,4,0.01,True,,8.282645,0.020811029
0,129,CosineSchedule,md4,gibbs_argmax,64,4,0.1,True,,8.305756,0.020653542
1,129,CosineSchedule,md4,gibbs_argmax,64,4,0.1,True,,8.274614,0.021527557
2,129,CosineSchedule,md4,gibbs_argmax,64,4,0.1,True,,8.344198,0.020944882
3,129,CosineSchedule,md4,gibbs_argmax,64,4,0.1,True,,8.363826,0.020582682
4,129,CosineSchedule,md4,gibbs_argmax,64,4,0.1,True,,8.291229,0.0206063
0,129,CosineSchedule,md4,gibbs_argmax,64,4,0.5,True,,8.47626,0.01995276
1,129,CosineSchedule,md4,gibbs_argmax,64,4,0.5,True,,8.429371,0.020700788
2,129,CosineSchedule,md4,gibbs_argmax,64,4,0.5,True,,8.484688,0.019960634
3,129,CosineSchedule,md4,gibbs_argmax,64,4,0.5,True,,8.575066,0.019889764
4,129,CosineSchedule,md4,gibbs_argmax,64,4,0.5,True,,8.502159,0.020519685
0,129,CosineSchedule,md4,gibbs_argmax,64,4,1.0,True,,8.617208,0.019157482
1,129,CosineSchedule,md4,gibbs_argmax,64,4,1.0,True,,8.677966,0.019188983
2,129,CosineSchedule,md4,gibbs_argmax,64,4,1.0,True,,8.595219,0.019779533
3,129,CosineSchedule,md4,gibbs_argmax,64,4,1.0,True,,8.50781,0.02033071
4,129,CosineSchedule,md4,gibbs_argmax,64,4,1.0,True,,8.570472,0.020622052
0,129,CosineSchedule,md4,gibbs_argmax,64,4,2.0,True,,8.619528,0.019440947
1,129,CosineSchedule,md4,gibbs_argmax,64,4,2.0,True,,8.651571,0.019322835
2,129,CosineSchedule,md4,gibbs_argmax,64,4,2.0,True,,8.6363945,0.019834647
3,129,CosineSchedule,md4,gibbs_argmax,64,4,2.0,True,,8.563591,0.020094492
4,129,CosineSchedule,md4,gibbs_argmax,64,4,2.0,True,,8.686801,0.01911024
0,129,CosineSchedule,md4,gibbs_argmax,64,4,4.0,True,,8.398398,0.020362208
1,129,CosineSchedule,md4,gibbs_argmax,64,4,4.0,True,,8.460013,0.019881893
2,129,CosineSchedule,md4,gibbs_argmax,64,4,4.0,True,,8.421606,0.020566933
3,129,CosineSchedule,md4,gibbs_argmax,64,4,4.0,True,,8.386843,0.020047246
4,129,CosineSchedule,md4,gibbs_argmax,64,4,4.0,True,,8.339306,0.020204727
0,129,CosineSchedule,md4,gibbs_argmax,64,8,0.01,True,,6.436365,0.029055117
1,129,CosineSchedule,md4,gibbs_argmax,64,8,0.01,True,,6.5897856,0.028102363
2,129,CosineSchedule,md4,gibbs_argmax,64,8,0.01,True,,6.5156527,0.028519684
3,129,CosineSchedule,md4,gibbs_argmax,64,8,0.01,True,,6.500101,0.028488193
4,129,CosineSchedule,md4,gibbs_argmax,64,8,0.01,True,,6.5057178,0.02808662
0,129,CosineSchedule,md4,gibbs_argmax,64,8,0.1,True,,6.5020823,0.028314969
1,129,CosineSchedule,md4,gibbs_argmax,64,8,0.1,True,,6.5386186,0.028448826
2,129,CosineSchedule,md4,gibbs_argmax,64,8,0.1,True,,6.6321244,0.027582679
3,129,CosineSchedule,md4,gibbs_argmax,64,8,0.1,True,,6.483639,0.0290315
4,129,CosineSchedule,md4,gibbs_argmax,64,8,0.1,True,,6.495154,0.028913388
0,129,CosineSchedule,md4,gibbs_argmax,64,8,0.5,True,,6.4931774,0.02851181
1,129,CosineSchedule,md4,gibbs_argmax,64,8,0.5,True,,6.626631,0.028015751
2,129,CosineSchedule,md4,gibbs_argmax,64,8,0.5,True,,6.5620837,0.02814961
3,129,CosineSchedule,md4,gibbs_argmax,64,8,0.5,True,,6.604747,0.02877953
4,129,CosineSchedule,md4,gibbs_argmax,64,8,0.5,True,,6.6552277,0.027661415
0,129,CosineSchedule,md4,gibbs_argmax,64,8,1.0,True,,6.7664003,0.027440948
1,129,CosineSchedule,md4,gibbs_argmax,64,8,1.0,True,,6.7868505,0.027244097
2,129,CosineSchedule,md4,gibbs_argmax,64,8,1.0,True,,6.8813505,0.026259847
3,129,CosineSchedule,md4,gibbs_argmax,64,8,1.0,True,,6.818303,0.02748032
4,129,CosineSchedule,md4,gibbs_argmax,64,8,1.0,True,,6.8041677,0.027291339
0,129,CosineSchedule,md4,gibbs_argmax,64,8,2.0,True,,7.174485,0.025338583
1,129,CosineSchedule,md4,gibbs_argmax,64,8,2.0,True,,7.16164,0.025220476
2,129,CosineSchedule,md4,gibbs_argmax,64,8,2.0,True,,7.171672,0.026062993
3,129,CosineSchedule,md4,gibbs_argmax,64,8,2.0,True,,7.209643,0.026015745
4,129,CosineSchedule,md4,gibbs_argmax,64,8,2.0,True,,7.221031,0.025692921
0,129,CosineSchedule,md4,gibbs_argmax,64,8,4.0,True,,7.2312293,0.025149612
1,129,CosineSchedule,md4,gibbs_argmax,64,8,4.0,True,,7.353786,0.025283467
2,129,CosineSchedule,md4,gibbs_argmax,64,8,4.0,True,,7.3381877,0.025338585
3,129,CosineSchedule,md4,gibbs_argmax,64,8,4.0,True,,7.465733,0.023984255
4,129,CosineSchedule,md4,gibbs_argmax,64,8,4.0,True,,7.3445034,0.024598427
0,129,CosineSchedule,md4,gibbs_argmax,64,16,0.01,True,,4.8107643,0.04553543
1,129,CosineSchedule,md4,gibbs_argmax,64,16,0.01,True,,4.7555356,0.045732275
2,129,CosineSchedule,md4,gibbs_argmax,64,16,0.01,True,,4.8229084,0.043803155
3,129,CosineSchedule,md4,gibbs_argmax,64,16,0.01,True,,4.808595,0.044803146
4,129,CosineSchedule,md4,gibbs_argmax,64,16,0.01,True,,4.826364,0.043905515
0,129,CosineSchedule,md4,gibbs_argmax,64,16,0.1,True,,4.8001204,0.045409445
1,129,CosineSchedule,md4,gibbs_argmax,64,16,0.1,True,,4.828003,0.04500787
2,129,CosineSchedule,md4,gibbs_argmax,64,16,0.1,True,,4.8358455,0.044850387
3,129,CosineSchedule,md4,gibbs_argmax,64,16,0.1,True,,4.8140206,0.045244094
4,129,CosineSchedule,md4,gibbs_argmax,64,16,0.1,True,,4.8113065,0.04517323
0,129,CosineSchedule,md4,gibbs_argmax,64,16,0.5,True,,4.874891,0.043968502
1,129,CosineSchedule,md4,gibbs_argmax,64,16,0.5,True,,4.7796865,0.045724414
2,129,CosineSchedule,md4,gibbs_argmax,64,16,0.5,True,,4.838771,0.044385824
3,129,CosineSchedule,md4,gibbs_argmax,64,16,0.5,True,,4.873962,0.04388188
4,129,CosineSchedule,md4,gibbs_argmax,64,16,0.5,True,,4.855658,0.044952746
0,129,CosineSchedule,md4,gibbs_argmax,64,16,1.0,True,,5.050904,0.042070854
1,129,CosineSchedule,md4,gibbs_argmax,64,16,1.0,True,,4.9529853,0.043669295
2,129,CosineSchedule,md4,gibbs_argmax,64,16,1.0,True,,5.0017586,0.041566923
3,129,CosineSchedule,md4,gibbs_argmax,64,16,1.0,True,,4.9770584,0.043125976
4,129,CosineSchedule,md4,gibbs_argmax,64,16,1.0,True,,4.9894753,0.043220468
0,129,CosineSchedule,md4,gibbs_argmax,64,16,2.0,True,,5.2916617,0.04029134
1,129,CosineSchedule,md4,gibbs_argmax,64,16,2.0,True,,5.3280053,0.03945669
2,129,CosineSchedule,md4,gibbs_argmax,64,16,2.0,True,,5.323795,0.04022046
3,129,CosineSchedule,md4,gibbs_argmax,64,16,2.0,True,,5.3707047,0.039574802
4,129,CosineSchedule,md4,gibbs_argmax,64,16,2.0,True,,5.3158355,0.040629923
0,129,CosineSchedule,md4,gibbs_argmax,64,16,4.0,True,,5.623408,0.038062993
1,129,CosineSchedule,md4,gibbs_argmax,64,16,4.0,True,,5.618224,0.038181096
2,129,CosineSchedule,md4,gibbs_argmax,64,16,4.0,True,,5.5690913,0.03786614
3,129,CosineSchedule,md4,gibbs_argmax,64,16,4.0,True,,5.5705457,0.039338585
4,129,CosineSchedule,md4,gibbs_argmax,64,16,4.0,True,,5.64349,0.037842512
0,129,CosineSchedule,md4,gibbs_argmax,64,1,0.01,False,,15.667075,0.00044094474
1,129,CosineSchedule,md4,gibbs_argmax,64,1,0.01,False,,15.515151,0.0003858267
2,129,CosineSchedule,md4,gibbs_argmax,64,1,0.01,False,,15.744157,0.0004094487
3,129,CosineSchedule,md4,gibbs_argmax,64,1,0.01,False,,15.678588,0.00040157474
4,129,CosineSchedule,md4,gibbs_argmax,64,1,0.01,False,,15.749969,0.00047244082
0,129,CosineSchedule,md4,gibbs_argmax,64,1,0.1,False,,15.724815,0.00042519672
1,129,CosineSchedule,md4,gibbs_argmax,64,1,0.1,False,,15.744157,0.0003937007
2,129,CosineSchedule,md4,gibbs_argmax,64,1,0.1,False,,15.730614,0.00046456684
3,129,CosineSchedule,md4,gibbs_argmax,64,1,0.1,False,,15.800519,0.00040944872
4,129,CosineSchedule,md4,gibbs_argmax,64,1,0.1,False,,15.680509,0.0003543306
0,129,CosineSchedule,md4,gibbs_argmax,64,1,0.5,False,,14.736357,0.0005118109
1,129,CosineSchedule,md4,gibbs_argmax,64,1,0.5,False,,14.700815,0.0006220471
2,129,CosineSchedule,md4,gibbs_argmax,64,1,0.5,False,,14.778894,0.000598425
3,129,CosineSchedule,md4,gibbs_argmax,64,1,0.5,False,,14.899313,0.00068503927
4,129,CosineSchedule,md4,gibbs_argmax,64,1,0.5,False,,14.719411,0.00068503915
0,129,CosineSchedule,md4,gibbs_argmax,64,1,1.0,False,,13.830362,0.00079527544
1,129,CosineSchedule,md4,gibbs_argmax,64,1,1.0,False,,13.570823,0.00067716517
2,129,CosineSchedule,md4,gibbs_argmax,64,1,1.0,False,,13.902466,0.0008976375
3,129,CosineSchedule,md4,gibbs_argmax,64,1,1.0,False,,13.837837,0.0009921257
4,129,CosineSchedule,md4,gibbs_argmax,64,1,1.0,False,,13.739802,0.0007244093
0,129,CosineSchedule,md4,gibbs_argmax,64,1,2.0,False,,12.438052,0.0013858264
1,129,CosineSchedule,md4,gibbs_argmax,64,1,2.0,False,,12.224237,0.001267716
2,129,CosineSchedule,md4,gibbs_argmax,64,1,2.0,False,,12.285248,0.0012440942
3,129,CosineSchedule,md4,gibbs_argmax,64,1,2.0,False,,12.471987,0.0013385824
4,129,CosineSchedule,md4,gibbs_argmax,64,1,2.0,False,,12.294688,0.0014645666
0,129,CosineSchedule,md4,gibbs_argmax,64,1,4.0,False,,11.245827,0.002259842
1,129,CosineSchedule,md4,gibbs_argmax,64,1,4.0,False,,11.065964,0.0016062987
2,129,CosineSchedule,md4,gibbs_argmax,64,1,4.0,False,,11.088011,0.0018740153
3,129,CosineSchedule,md4,gibbs_argmax,64,1,4.0,False,,11.262649,0.0019842514
4,129,CosineSchedule,md4,gibbs_argmax,64,1,4.0,False,,11.051632,0.0018818892
0,129,CosineSchedule,md4,gibbs_argmax,64,2,0.01,False,,13.563632,0.0013228343
1,129,CosineSchedule,md4,gibbs_argmax,64,2,0.01,False,,13.644601,0.0011653539
2,129,CosineSchedule,md4,gibbs_argmax,64,2,0.01,False,,13.659162,0.0012913382
3,129,CosineSchedule,md4,gibbs_argmax,64,2,0.01,False,,13.772326,0.0013464564
4,129,CosineSchedule,md4,gibbs_argmax,64,2,0.01,False,,13.468013,0.0012440942
0,129,CosineSchedule,md4,gibbs_argmax,64,2,0.1,False,,13.6679125,0.0012440942
1,129,CosineSchedule,md4,gibbs_argmax,64,2,0.1,False,,13.922122,0.0014094485
2,129,CosineSchedule,md4,gibbs_argmax,64,2,0.1,False,,13.612677,0.001173228
3,129,CosineSchedule,md4,gibbs_argmax,64,2,0.1,False,,13.68106,0.0013307084
4,129,CosineSchedule,md4,gibbs_argmax,64,2,0.1,False,,13.572262,0.0012519681
0,129,CosineSchedule,md4,gibbs_argmax,64,2,0.5,False,,13.845322,0.00092125963
1,129,CosineSchedule,md4,gibbs_argmax,64,2,0.5,False,,13.846819,0.0010157478
2,129,CosineSchedule,md4,gibbs_argmax,64,2,0.5,False,,13.717715,0.001102362
3,129,CosineSchedule,md4,gibbs_argmax,64,2,0.5,False,,13.964652,0.0009842517
4,129,CosineSchedule,md4,gibbs_argmax,64,2,0.5,False,,13.941836,0.001220472
0,129,CosineSchedule,md4,gibbs_argmax,64,2,1.0,False,,13.323618,0.001125984
1,129,CosineSchedule,md4,gibbs_argmax,64,2,1.0,False,,13.480779,0.0009606296
2,129,CosineSchedule,md4,gibbs_argmax,64,2,1.0,False,,13.408758,0.0009999997
3,129,CosineSchedule,md4,gibbs_argmax,64,2,1.0,False,,13.42986,0.0010314957
4,129,CosineSchedule,md4,gibbs_argmax,64,2,1.0,False,,13.359775,0.00097637775
0,129,CosineSchedule,md4,gibbs_argmax,64,2,2.0,False,,12.40791,0.0013937005
1,129,CosineSchedule,md4,gibbs_argmax,64,2,2.0,False,,12.362371,0.0012755903
2,129,CosineSchedule,md4,gibbs_argmax,64,2,2.0,False,,12.49268,0.0014566926
3,129,CosineSchedule,md4,gibbs_argmax,64,2,2.0,False,,12.435636,0.0012283461
4,129,CosineSchedule,md4,gibbs_argmax,64,2,2.0,False,,12.295869,0.0012834643
0,129,CosineSchedule,md4,gibbs_argmax,64,2,4.0,False,,11.217247,0.0018818893
1,129,CosineSchedule,md4,gibbs_argmax,64,2,4.0,False,,11.214298,0.0015118106
2,129,CosineSchedule,md4,gibbs_argmax,64,2,4.0,False,,11.27356,0.0018031491
3,129,CosineSchedule,md4,gibbs_argmax,64,2,4.0,False,,11.230041,0.0020157474
4,129,CosineSchedule,md4,gibbs_argmax,64,2,4.0,False,,11.257695,0.0019212592
0,129,CosineSchedule,md4,gibbs_argmax,64,4,0.01,False,,11.187833,0.0027401568
1,129,CosineSchedule,md4,gibbs_argmax,64,4,0.01,False,,11.17416,0.003015747
2,129,CosineSchedule,md4,gibbs_argmax,64,4,0.01,False,,11.306421,0.0030787394
3,129,CosineSchedule,md4,gibbs_argmax,64,4,0.01,False,,11.281509,0.002921259
4,129,CosineSchedule,md4,gibbs_argmax,64,4,0.01,False,,11.230041,0.0028267708
0,129,CosineSchedule,md4,gibbs_argmax,64,4,0.1,False,,11.329439,0.0030393691
1,129,CosineSchedule,md4,gibbs_argmax,64,4,0.1,False,,11.345506,0.0028031487
2,129,CosineSchedule,md4,gibbs_argmax,64,4,0.1,False,,11.322424,0.0029763773
3,129,CosineSchedule,md4,gibbs_argmax,64,4,0.1,False,,11.414304,0.0027480307
4,129,CosineSchedule,md4,gibbs_argmax,64,4,0.1,False,,11.289468,0.002921259
0,129,CosineSchedule,md4,gibbs_argmax,64,4,0.5,False,,12.15113,0.0021417318
1,129,CosineSchedule,md4,gibbs_argmax,64,4,0.5,False,,12.123508,0.0021653536
2,129,CosineSchedule,md4,gibbs_argmax,64,4,0.5,False,,12.102874,0.002370078
3,129,CosineSchedule,md4,gibbs_argmax,64,4,0.5,False,,12.083451,0.00231496
4,129,CosineSchedule,md4,gibbs_argmax,64,4,0.5,False,,12.242946,0.0022598421
0,129,CosineSchedule,md4,gibbs_argmax,64,4,1.0,False,,12.180036,0.0015590547
1,129,CosineSchedule,md4,gibbs_argmax,64,4,1.0,False,,12.374323,0.0016062987
2,129,CosineSchedule,md4,gibbs_argmax,64,4,1.0,False,,12.259362,0.0016535429
3,129,CosineSchedule,md4,gibbs_argmax,64,4,1.0,False,,12.409112,0.0015511807
4,129,CosineSchedule,md4,gibbs_argmax,64,4,1.0,False,,12.400698,0.0014960626
0,129,CosineSchedule,md4,gibbs_argmax,64,4,2.0,False,,11.698044,0.0018582671
1,129,CosineSchedule,md4,gibbs_argmax,64,4,2.0,False,,11.921392,0.0014724405
2,129,CosineSchedule,md4,gibbs_argmax,64,4,2.0,False,,11.866136,0.0014488185
3,129,CosineSchedule,md4,gibbs_argmax,64,4,2.0,False,,11.762544,0.0015039366
4,129,CosineSchedule,md4,gibbs_argmax,64,4,2.0,False,,11.774446,0.0016929129
0,129,CosineSchedule,md4,gibbs_argmax,64,4,4.0,False,,10.910331,0.0021259836
1,129,CosineSchedule,md4,gibbs_argmax,64,4,4.0,False,,11.063094,0.0017322829
2,129,CosineSchedule,md4,gibbs_argmax,64,4,4.0,False,,11.039241,0.0020708656
3,129,CosineSchedule,md4,gibbs_argmax,64,4,4.0,False,,10.940171,0.0021496057
4,129,CosineSchedule,md4,gibbs_argmax,64,4,4.0,False,,10.944848,0.0020393694
0,129,CosineSchedule,md4,gibbs_argmax,64,8,0.01,False,,8.395095,0.0069212574
1,129,CosineSchedule,md4,gibbs_argmax,64,8,0.01,False,,8.544726,0.0068976358
2,129,CosineSchedule,md4,gibbs_argmax,64,8,0.01,False,,8.400604,0.0072204703
3,129,CosineSchedule,md4,gibbs_argmax,64,8,0.01,False,,8.433259,0.0073385807
4,129,CosineSchedule,md4,gibbs_argmax,64,8,0.01,False,,8.405017,0.0072125965
0,129,CosineSchedule,md4,gibbs_argmax,64,8,0.1,False,,8.402258,0.0073779505
1,129,CosineSchedule,md4,gibbs_argmax,64,8,0.1,False,,8.495951,0.007196848
2,129,CosineSchedule,md4,gibbs_argmax,64,8,0.1,False,,8.537887,0.0067244074
3,129,CosineSchedule,md4,gibbs_argmax,64,8,0.1,False,,8.455542,0.0074173203
4,129,CosineSchedule,md4,gibbs_argmax,64,8,0.1,False,,8.461132,0.007125982
0,129,CosineSchedule,md4,gibbs_argmax,64,8,0.5,False,,9.244547,0.0055826753
1,129,CosineSchedule,md4,gibbs_argmax,64,8,0.5,False,,9.34443,0.005496061
2,129,CosineSchedule,md4,gibbs_argmax,64,8,0.5,False,,9.397254,0.0053307074
3,129,CosineSchedule,md4,gibbs_argmax,64,8,0.5,False,,9.428403,0.005283463
4,129,CosineSchedule,md4,gibbs_argmax,64,8,0.5,False,,9.32333,0.005377951
0,129,CosineSchedule,md4,gibbs_argmax,64,8,1.0,False,,10.454953,0.0031338574
1,129,CosineSchedule,md4,gibbs_argmax,64,8,1.0,False,,10.35934,0.0032204716
2,129,CosineSchedule,md4,gibbs_argmax,64,8,1.0,False,,10.466923,0.0029842511
3,129,CosineSchedule,md4,gibbs_argmax,64,8,1.0,False,,10.364372,0.0031811015
4,129,CosineSchedule,md4,gibbs_argmax,64,8,1.0,False,,10.41921,0.003417322
0,129,CosineSchedule,md4,gibbs_argmax,64,8,2.0,False,,10.387081,0.0027322825
1,129,CosineSchedule,md4,gibbs_argmax,64,8,2.0,False,,10.551479,0.0025905506
2,129,CosineSchedule,md4,gibbs_argmax,64,8,2.0,False,,10.662224,0.0023385822
3,129,CosineSchedule,md4,gibbs_argmax,64,8,2.0,False,,10.647147,0.0024488184
4,129,CosineSchedule,md4,gibbs_argmax,64,8,2.0,False,,10.4892235,0.0025590542
0,129,CosineSchedule,md4,gibbs_argmax,64,8,4.0,False,,9.821977,0.0025433062
1,129,CosineSchedule,md4,gibbs_argmax,64,8,4.0,False,,10.099417,0.0027795266
2,129,CosineSchedule,md4,gibbs_argmax,64,8,4.0,False,,9.988295,0.0028031487
3,129,CosineSchedule,md4,gibbs_argmax,64,8,4.0,False,,10.128184,0.0027244084
4,129,CosineSchedule,md4,gibbs_argmax,64,8,4.0,False,,9.791173,0.0030314953
0,129,CosineSchedule,md4,gibbs_argmax,64,16,0.01,False,,5.9220877,0.01959843
1,129,CosineSchedule,md4,gibbs_argmax,64,16,0.01,False,,5.856247,0.019566933
2,129,CosineSchedule,md4,gibbs_argmax,64,16,0.01,False,,5.9504437,0.018196855
3,129,CosineSchedule,md4,gibbs_argmax,64,16,0.01,False,,5.9559817,0.019173235
4,129,CosineSchedule,md4,gibbs_argmax,64,16,0.01,False,,5.948785,0.01837008
0,129,CosineSchedule,md4,gibbs_argmax,64,16,0.1,False,,5.9418807,0.018157482
1,129,CosineSchedule,md4,gibbs_argmax,64,16,0.1,False,,5.9762816,0.017606301
2,129,CosineSchedule,md4,gibbs_argmax,64,16,0.1,False,,5.9643073,0.018960632
3,129,CosineSchedule,md4,gibbs_argmax,64,16,0.1,False,,5.907874,0.019362206
4,129,CosineSchedule,md4,gibbs_argmax,64,16,0.1,False,,5.9827065,0.01892126
0,129,CosineSchedule,md4,gibbs_argmax,64,16,0.5,False,,6.6067924,0.013157485
1,129,CosineSchedule,md4,gibbs_argmax,64,16,0.5,False,,6.5752296,0.012803152
2,129,CosineSchedule,md4,gibbs_argmax,64,16,0.5,False,,6.6579976,0.012889766
3,129,CosineSchedule,md4,gibbs_argmax,64,16,0.5,False,,6.6269736,0.012598428
4,129,CosineSchedule,md4,gibbs_argmax,64,16,0.5,False,,6.663196,0.012755903
0,129,CosineSchedule,md4,gibbs_argmax,64,16,1.0,False,,7.6445293,0.007842517
1,129,CosineSchedule,md4,gibbs_argmax,64,16,1.0,False,,7.7646346,0.0075118085
2,129,CosineSchedule,md4,gibbs_argmax,64,16,1.0,False,,7.7257366,0.007543305
3,129,CosineSchedule,md4,gibbs_argmax,64,16,1.0,False,,7.782574,0.007551179
4,129,CosineSchedule,md4,gibbs_argmax,64,16,1.0,False,,7.6821513,0.007787399
0,129,CosineSchedule,md4,gibbs_argmax,64,16,2.0,False,,8.207759,0.005393699
1,129,CosineSchedule,md4,gibbs_argmax,64,16,2.0,False,,8.27943,0.0053700767
2,129,CosineSchedule,md4,gibbs_argmax,64,16,2.0,False,,8.302524,0.0053228326
3,129,CosineSchedule,md4,gibbs_argmax,64,16,2.0,False,,8.310069,0.0055196835
4,129,CosineSchedule,md4,gibbs_argmax,64,16,2.0,False,,8.251677,0.005425195
0,129,CosineSchedule,md4,gibbs_argmax,64,16,4.0,False,,8.139387,0.005307085
1,129,CosineSchedule,md4,gibbs_argmax,64,16,4.0,False,,8.111534,0.0051968484
2,129,CosineSchedule,md4,gibbs_argmax,64,16,4.0,False,,8.118736,0.0049370066
3,129,CosineSchedule,md4,gibbs_argmax,64,16,4.0,False,,8.168996,0.0052125966
4,129,CosineSchedule,md4,gibbs_argmax,64,16,4.0,False,,8.219354,0.0052677146
0,128,CosineSchedule,maskgit,none,128,,,True,0.01,144.63277,0.0
1,128,CosineSchedule,maskgit,none,128,,,True,0.01,149.8829,0.0
2,128,CosineSchedule,maskgit,none,128,,,True,0.01,149.8829,0.0
3,128,CosineSchedule,maskgit,none,128,,,True,0.01,146.95752,0.0
4,128,CosineSchedule,maskgit,none,128,,,True,0.01,146.2857,0.0
0,128,CosineSchedule,maskgit,none,128,,,True,0.1,143.33707,0.0
1,128,CosineSchedule,maskgit,none,128,,,True,0.1,148.14815,0.0
2,128,CosineSchedule,maskgit,none,128,,,True,0.1,147.806,0.0
3,128,CosineSchedule,maskgit,none,128,,,True,0.1,145.78589,0.0
4,128,CosineSchedule,maskgit,none,128,,,True,0.1,145.78589,0.0
0,128,CosineSchedule,maskgit,none,128,,,True,0.5,18.478418,0.0
1,128,CosineSchedule,maskgit,none,128,,,True,0.5,18.473085,0.0
2,128,CosineSchedule,maskgit,none,128,,,True,0.5,18.171494,0.0
3,128,CosineSchedule,maskgit,none,128,,,True,0.5,18.1844,0.0
4,128,CosineSchedule,maskgit,none,128,,,True,0.5,18.14059,0.0
0,128,CosineSchedule,maskgit,none,128,,,True,1.0,14.115571,0.0
1,128,CosineSchedule,maskgit,none,128,,,True,1.0,14.1499,0.0
2,128,CosineSchedule,maskgit,none,128,,,True,1.0,14.002844,0.0
3,128,CosineSchedule,maskgit,none,128,,,True,1.0,14.140521,0.0
4,128,CosineSchedule,maskgit,none,128,,,True,1.0,13.975324,7.874016e-06
0,128,CosineSchedule,maskgit,none,128,,,True,2.0,12.2417755,0.0
1,128,CosineSchedule,maskgit,none,128,,,True,2.0,12.281712,0.0
2,128,CosineSchedule,maskgit,none,128,,,True,2.0,12.244117,0.0
3,128,CosineSchedule,maskgit,none,128,,,True,2.0,12.343298,0.0
4,128,CosineSchedule,maskgit,none,128,,,True,2.0,12.130401,7.874016e-06
0,128,CosineSchedule,maskgit,none,128,,,True,4.0,10.886205,0.0
1,128,CosineSchedule,maskgit,none,128,,,True,4.0,11.134308,0.0
2,128,CosineSchedule,maskgit,none,128,,,True,4.0,11.061182,0.0
3,128,CosineSchedule,maskgit,none,128,,,True,4.0,11.130434,0.0
4,128,CosineSchedule,maskgit,none,128,,,True,4.0,10.971115,7.874016e-06
0,128,CosineSchedule,maskgit,none,128,,,False,0.01,144.63277,0.0
1,128,CosineSchedule,maskgit,none,128,,,False,0.01,149.8829,0.0
2,128,CosineSchedule,maskgit,none,128,,,False,0.01,149.8829,0.0
3,128,CosineSchedule,maskgit,none,128,,,False,0.01,146.95752,0.0
4,128,CosineSchedule,maskgit,none,128,,,False,0.01,146.2857,0.0
0,128,CosineSchedule,maskgit,none,128,,,False,0.1,140.65933,0.0
1,128,CosineSchedule,maskgit,none,128,,,False,0.1,143.98201,0.0
2,128,CosineSchedule,maskgit,none,128,,,False,0.1,144.63277,0.0
3,128,CosineSchedule,maskgit,none,128,,,False,0.1,147.12643,0.0
4,128,CosineSchedule,maskgit,none,128,,,False,0.1,141.74971,0.0
0,128,CosineSchedule,maskgit,none,128,,,False,0.5,16.126999,0.0
1,128,CosineSchedule,maskgit,none,128,,,False,0.5,16.284986,0.0
2,128,CosineSchedule,maskgit,none,128,,,False,0.5,16.114819,0.0
3,128,CosineSchedule,maskgit,none,128,,,False,0.5,16.345295,0.0
4,128,CosineSchedule,maskgit,none,128,,,False,0.5,16.25397,7.874016e-06
0,128,CosineSchedule,maskgit,none,128,,,False,1.0,13.559321,0.0
1,128,CosineSchedule,maskgit,none,128,,,False,1.0,13.496415,0.0
2,128,CosineSchedule,maskgit,none,128,,,False,1.0,13.579461,0.0
3,128,CosineSchedule,maskgit,none,128,,,False,1.0,13.422819,0.0
4,128,CosineSchedule,maskgit,none,128,,,False,1.0,13.333334,7.874016e-06
0,128,CosineSchedule,maskgit,none,128,,,False,2.0,11.761463,0.0
1,128,CosineSchedule,maskgit,none,128,,,False,2.0,11.940298,0.0
2,128,CosineSchedule,maskgit,none,128,,,False,2.0,11.836509,0.0
3,128,CosineSchedule,maskgit,none,128,,,False,2.0,11.919173,0.0
4,128,CosineSchedule,maskgit,none,128,,,False,2.0,11.744197,1.5748032e-05
0,128,CosineSchedule,maskgit,none,128,,,False,4.0,10.604805,0.0
1,128,CosineSchedule,maskgit,none,128,,,False,4.0,10.843782,0.0
2,128,CosineSchedule,maskgit,none,128,,,False,4.0,10.763539,0.0
3,128,CosineSchedule,maskgit,none,128,,,False,4.0,10.8963995,0.0
4,128,CosineSchedule,maskgit,none,128,,,False,4.0,10.706818,1.5748032e-05
0,16,LinearSchedule,md4,none,16,,,False,,3.6963239,0.07122047
1,16,LinearSchedule,md4,none,16,,,False,,3.694617,0.06946456
2,16,LinearSchedule,md4,none,16,,,False,,3.7351542,0.069519676
3,16,LinearSchedule,md4,none,16,,,False,,3.7110054,0.069496065
4,16,LinearSchedule,md4,none,16,,,False,,3.7199569,0.06951968
0,16,LinearSchedule,md4,none,16,,,False,,3.6963239,0.07122047
1,16,LinearSchedule,md4,none,16,,,False,,3.694617,0.06946456
2,16,LinearSchedule,md4,none,16,,,False,,3.7351542,0.069519676
3,16,LinearSchedule,md4,none,16,,,False,,3.7110054,0.069496065
4,16,LinearSchedule,md4,none,16,,,False,,3.7199569,0.06951968
0,16,LinearSchedule,md4,gibbs,8,1,0.01,True,,2.7561853,0.11322834
1,16,LinearSchedule,md4,gibbs,8,1,0.01,True,,2.7412517,0.11248818
2,16,LinearSchedule,md4,gibbs,8,1,0.01,True,,2.7486095,0.113251984
3,16,LinearSchedule,md4,gibbs,8,1,0.01,True,,2.761418,0.11284254
4,16,LinearSchedule,md4,gibbs,8,1,0.01,True,,2.7461917,0.1124882
0,16,LinearSchedule,md4,gibbs,8,1,0.1,True,,2.7561853,0.11314172
1,16,LinearSchedule,md4,gibbs,8,1,0.1,True,,2.74178,0.11232284
2,16,LinearSchedule,md4,gibbs,8,1,0.1,True,,2.7477837,0.11308661
3,16,LinearSchedule,md4,gibbs,8,1,0.1,True,,2.7583828,0.11298426
4,16,LinearSchedule,md4,gibbs,8,1,0.1,True,,2.7484326,0.11226772
0,16,LinearSchedule,md4,gibbs,8,1,0.5,True,,2.7540503,0.11328347
1,16,LinearSchedule,md4,gibbs,8,1,0.5,True,,2.7386708,0.11224409
2,16,LinearSchedule,md4,gibbs,8,1,0.5,True,,2.7451317,0.11307875
3,16,LinearSchedule,md4,gibbs,8,1,0.5,True,,2.7539318,0.11290552
4,16,LinearSchedule,md4,gibbs,8,1,0.5,True,,2.745426,0.112236224
0,16,LinearSchedule,md4,gibbs,8,1,1.0,True,,2.7462506,0.11314176
1,16,LinearSchedule,md4,gibbs,8,1,1.0,True,,2.733524,0.11206301
2,16,LinearSchedule,md4,gibbs,8,1,1.0,True,,2.7414277,0.113425195
3,16,LinearSchedule,md4,gibbs,8,1,1.0,True,,2.7497315,0.1127795
4,16,LinearSchedule,md4,gibbs,8,1,1.0,True,,2.7427201,0.11222838
0,16,LinearSchedule,md4,gibbs,8,1,2.0,True,,2.7463684,0.11170082
1,16,LinearSchedule,md4,gibbs,8,1,2.0,True,,2.7247376,0.11115749
2,16,LinearSchedule,md4,gibbs,8,1,2.0,True,,2.7353933,0.112866156
3,16,LinearSchedule,md4,gibbs,8,1,2.0,True,,2.7435431,0.11190551
4,16,LinearSchedule,md4,gibbs,8,1,2.0,True,,2.7310746,0.11184254
0,16,LinearSchedule,md4,gibbs,8,1,4.0,True,,2.7186613,0.11131497
1,16,LinearSchedule,md4,gibbs,8,1,4.0,True,,2.7003648,0.11009447
2,16,LinearSchedule,md4,gibbs,8,1,4.0,True,,2.709396,0.11204726
3,16,LinearSchedule,md4,gibbs,8,1,4.0,True,,2.7172184,0.111748055
4,16,LinearSchedule,md4,gibbs,8,1,4.0,True,,2.7067034,0.11113387
0,16,LinearSchedule,md4,gibbs,8,2,0.01,True,,2.7554734,0.12011812
1,16,LinearSchedule,md4,gibbs,8,2,0.01,True,,2.7334657,0.11871655
2,16,LinearSchedule,md4,gibbs,8,2,0.01,True,,2.7332323,0.121015735
3,16,LinearSchedule,md4,gibbs,8,2,0.01,True,,2.7410753,0.11945671
4,16,LinearSchedule,md4,gibbs,8,2,0.01,True,,2.734283,0.11967717
0,16,LinearSchedule,md4,gibbs,8,2,0.1,True,,2.7537541,0.12018897
1,16,LinearSchedule,md4,gibbs,8,2,0.1,True,,2.733699,0.11874805
2,16,LinearSchedule,md4,gibbs,8,2,0.1,True,,2.7299094,0.12111023
3,16,LinearSchedule,md4,gibbs,8,2,0.1,True,,2.7443078,0.11918112
4,16,LinearSchedule,md4,gibbs,8,2,0.1,True,,2.730958,0.120039366
0,16,LinearSchedule,md4,gibbs,8,2,0.5,True,,2.7469578,0.12051181
1,16,LinearSchedule,md4,gibbs,8,2,0.5,True,,2.7241578,0.11907087
2,16,LinearSchedule,md4,gibbs,8,2,0.5,True,,2.733641,0.12055119
3,16,LinearSchedule,md4,gibbs,8,2,0.5,True,,2.7411928,0.11930711
4,16,LinearSchedule,md4,gibbs,8,2,0.5,True,,2.7275827,0.1201181
0,16,LinearSchedule,md4,gibbs,8,2,1.0,True,,2.7495544,0.11934647
1,16,LinearSchedule,md4,gibbs,8,2,1.0,True,,2.7234044,0.118259855
2,16,LinearSchedule,md4,gibbs,8,2,1.0,True,,2.7356858,0.120062985
3,16,LinearSchedule,md4,gibbs,8,2,1.0,True,,2.7437193,0.118661426
4,16,LinearSchedule,md4,gibbs,8,2,1.0,True,,2.7377336,0.11934645
0,16,LinearSchedule,md4,gibbs,8,2,2.0,True,,2.7426615,0.11867717
1,16,LinearSchedule,md4,gibbs,8,2,2.0,True,,2.722767,0.11665356
2,16,LinearSchedule,md4,gibbs,8,2,2.0,True,,2.7349842,0.11930708
3,16,LinearSchedule,md4,gibbs,8,2,2.0,True,,2.7419562,0.11792128
4,16,LinearSchedule,md4,gibbs,8,2,2.0,True,,2.7454848,0.116653554
0,16,LinearSchedule,md4,gibbs,8,2,4.0,True,,2.7419562,0.11481105
1,16,LinearSchedule,md4,gibbs,8,2,4.0,True,,2.7176797,0.11371655
2,16,LinearSchedule,md4,gibbs,8,2,4.0,True,,2.7290366,0.11683464
3,16,LinearSchedule,md4,gibbs,8,2,4.0,True,,2.7289784,0.11548822
4,16,LinearSchedule,md4,gibbs,8,2,4.0,True,,2.7295601,0.11499212
0,16,LinearSchedule,md4,gibbs,8,4,0.01,True,,2.8291671,0.12759843
1,16,LinearSchedule,md4,gibbs,8,4,0.01,True,,2.786364,0.12855121
2,16,LinearSchedule,md4,gibbs,8,4,0.01,True,,2.8065252,0.12804724
3,16,LinearSchedule,md4,gibbs,8,4,0.01,True,,2.8193212,0.12913385
4,16,LinearSchedule,md4,gibbs,8,4,0.01,True,,2.7919557,0.12804724
0,16,LinearSchedule,md4,gibbs,8,4,0.1,True,,2.8307939,0.12707089
1,16,LinearSchedule,md4,gibbs,8,4,0.1,True,,2.7888534,0.12871654
2,16,LinearSchedule,md4,gibbs,8,4,0.1,True,,2.810099,0.12829924
3,16,LinearSchedule,md4,gibbs,8,4,0.1,True,,2.8246717,0.12899211
4,16,LinearSchedule,md4,gibbs,8,4,0.1,True,,2.7853334,0.12902366
0,16,LinearSchedule,md4,gibbs,8,4,0.5,True,,2.8270426,0.12748818
1,16,LinearSchedule,md4,gibbs,8,4,0.5,True,,2.7856972,0.12861416
2,16,LinearSchedule,md4,gibbs,8,4,0.5,True,,2.799405,0.12902363
3,16,LinearSchedule,md4,gibbs,8,4,0.5,True,,2.8256695,0.12850393
4,16,LinearSchedule,md4,gibbs,8,4,0.5,True,,2.79086,0.12828349
0,16,LinearSchedule,md4,gibbs,8,4,1.0,True,,2.8212476,0.12679529
1,16,LinearSchedule,md4,gibbs,8,4,1.0,True,,2.7852728,0.12850395
2,16,LinearSchedule,md4,gibbs,8,4,1.0,True,,2.798426,0.1279685
3,16,LinearSchedule,md4,gibbs,8,4,1.0,True,,2.811642,0.12832285
4,16,LinearSchedule,md4,gibbs,8,4,1.0,True,,2.7876992,0.12805514
0,16,LinearSchedule,md4,gibbs,8,4,2.0,True,,2.7901907,0.12761419
1,16,LinearSchedule,md4,gibbs,8,4,2.0,True,,2.7760308,0.12671655
2,16,LinearSchedule,md4,gibbs,8,4,2.0,True,,2.7804327,0.12866929
3,16,LinearSchedule,md4,gibbs,8,4,2.0,True,,2.795187,0.1270945
4,16,LinearSchedule,md4,gibbs,8,4,2.0,True,,2.7747672,0.12707874
0,16,LinearSchedule,md4,gibbs,8,4,4.0,True,,2.7613585,0.125937
1,16,LinearSchedule,md4,gibbs,8,4,4.0,True,,2.745426,0.12497637
2,16,LinearSchedule,md4,gibbs,8,4,4.0,True,,2.763564,0.1276693
3,16,LinearSchedule,md4,gibbs,8,4,4.0,True,,2.7598102,0.1262441
4,16,LinearSchedule,md4,gibbs,8,4,4.0,True,,2.7473118,0.12622835
0,16,LinearSchedule,md4,gibbs,8,8,0.01,True,,2.8500812,0.12934646
1,16,LinearSchedule,md4,gibbs,8,8,0.01,True,,2.8044345,0.132063
2,16,LinearSchedule,md4,gibbs,8,8,0.01,True,,2.838578,0.12992129
3,16,LinearSchedule,md4,gibbs,8,8,0.01,True,,2.8164675,0.13250397
4,16,LinearSchedule,md4,gibbs,8,8,0.01,True,,2.8029609,0.13054332
0,16,LinearSchedule,md4,gibbs,8,8,0.1,True,,2.8563778,0.12933071
1,16,LinearSchedule,md4,gibbs,8,8,0.1,True,,2.8029609,0.13225985
2,16,LinearSchedule,md4,gibbs,8,8,0.1,True,,2.8495739,0.12933072
3,16,LinearSchedule,md4,gibbs,8,8,0.1,True,,2.8232388,0.13213387
4,16,LinearSchedule,md4,gibbs,8,8,0.1,True,,2.8063407,0.13055119
0,16,LinearSchedule,md4,gibbs,8,8,0.5,True,,2.8494468,0.12812598
1,16,LinearSchedule,md4,gibbs,8,8,0.5,True,,2.8149192,0.13194491
2,16,LinearSchedule,md4,gibbs,8,8,0.5,True,,2.8498275,0.1291732
3,16,LinearSchedule,md4,gibbs,8,8,0.5,True,,2.8214965,0.13148819
4,16,LinearSchedule,md4,gibbs,8,8,0.5,True,,2.8046803,0.13066141
0,16,LinearSchedule,md4,gibbs,8,8,1.0,True,,2.8482423,0.12828347
1,16,LinearSchedule,md4,gibbs,8,8,1.0,True,,2.8196938,0.13056692
2,16,LinearSchedule,md4,gibbs,8,8,1.0,True,,2.8397746,0.12985039
3,16,LinearSchedule,md4,gibbs,8,8,1.0,True,,2.820129,0.13184254
4,16,LinearSchedule,md4,gibbs,8,8,1.0,True,,2.8006914,0.13156693
0,16,LinearSchedule,md4,gibbs,8,8,2.0,True,,2.8110247,0.12999214
1,16,LinearSchedule,md4,gibbs,8,8,2.0,True,,2.7970805,0.13177954
2,16,LinearSchedule,md4,gibbs,8,8,2.0,True,,2.8173974,0.13106301
3,16,LinearSchedule,md4,gibbs,8,8,2.0,True,,2.7945158,0.13289763
4,16,LinearSchedule,md4,gibbs,8,8,2.0,True,,2.7887318,0.13149609
0,16,LinearSchedule,md4,gibbs,8,8,4.0,True,,2.7598696,0.13151179
1,16,LinearSchedule,md4,gibbs,8,8,4.0,True,,2.7510908,0.13200001
2,16,LinearSchedule,md4,gibbs,8,8,4.0,True,,2.7735646,0.13280317
3,16,LinearSchedule,md4,gibbs,8,8,4.0,True,,2.7596912,0.13329133
4,16,LinearSchedule,md4,gibbs,8,8,4.0,True,,2.7564821,0.13137795
0,16,LinearSchedule,md4,gibbs,8,16,0.01,True,,2.5818944,0.13692129
1,16,LinearSchedule,md4,gibbs,8,16,0.01,True,,2.5740025,0.14051184
2,16,LinearSchedule,md4,gibbs,8,16,0.01,True,,2.5727093,0.13741736
3,16,LinearSchedule,md4,gibbs,8,16,0.01,True,,2.5512745,0.14113386
4,16,LinearSchedule,md4,gibbs,8,16,0.01,True,,2.565593,0.13840157
0,16,LinearSchedule,md4,gibbs,8,16,0.1,True,,2.5816863,0.13641731
1,16,LinearSchedule,md4,gibbs,8,16,0.1,True,,2.570849,0.13994488
2,16,LinearSchedule,md4,gibbs,8,16,0.1,True,,2.5777347,0.136937
3,16,LinearSchedule,md4,gibbs,8,16,0.1,True,,2.5541255,0.14132285
4,16,LinearSchedule,md4,gibbs,8,16,0.1,True,,2.5681152,0.1378504
0,16,LinearSchedule,md4,gibbs,8,16,0.5,True,,2.5892587,0.1367874
1,16,LinearSchedule,md4,gibbs,8,16,0.5,True,,2.5879498,0.13937007
2,16,LinearSchedule,md4,gibbs,8,16,0.5,True,,2.5845013,0.1380787
3,16,LinearSchedule,md4,gibbs,8,16,0.5,True,,2.560256,0.1425433
4,16,LinearSchedule,md4,gibbs,8,16,0.5,True,,2.579085,0.13666144
0,16,LinearSchedule,md4,gibbs,8,16,1.0,True,,2.6088376,0.13618897
1,16,LinearSchedule,md4,gibbs,8,16,1.0,True,,2.6187115,0.13886614
2,16,LinearSchedule,md4,gibbs,8,16,1.0,True,,2.6039019,0.1375354
3,16,LinearSchedule,md4,gibbs,8,16,1.0,True,,2.5829887,0.14161418
4,16,LinearSchedule,md4,gibbs,8,16,1.0,True,,2.5943491,0.13800788
0,16,LinearSchedule,md4,gibbs,8,16,2.0,True,,2.6352088,0.13481891
1,16,LinearSchedule,md4,gibbs,8,16,2.0,True,,2.633149,0.13719685
2,16,LinearSchedule,md4,gibbs,8,16,2.0,True,,2.6297948,0.1367323
3,16,LinearSchedule,md4,gibbs,8,16,2.0,True,,2.610966,0.14018899
4,16,LinearSchedule,md4,gibbs,8,16,2.0,True,,2.6145394,0.13680315
0,16,LinearSchedule,md4,gibbs,8,16,4.0,True,,2.6483488,0.13326772
1,16,LinearSchedule,md4,gibbs,8,16,4.0,True,,2.64594,0.13704725
2,16,LinearSchedule,md4,gibbs,8,16,4.0,True,,2.6343954,0.1365118
3,16,LinearSchedule,md4,gibbs,8,16,4.0,True,,2.6321743,0.13804725
4,16,LinearSchedule,md4,gibbs,8,16,4.0,True,,2.634775,0.13496852
0,16,LinearSchedule,md4,gibbs,8,1,0.01,False,,2.7810974,0.11051969
1,16,LinearSchedule,md4,gibbs,8,1,0.01,False,,2.7699032,0.10956697
2,16,LinearSchedule,md4,gibbs,8,1,0.01,False,,2.7716424,0.110393725
3,16,LinearSchedule,md4,gibbs,8,1,0.01,False,,2.7807348,0.11039371
4,16,LinearSchedule,md4,gibbs,8,1,0.01,False,,2.7705626,0.109677166
0,16,LinearSchedule,md4,gibbs,8,1,0.1,False,,2.7794669,0.11040158
1,16,LinearSchedule,md4,gibbs,8,1,0.1,False,,2.7669096,0.10948034
2,16,LinearSchedule,md4,gibbs,8,1,0.1,False,,2.7716424,0.110039406
3,16,LinearSchedule,md4,gibbs,8,1,0.1,False,,2.778441,0.11048821
4,16,LinearSchedule,md4,gibbs,8,1,0.1,False,,2.7688248,0.109629944
0,16,LinearSchedule,md4,gibbs,8,1,0.5,False,,2.7530434,0.11073228
1,16,LinearSchedule,md4,gibbs,8,1,0.5,False,,2.73955,0.10920474
2,16,LinearSchedule,md4,gibbs,8,1,0.5,False,,2.7418976,0.11068506
3,16,LinearSchedule,md4,gibbs,8,1,0.5,False,,2.7493773,0.10999212
4,16,LinearSchedule,md4,gibbs,8,1,0.5,False,,2.7425437,0.10961417
0,16,LinearSchedule,md4,gibbs,8,1,1.0,False,,2.7252595,0.110291354
1,16,LinearSchedule,md4,gibbs,8,1,1.0,False,,2.7145097,0.10888975
2,16,LinearSchedule,md4,gibbs,8,1,1.0,False,,2.7210307,0.11081891
3,16,LinearSchedule,md4,gibbs,8,1,1.0,False,,2.72584,0.11
4,16,LinearSchedule,md4,gibbs,8,1,1.0,False,,2.714337,0.10951184
0,16,LinearSchedule,md4,gibbs,8,1,2.0,False,,2.697008,0.11003149
1,16,LinearSchedule,md4,gibbs,8,1,2.0,False,,2.6822572,0.1087008
2,16,LinearSchedule,md4,gibbs,8,1,2.0,False,,2.687777,0.111007884
3,16,LinearSchedule,md4,gibbs,8,1,2.0,False,,2.6936593,0.11040946
4,16,LinearSchedule,md4,gibbs,8,1,2.0,False,,2.6806283,0.11015749
0,16,LinearSchedule,md4,gibbs,8,1,4.0,False,,2.655051,0.11044884
1,16,LinearSchedule,md4,gibbs,8,1,4.0,False,,2.6451201,0.10851971
2,16,LinearSchedule,md4,gibbs,8,1,4.0,False,,2.6485682,0.11090553
3,16,LinearSchedule,md4,gibbs,8,1,4.0,False,,2.65252,0.11117321
4,16,LinearSchedule,md4,gibbs,8,1,4.0,False,,2.646159,0.10988189
0,16,LinearSchedule,md4,gibbs,8,2,0.01,False,,2.8634067,0.110653535
1,16,LinearSchedule,md4,gibbs,8,2,0.01,False,,2.8394597,0.10925986
2,16,LinearSchedule,md4,gibbs,8,2,0.01,False,,2.8468485,0.1102441
3,16,LinearSchedule,md4,gibbs,8,2,0.01,False,,2.8486223,0.1099449
4,16,LinearSchedule,md4,gibbs,8,2,0.01,False,,2.8505888,0.10925982
0,16,LinearSchedule,md4,gibbs,8,2,0.1,False,,2.8606548,0.11078739
1,16,LinearSchedule,md4,gibbs,8,2,0.1,False,,2.838578,0.109252
2,16,LinearSchedule,md4,gibbs,8,2,0.1,False,,2.8431175,0.110189
3,16,LinearSchedule,md4,gibbs,8,2,0.1,False,,2.846975,0.1098819
4,16,LinearSchedule,md4,gibbs,8,2,0.1,False,,2.8483055,0.109307066
0,16,LinearSchedule,md4,gibbs,8,2,0.5,False,,2.8085573,0.11071652
1,16,LinearSchedule,md4,gibbs,8,2,0.5,False,,2.787517,0.1087874
2,16,LinearSchedule,md4,gibbs,8,2,0.5,False,,2.7996502,0.11053545
3,16,LinearSchedule,md4,gibbs,8,2,0.5,False,,2.7982426,0.11034645
4,16,LinearSchedule,md4,gibbs,8,2,0.5,False,,2.8016722,0.10925195
0,16,LinearSchedule,md4,gibbs,8,2,1.0,False,,2.7828507,0.110275604
1,16,LinearSchedule,md4,gibbs,8,2,1.0,False,,2.7625504,0.1083622
2,16,LinearSchedule,md4,gibbs,8,2,1.0,False,,2.7749476,0.110259846
3,16,LinearSchedule,md4,gibbs,8,2,1.0,False,,2.770383,0.109842524
4,16,LinearSchedule,md4,gibbs,8,2,1.0,False,,2.7715225,0.10921261
0,16,LinearSchedule,md4,gibbs,8,2,2.0,False,,2.7387295,0.11017325
1,16,LinearSchedule,md4,gibbs,8,2,2.0,False,,2.7208571,0.108976394
2,16,LinearSchedule,md4,gibbs,8,2,2.0,False,,2.7370899,0.11170078
3,16,LinearSchedule,md4,gibbs,8,2,2.0,False,,2.7319489,0.11037795
4,16,LinearSchedule,md4,gibbs,8,2,2.0,False,,2.74178,0.10901574
0,16,LinearSchedule,md4,gibbs,8,2,4.0,False,,2.6911108,0.11036222
1,16,LinearSchedule,md4,gibbs,8,2,4.0,False,,2.6742437,0.109157495
2,16,LinearSchedule,md4,gibbs,8,2,4.0,False,,2.6878898,0.11095276
3,16,LinearSchedule,md4,gibbs,8,2,4.0,False,,2.689132,0.110496074
4,16,LinearSchedule,md4,gibbs,8,2,4.0,False,,2.6873255,0.1093386
0,16,LinearSchedule,md4,gibbs,8,4,0.01,False,,3.06925,0.10926771
1,16,LinearSchedule,md4,gibbs,8,4,0.01,False,,3.0216472,0.10949608
2,16,LinearSchedule,md4,gibbs,8,4,0.01,False,,3.032888,0.11005511
3,16,LinearSchedule,md4,gibbs,8,4,0.01,False,,3.0511062,0.11082678
4,16,LinearSchedule,md4,gibbs,8,4,0.01,False,,3.022004,0.1098189
0,16,LinearSchedule,md4,gibbs,8,4,0.1,False,,3.0659418,0.109181106
1,16,LinearSchedule,md4,gibbs,8,4,0.1,False,,3.02015,0.110149615
2,16,LinearSchedule,md4,gibbs,8,4,0.1,False,,3.0337508,0.1102441
3,16,LinearSchedule,md4,gibbs,8,4,0.1,False,,3.053945,0.11066929
4,16,LinearSchedule,md4,gibbs,8,4,0.1,False,,3.0166624,0.110519685
0,16,LinearSchedule,md4,gibbs,8,4,0.5,False,,3.0053298,0.108322844
1,16,LinearSchedule,md4,gibbs,8,4,0.5,False,,2.9664652,0.10925984
2,16,LinearSchedule,md4,gibbs,8,4,0.5,False,,2.9701133,0.11007088
3,16,LinearSchedule,md4,gibbs,8,4,0.5,False,,2.9900954,0.110716544
4,16,LinearSchedule,md4,gibbs,8,4,0.5,False,,2.9698374,0.1089449
0,16,LinearSchedule,md4,gibbs,8,4,1.0,False,,2.953596,0.10922834
1,16,LinearSchedule,md4,gibbs,8,4,1.0,False,,2.9234424,0.10841732
2,16,LinearSchedule,md4,gibbs,8,4,1.0,False,,2.9403658,0.109944925
3,16,LinearSchedule,md4,gibbs,8,4,1.0,False,,2.9506686,0.10977954
4,16,LinearSchedule,md4,gibbs,8,4,1.0,False,,2.93403,0.108370095
0,16,LinearSchedule,md4,gibbs,8,4,2.0,False,,2.889521,0.110346444
1,16,LinearSchedule,md4,gibbs,8,4,2.0,False,,2.883987,0.10824411
2,16,LinearSchedule,md4,gibbs,8,4,2.0,False,,2.8864584,0.1107953
3,16,LinearSchedule,md4,gibbs,8,4,2.0,False,,2.8956,0.109968506
4,16,LinearSchedule,md4,gibbs,8,4,2.0,False,,2.882883,0.10919684
0,16,LinearSchedule,md4,gibbs,8,4,4.0,False,,2.815043,0.10990551
1,16,LinearSchedule,md4,gibbs,8,4,4.0,False,,2.8006914,0.10939372
2,16,LinearSchedule,md4,gibbs,8,4,4.0,False,,2.8169012,0.1115433
3,16,LinearSchedule,md4,gibbs,8,4,4.0,False,,2.8190107,0.11043306
4,16,LinearSchedule,md4,gibbs,8,4,4.0,False,,2.811395,0.10966141
0,16,LinearSchedule,md4,gibbs,8,8,0.01,False,,3.09119,0.11042518
1,16,LinearSchedule,md4,gibbs,8,8,0.01,False,,3.0559866,0.11282678
2,16,LinearSchedule,md4,gibbs,8,8,0.01,False,,3.0906675,0.11081101
3,16,LinearSchedule,md4,gibbs,8,8,0.01,False,,3.0674112,0.113622054
4,16,LinearSchedule,md4,gibbs,8,8,0.01,False,,3.0480545,0.11130708
0,16,LinearSchedule,md4,gibbs,8,8,0.1,False,,3.0992737,0.111070864
1,16,LinearSchedule,md4,gibbs,8,8,0.1,False,,3.058469,0.112440936
2,16,LinearSchedule,md4,gibbs,8,8,0.1,False,,3.1001744,0.109322846
3,16,LinearSchedule,md4,gibbs,8,8,0.1,False,,3.06925,0.11383463
4,16,LinearSchedule,md4,gibbs,8,8,0.1,False,,3.0610292,0.110944875
0,16,LinearSchedule,md4,gibbs,8,8,0.5,False,,3.0585423,0.108362205
1,16,LinearSchedule,md4,gibbs,8,8,0.5,False,,3.0278656,0.11070868
2,16,LinearSchedule,md4,gibbs,8,8,0.5,False,,3.0573006,0.10863778
3,16,LinearSchedule,md4,gibbs,8,8,0.5,False,,3.0260046,0.11251183
4,16,LinearSchedule,md4,gibbs,8,8,0.5,False,,3.0214336,0.110511795
0,16,LinearSchedule,md4,gibbs,8,8,1.0,False,,3.047982,0.10773229
1,16,LinearSchedule,md4,gibbs,8,8,1.0,False,,3.0309486,0.109401576
2,16,LinearSchedule,md4,gibbs,8,8,1.0,False,,3.0425482,0.108212605
3,16,LinearSchedule,md4,gibbs,8,8,1.0,False,,3.015525,0.110598415
4,16,LinearSchedule,md4,gibbs,8,8,1.0,False,,3.0021577,0.10997637
0,16,LinearSchedule,md4,gibbs,8,8,2.0,False,,3.000328,0.107503936
1,16,LinearSchedule,md4,gibbs,8,8,2.0,False,,2.9675655,0.1101811
2,16,LinearSchedule,md4,gibbs,8,8,2.0,False,,2.9971664,0.10856693
3,16,LinearSchedule,md4,gibbs,8,8,2.0,False,,2.977783,0.11107874
4,16,LinearSchedule,md4,gibbs,8,8,2.0,False,,2.97232,0.109102376
0,16,LinearSchedule,md4,gibbs,8,8,4.0,False,,2.9250455,0.108511806
1,16,LinearSchedule,md4,gibbs,8,8,4.0,False,,2.9060528,0.10928347
2,16,LinearSchedule,md4,gibbs,8,8,4.0,False,,2.9271863,0.109086595
3,16,LinearSchedule,md4,gibbs,8,8,4.0,False,,2.9051952,0.111889765
4,16,LinearSchedule,md4,gibbs,8,8,4.0,False,,2.903482,0.10878741
0,16,LinearSchedule,md4,gibbs,8,16,0.01,False,,2.7796478,0.11688974
1,16,LinearSchedule,md4,gibbs,8,16,0.01,False,,2.7679267,0.11995277
2,16,LinearSchedule,md4,gibbs,8,16,0.01,False,,2.7745264,0.11638584
3,16,LinearSchedule,md4,gibbs,8,16,0.01,False,,2.7418976,0.12118112
4,16,LinearSchedule,md4,gibbs,8,16,0.01,False,,2.7589774,0.11770865
0,16,LinearSchedule,md4,gibbs,8,16,0.1,False,,2.7780793,0.11611021
1,16,LinearSchedule,md4,gibbs,8,16,0.1,False,,2.7636836,0.12042519
2,16,LinearSchedule,md4,gibbs,8,16,0.1,False,,2.7771146,0.11711024
3,16,LinearSchedule,md4,gibbs,8,16,0.1,False,,2.7486095,0.12086615
4,16,LinearSchedule,md4,gibbs,8,16,0.1,False,,2.7659528,0.11724409
0,16,LinearSchedule,md4,gibbs,8,16,0.5,False,,2.793357,0.11214171
1,16,LinearSchedule,md4,gibbs,8,16,0.5,False,,2.8039432,0.11437796
2,16,LinearSchedule,md4,gibbs,8,16,0.5,False,,2.792382,0.113212615
3,16,LinearSchedule,md4,gibbs,8,16,0.5,False,,2.7715225,0.11695276
4,16,LinearSchedule,md4,gibbs,8,16,0.5,False,,2.7859397,0.113267705
0,16,LinearSchedule,md4,gibbs,8,16,1.0,False,,2.8519864,0.10872442
1,16,LinearSchedule,md4,gibbs,8,16,1.0,False,,2.8563778,0.11125197
2,16,LinearSchedule,md4,gibbs,8,16,1.0,False,,2.840216,0.109826766
3,16,LinearSchedule,md4,gibbs,8,16,1.0,False,,2.8186383,0.11367718
4,16,LinearSchedule,md4,gibbs,8,16,1.0,False,,2.8324225,0.110149615
0,16,LinearSchedule,md4,gibbs,8,16,2.0,False,,2.8674476,0.1068268
1,16,LinearSchedule,md4,gibbs,8,16,2.0,False,,2.8598242,0.11004724
2,16,LinearSchedule,md4,gibbs,8,16,2.0,False,,2.8513513,0.10956693
3,16,LinearSchedule,md4,gibbs,8,16,2.0,False,,2.8367536,0.11286615
4,16,LinearSchedule,md4,gibbs,8,16,2.0,False,,2.849637,0.10841731
0,16,LinearSchedule,md4,gibbs,8,16,4.0,False,,2.8380747,0.10728347
1,16,LinearSchedule,md4,gibbs,8,16,4.0,False,,2.8373196,0.110338576
2,16,LinearSchedule,md4,gibbs,8,16,4.0,False,,2.8269799,0.10896851
3,16,LinearSchedule,md4,gibbs,8,16,4.0,False,,2.8079412,0.11202359
4,16,LinearSchedule,md4,gibbs,8,16,4.0,False,,2.8258564,0.1078189
0,17,LinearSchedule,md4,gibbs_argmax,8,1,0.01,True,,5.159418,0.013913388
1,17,LinearSchedule,md4,gibbs_argmax,8,1,0.01,True,,5.1061115,0.013677168
2,17,LinearSchedule,md4,gibbs_argmax,8,1,0.01,True,,5.0906777,0.013850396
3,17,LinearSchedule,md4,gibbs_argmax,8,1,0.01,True,,5.153601,0.012543309
4,17,LinearSchedule,md4,gibbs_argmax,8,1,0.01,True,,5.1775746,0.012771656
0,17,LinearSchedule,md4,gibbs_argmax,8,1,0.1,True,,5.1531863,0.013960633
1,17,LinearSchedule,md4,gibbs_argmax,8,1,0.1,True,,5.1048894,0.013685041
2,17,LinearSchedule,md4,gibbs_argmax,8,1,0.1,True,,5.088047,0.013929137
3,17,LinearSchedule,md4,gibbs_argmax,8,1,0.1,True,,5.146763,0.012645669
4,17,LinearSchedule,md4,gibbs_argmax,8,1,0.1,True,,5.183026,0.012637799
0,17,LinearSchedule,md4,gibbs_argmax,8,1,0.5,True,,5.1449018,0.013921263
1,17,LinearSchedule,md4,gibbs_argmax,8,1,0.5,True,,5.092298,0.013787402
2,17,LinearSchedule,md4,gibbs_argmax,8,1,0.5,True,,5.085419,0.013921262
3,17,LinearSchedule,md4,gibbs_argmax,8,1,0.5,True,,5.1341705,0.0127401585
4,17,LinearSchedule,md4,gibbs_argmax,8,1,0.5,True,,5.1748533,0.012787404
0,17,LinearSchedule,md4,gibbs_argmax,8,1,1.0,True,,5.116316,0.0138740195
1,17,LinearSchedule,md4,gibbs_argmax,8,1,1.0,True,,5.083803,0.0136063015
2,17,LinearSchedule,md4,gibbs_argmax,8,1,1.0,True,,5.083197,0.013929136
3,17,LinearSchedule,md4,gibbs_argmax,8,1,1.0,True,,5.123894,0.012716537
4,17,LinearSchedule,md4,gibbs_argmax,8,1,1.0,True,,5.1563005,0.0126535455
0,17,LinearSchedule,md4,gibbs_argmax,8,1,2.0,True,,5.11223,0.013307087
1,17,LinearSchedule,md4,gibbs_argmax,8,1,2.0,True,,5.0590887,0.013283465
2,17,LinearSchedule,md4,gibbs_argmax,8,1,2.0,True,,5.0624905,0.013748035
3,17,LinearSchedule,md4,gibbs_argmax,8,1,2.0,True,,5.1085567,0.012236224
4,17,LinearSchedule,md4,gibbs_argmax,8,1,2.0,True,,5.1193857,0.012637796
0,17,LinearSchedule,md4,gibbs_argmax,8,1,4.0,True,,5.010373,0.013944885
1,17,LinearSchedule,md4,gibbs_argmax,8,1,4.0,True,,4.9577813,0.013787405
2,17,LinearSchedule,md4,gibbs_argmax,8,1,4.0,True,,4.9706807,0.013811026
3,17,LinearSchedule,md4,gibbs_argmax,8,1,4.0,True,,5.0048876,0.01271654
4,17,LinearSchedule,md4,gibbs_argmax,8,1,4.0,True,,5.0276914,0.012732286
0,17,LinearSchedule,md4,gibbs_argmax,8,2,0.01,True,,5.128411,0.018149609
1,17,LinearSchedule,md4,gibbs_argmax,8,2,0.01,True,,5.035405,0.018314963
2,17,LinearSchedule,md4,gibbs_argmax,8,2,0.01,True,,5.007041,0.019330708
3,17,LinearSchedule,md4,gibbs_argmax,8,2,0.01,True,,5.051701,0.017370082
4,17,LinearSchedule,md4,gibbs_argmax,8,2,0.01,True,,5.070311,0.018393703
0,17,LinearSchedule,md4,gibbs_argmax,8,2,0.1,True,,5.117134,0.01836221
1,17,LinearSchedule,md4,gibbs_argmax,8,2,0.1,True,,5.0340195,0.01833071
2,17,LinearSchedule,md4,gibbs_argmax,8,2,0.1,True,,4.990837,0.019511815
3,17,LinearSchedule,md4,gibbs_argmax,8,2,0.1,True,,5.0556917,0.017346457
4,17,LinearSchedule,md4,gibbs_argmax,8,2,0.1,True,,5.0626903,0.018551184
0,17,LinearSchedule,md4,gibbs_argmax,8,2,0.5,True,,5.0908804,0.018622052
1,17,LinearSchedule,md4,gibbs_argmax,8,2,0.5,True,,5.0109615,0.018976387
2,17,LinearSchedule,md4,gibbs_argmax,8,2,0.5,True,,5.0129237,0.019062994
3,17,LinearSchedule,md4,gibbs_argmax,8,2,0.5,True,,5.0586886,0.016984256
4,17,LinearSchedule,md4,gibbs_argmax,8,2,0.5,True,,5.05689,0.018559055
0,17,LinearSchedule,md4,gibbs_argmax,8,2,1.0,True,,5.111005,0.017803153
1,17,LinearSchedule,md4,gibbs_argmax,8,2,1.0,True,,5.0196075,0.018181102
2,17,LinearSchedule,md4,gibbs_argmax,8,2,1.0,True,,5.0316443,0.01874016
3,17,LinearSchedule,md4,gibbs_argmax,8,2,1.0,True,,5.0763435,0.016842522
4,17,LinearSchedule,md4,gibbs_argmax,8,2,1.0,True,,5.09818,0.01777166
0,17,LinearSchedule,md4,gibbs_argmax,8,2,2.0,True,,5.1091685,0.017086616
1,17,LinearSchedule,md4,gibbs_argmax,8,2,2.0,True,,5.033425,0.017047247
2,17,LinearSchedule,md4,gibbs_argmax,8,2,2.0,True,,5.0787606,0.01774016
3,17,LinearSchedule,md4,gibbs_argmax,8,2,2.0,True,,5.088249,0.015960632
4,17,LinearSchedule,md4,gibbs_argmax,8,2,2.0,True,,5.1085567,0.016417325
0,17,LinearSchedule,md4,gibbs_argmax,8,2,4.0,True,,5.096353,0.015503939
1,17,LinearSchedule,md4,gibbs_argmax,8,2,4.0,True,,5.0200014,0.01501575
2,17,LinearSchedule,md4,gibbs_argmax,8,2,4.0,True,,5.046324,0.016125986
3,17,LinearSchedule,md4,gibbs_argmax,8,2,4.0,True,,5.053695,0.014763785
4,17,LinearSchedule,md4,gibbs_argmax,8,2,4.0,True,,5.0769477,0.014842521
0,17,LinearSchedule,md4,gibbs_argmax,8,4,0.01,True,,5.340677,0.024314966
1,17,LinearSchedule,md4,gibbs_argmax,8,4,0.01,True,,5.211302,0.025110243
2,17,LinearSchedule,md4,gibbs_argmax,8,4,0.01,True,,5.290568,0.023976376
3,17,LinearSchedule,md4,gibbs_argmax,8,4,0.01,True,,5.3076797,0.023921262
4,17,LinearSchedule,md4,gibbs_argmax,8,4,0.01,True,,5.3028417,0.023850396
0,17,LinearSchedule,md4,gibbs_argmax,8,4,0.1,True,,5.3686776,0.023771655
1,17,LinearSchedule,md4,gibbs_argmax,8,4,0.1,True,,5.2200155,0.024889767
2,17,LinearSchedule,md4,gibbs_argmax,8,4,0.1,True,,5.3054795,0.0236063
3,17,LinearSchedule,md4,gibbs_argmax,8,4,0.1,True,,5.3202543,0.023811024
4,17,LinearSchedule,md4,gibbs_argmax,8,4,0.1,True,,5.2881637,0.023960633
0,17,LinearSchedule,md4,gibbs_argmax,8,4,0.5,True,,5.3673267,0.02362205
1,17,LinearSchedule,md4,gibbs_argmax,8,4,0.5,True,,5.225556,0.024724415
2,17,LinearSchedule,md4,gibbs_argmax,8,4,0.5,True,,5.281617,0.024433076
3,17,LinearSchedule,md4,gibbs_argmax,8,4,0.5,True,,5.3444676,0.023157485
4,17,LinearSchedule,md4,gibbs_argmax,8,4,0.5,True,,5.303721,0.024055121
0,17,LinearSchedule,md4,gibbs_argmax,8,4,1.0,True,,5.3743124,0.023409449
1,17,LinearSchedule,md4,gibbs_argmax,8,4,1.0,True,,5.229826,0.024960628
2,17,LinearSchedule,md4,gibbs_argmax,8,4,1.0,True,,5.2857614,0.02426772
3,17,LinearSchedule,md4,gibbs_argmax,8,4,1.0,True,,5.3291144,0.023330713
4,17,LinearSchedule,md4,gibbs_argmax,8,4,1.0,True,,5.287727,0.024606295
0,17,LinearSchedule,md4,gibbs_argmax,8,4,2.0,True,,5.2772627,0.024425201
1,17,LinearSchedule,md4,gibbs_argmax,8,4,2.0,True,,5.2319646,0.024283463
2,17,LinearSchedule,md4,gibbs_argmax,8,4,2.0,True,,5.262725,0.024708666
3,17,LinearSchedule,md4,gibbs_argmax,8,4,2.0,True,,5.2857614,0.023377953
4,17,LinearSchedule,md4,gibbs_argmax,8,4,2.0,True,,5.2768273,0.024314957
0,17,LinearSchedule,md4,gibbs_argmax,8,4,4.0,True,,5.197758,0.023377955
1,17,LinearSchedule,md4,gibbs_argmax,8,4,4.0,True,,5.1540165,0.02327559
2,17,LinearSchedule,md4,gibbs_argmax,8,4,4.0,True,,5.2015605,0.023968507
3,17,LinearSchedule,md4,gibbs_argmax,8,4,4.0,True,,5.1943836,0.022653548
4,17,LinearSchedule,md4,gibbs_argmax,8,4,4.0,True,,5.1742263,0.023811031
0,17,LinearSchedule,md4,gibbs_argmax,8,8,0.01,True,,5.3229094,0.027188977
1,17,LinearSchedule,md4,gibbs_argmax,8,8,0.01,True,,5.2240634,0.027826779
2,17,LinearSchedule,md4,gibbs_argmax,8,8,0.01,True,,5.3260098,0.027716538
3,17,LinearSchedule,md4,gibbs_argmax,8,8,0.01,True,,5.2899117,0.027015744
4,17,LinearSchedule,md4,gibbs_argmax,8,8,0.01,True,,5.259698,0.026535437
0,17,LinearSchedule,md4,gibbs_argmax,8,8,0.1,True,,5.331334,0.026818896
1,17,LinearSchedule,md4,gibbs_argmax,8,8,0.1,True,,5.208545,0.028110238
2,17,LinearSchedule,md4,gibbs_argmax,8,8,0.1,True,,5.3380036,0.027850395
3,17,LinearSchedule,md4,gibbs_argmax,8,8,0.1,True,,5.3054795,0.027173232
4,17,LinearSchedule,md4,gibbs_argmax,8,8,0.1,True,,5.263158,0.026622053
0,17,LinearSchedule,md4,gibbs_argmax,8,8,0.5,True,,5.330446,0.027212603
1,17,LinearSchedule,md4,gibbs_argmax,8,8,0.5,True,,5.257537,0.027881889
2,17,LinearSchedule,md4,gibbs_argmax,8,8,0.5,True,,5.350276,0.027582679
3,17,LinearSchedule,md4,gibbs_argmax,8,8,0.5,True,,5.3078995,0.027125986
4,17,LinearSchedule,md4,gibbs_argmax,8,8,0.5,True,,5.287727,0.027566934
0,17,LinearSchedule,md4,gibbs_argmax,8,8,1.0,True,,5.364177,0.0268189
1,17,LinearSchedule,md4,gibbs_argmax,8,8,1.0,True,,5.326232,0.027086616
2,17,LinearSchedule,md4,gibbs_argmax,8,8,1.0,True,,5.3686776,0.027952755
3,17,LinearSchedule,md4,gibbs_argmax,8,8,1.0,True,,5.3572173,0.027007874
4,17,LinearSchedule,md4,gibbs_argmax,8,8,1.0,True,,5.3109827,0.027433077
0,17,LinearSchedule,md4,gibbs_argmax,8,8,2.0,True,,5.305919,0.02801575
1,17,LinearSchedule,md4,gibbs_argmax,8,8,2.0,True,,5.291005,0.02764567
2,17,LinearSchedule,md4,gibbs_argmax,8,8,2.0,True,,5.334889,0.02823622
3,17,LinearSchedule,md4,gibbs_argmax,8,8,2.0,True,,5.3021827,0.02834646
4,17,LinearSchedule,md4,gibbs_argmax,8,8,2.0,True,,5.3052597,0.0277874
0,17,LinearSchedule,md4,gibbs_argmax,8,8,4.0,True,,5.1675415,0.029078746
1,17,LinearSchedule,md4,gibbs_argmax,8,8,4.0,True,,5.1621227,0.02936221
2,17,LinearSchedule,md4,gibbs_argmax,8,8,4.0,True,,5.2371016,0.029181102
3,17,LinearSchedule,md4,gibbs_argmax,8,8,4.0,True,,5.22705,0.028244095
4,17,LinearSchedule,md4,gibbs_argmax,8,8,4.0,True,,5.2011375,0.028425204
0,17,LinearSchedule,md4,gibbs_argmax,8,16,0.01,True,,4.3051257,0.037133854
1,17,LinearSchedule,md4,gibbs_argmax,8,16,0.01,True,,4.324032,0.037905507
2,17,LinearSchedule,md4,gibbs_argmax,8,16,0.01,True,,4.27436,0.03909449
3,17,LinearSchedule,md4,gibbs_argmax,8,16,0.01,True,,4.2802205,0.03785827
4,17,LinearSchedule,md4,gibbs_argmax,8,16,0.01,True,,4.266382,0.038188968
0,17,LinearSchedule,md4,gibbs_argmax,8,16,0.1,True,,4.3033886,0.0371811
1,17,LinearSchedule,md4,gibbs_argmax,8,16,0.1,True,,4.3139763,0.037968513
2,17,LinearSchedule,md4,gibbs_argmax,8,16,0.1,True,,4.285236,0.03818898
3,17,LinearSchedule,md4,gibbs_argmax,8,16,0.1,True,,4.2986193,0.03802362
4,17,LinearSchedule,md4,gibbs_argmax,8,16,0.1,True,,4.2676625,0.03826772
0,17,LinearSchedule,md4,gibbs_argmax,8,16,0.5,True,,4.3404546,0.037551176
1,17,LinearSchedule,md4,gibbs_argmax,8,16,0.5,True,,4.370391,0.037062988
2,17,LinearSchedule,md4,gibbs_argmax,8,16,0.5,True,,4.3435473,0.038086616
3,17,LinearSchedule,md4,gibbs_argmax,8,16,0.5,True,,4.3158674,0.039118107
4,17,LinearSchedule,md4,gibbs_argmax,8,16,0.5,True,,4.3235936,0.037582673
0,17,LinearSchedule,md4,gibbs_argmax,8,16,1.0,True,,4.44429,0.03709449
1,17,LinearSchedule,md4,gibbs_argmax,8,16,1.0,True,,4.498805,0.03744881
2,17,LinearSchedule,md4,gibbs_argmax,8,16,1.0,True,,4.4367414,0.03781103
3,17,LinearSchedule,md4,gibbs_argmax,8,16,1.0,True,,4.4321327,0.038102366
4,17,LinearSchedule,md4,gibbs_argmax,8,16,1.0,True,,4.415925,0.038055122
0,17,LinearSchedule,md4,gibbs_argmax,8,16,2.0,True,,4.5696335,0.036566924
1,17,LinearSchedule,md4,gibbs_argmax,8,16,2.0,True,,4.5640936,0.036826782
2,17,LinearSchedule,md4,gibbs_argmax,8,16,2.0,True,,4.585513,0.036622047
3,17,LinearSchedule,md4,gibbs_argmax,8,16,2.0,True,,4.5791154,0.037283458
4,17,LinearSchedule,md4,gibbs_argmax,8,16,2.0,True,,4.550626,0.036921255
0,17,LinearSchedule,md4,gibbs_argmax,8,16,4.0,True,,4.6773367,0.034606297
1,17,LinearSchedule,md4,gibbs_argmax,8,16,4.0,True,,4.652346,0.035960633
2,17,LinearSchedule,md4,gibbs_argmax,8,16,4.0,True,,4.6542068,0.03530708
3,17,LinearSchedule,md4,gibbs_argmax,8,16,4.0,True,,4.6833262,0.03495276
4,17,LinearSchedule,md4,gibbs_argmax,8,16,4.0,True,,4.660307,0.03466929
0,17,LinearSchedule,md4,gibbs_argmax,8,1,0.01,False,,5.2119384,0.012637795
1,17,LinearSchedule,md4,gibbs_argmax,8,1,0.01,False,,5.178203,0.011929136
2,17,LinearSchedule,md4,gibbs_argmax,8,1,0.01,False,,5.166916,0.012149605
3,17,LinearSchedule,md4,gibbs_argmax,8,1,0.01,False,,5.200715,0.011401575
4,17,LinearSchedule,md4,gibbs_argmax,8,1,0.01,False,,5.2388163,0.011393701
0,17,LinearSchedule,md4,gibbs_argmax,8,1,0.1,False,,5.209605,0.01264567
1,17,LinearSchedule,md4,gibbs_argmax,8,1,0.1,False,,5.1721354,0.012000003
2,17,LinearSchedule,md4,gibbs_argmax,8,1,0.1,False,,5.1619143,0.012251971
3,17,LinearSchedule,md4,gibbs_argmax,8,1,0.1,False,,5.19586,0.011409448
4,17,LinearSchedule,md4,gibbs_argmax,8,1,0.1,False,,5.2409616,0.011338584
0,17,LinearSchedule,md4,gibbs_argmax,8,1,0.5,False,,5.114885,0.014496066
1,17,LinearSchedule,md4,gibbs_argmax,8,1,0.5,False,,5.0945272,0.013425199
2,17,LinearSchedule,md4,gibbs_argmax,8,1,0.5,False,,5.0894637,0.01374016
3,17,LinearSchedule,md4,gibbs_argmax,8,1,0.5,False,,5.1061115,0.013118111
4,17,LinearSchedule,md4,gibbs_argmax,8,1,0.5,False,,5.144695,0.013078741
0,17,LinearSchedule,md4,gibbs_argmax,8,1,1.0,False,,5.016067,0.015637798
1,17,LinearSchedule,md4,gibbs_argmax,8,1,1.0,False,,4.999414,0.014992129
2,17,LinearSchedule,md4,gibbs_argmax,8,1,1.0,False,,5.017247,0.014897642
3,17,LinearSchedule,md4,gibbs_argmax,8,1,1.0,False,,5.0255203,0.014338585
4,17,LinearSchedule,md4,gibbs_argmax,8,1,1.0,False,,5.042149,0.0143937
0,17,LinearSchedule,md4,gibbs_argmax,8,1,2.0,False,,4.9115534,0.016929138
1,17,LinearSchedule,md4,gibbs_argmax,8,1,2.0,False,,4.8812113,0.016110238
2,17,LinearSchedule,md4,gibbs_argmax,8,1,2.0,False,,4.9028997,0.01611024
3,17,LinearSchedule,md4,gibbs_argmax,8,1,2.0,False,,4.8940887,0.015992127
4,17,LinearSchedule,md4,gibbs_argmax,8,1,2.0,False,,4.9126844,0.015716538
0,17,LinearSchedule,md4,gibbs_argmax,8,1,4.0,False,,4.7479506,0.018062996
1,17,LinearSchedule,md4,gibbs_argmax,8,1,4.0,False,,4.7405653,0.016952757
2,17,LinearSchedule,md4,gibbs_argmax,8,1,4.0,False,,4.7430243,0.017094493
3,17,LinearSchedule,md4,gibbs_argmax,8,1,4.0,False,,4.751123,0.016622046
4,17,LinearSchedule,md4,gibbs_argmax,8,1,4.0,False,,4.747246,0.016748035
0,17,LinearSchedule,md4,gibbs_argmax,8,2,0.01,False,,5.517241,0.009700788
1,17,LinearSchedule,md4,gibbs_argmax,8,2,0.01,False,,5.394016,0.009881889
2,17,LinearSchedule,md4,gibbs_argmax,8,2,0.01,False,,5.4003882,0.010086614
3,17,LinearSchedule,md4,gibbs_argmax,8,2,0.01,False,,5.409746,0.009125984
4,17,LinearSchedule,md4,gibbs_argmax,8,2,0.01,False,,5.500408,0.008653542
0,17,LinearSchedule,md4,gibbs_argmax,8,2,0.1,False,,5.500881,0.009779527
1,17,LinearSchedule,md4,gibbs_argmax,8,2,0.1,False,,5.390609,0.009889763
2,17,LinearSchedule,md4,gibbs_argmax,8,2,0.1,False,,5.386978,0.010070867
3,17,LinearSchedule,md4,gibbs_argmax,8,2,0.1,False,,5.4095173,0.009228345
4,17,LinearSchedule,md4,gibbs_argmax,8,2,0.1,False,,5.5006447,0.008826771
0,17,LinearSchedule,md4,gibbs_argmax,8,2,0.5,False,,5.332222,0.012818899
1,17,LinearSchedule,md4,gibbs_argmax,8,2,0.5,False,,5.2523594,0.012393702
2,17,LinearSchedule,md4,gibbs_argmax,8,2,0.5,False,,5.280528,0.012346458
3,17,LinearSchedule,md4,gibbs_argmax,8,2,0.5,False,,5.266406,0.011960633
4,17,LinearSchedule,md4,gibbs_argmax,8,2,0.5,False,,5.3657513,0.011275591
0,17,LinearSchedule,md4,gibbs_argmax,8,2,1.0,False,,5.243967,0.014456694
1,17,LinearSchedule,md4,gibbs_argmax,8,2,1.0,False,,5.1625395,0.013740157
2,17,LinearSchedule,md4,gibbs_argmax,8,2,1.0,False,,5.213212,0.013866145
3,17,LinearSchedule,md4,gibbs_argmax,8,2,1.0,False,,5.1704636,0.013692915
4,17,LinearSchedule,md4,gibbs_argmax,8,2,1.0,False,,5.2502055,0.01325197
0,17,LinearSchedule,md4,gibbs_argmax,8,2,2.0,False,,5.098383,0.016086616
1,17,LinearSchedule,md4,gibbs_argmax,8,2,2.0,False,,5.0361977,0.015078742
2,17,LinearSchedule,md4,gibbs_argmax,8,2,2.0,False,,5.0906777,0.015283467
3,17,LinearSchedule,md4,gibbs_argmax,8,2,2.0,False,,5.0375853,0.01562205
4,17,LinearSchedule,md4,gibbs_argmax,8,2,2.0,False,,5.111209,0.014874017
0,17,LinearSchedule,md4,gibbs_argmax,8,2,4.0,False,,4.894838,0.01716536
1,17,LinearSchedule,md4,gibbs_argmax,8,2,4.0,False,,4.8563952,0.01644882
2,17,LinearSchedule,md4,gibbs_argmax,8,2,4.0,False,,4.8925924,0.01651181
3,17,LinearSchedule,md4,gibbs_argmax,8,2,4.0,False,,4.8782344,0.01625197
4,17,LinearSchedule,md4,gibbs_argmax,8,2,4.0,False,,4.8946505,0.015960632
0,17,LinearSchedule,md4,gibbs_argmax,8,4,0.01,False,,6.2493896,0.0073307063
1,17,LinearSchedule,md4,gibbs_argmax,8,4,0.01,False,,6.114747,0.0072440924
2,17,LinearSchedule,md4,gibbs_argmax,8,4,0.01,False,,6.149707,0.007661415
3,17,LinearSchedule,md4,gibbs_argmax,8,4,0.01,False,,6.1859655,0.0075275567
4,17,LinearSchedule,md4,gibbs_argmax,8,4,0.01,False,,6.204256,0.00694488
0,17,LinearSchedule,md4,gibbs_argmax,8,4,0.1,False,,6.2714357,0.0074173207
1,17,LinearSchedule,md4,gibbs_argmax,8,4,0.1,False,,6.115916,0.0073070843
2,17,LinearSchedule,md4,gibbs_argmax,8,4,0.1,False,,6.15355,0.007881887
3,17,LinearSchedule,md4,gibbs_argmax,8,4,0.1,False,,6.194947,0.0074330685
4,17,LinearSchedule,md4,gibbs_argmax,8,4,0.1,False,,6.1907525,0.007118108
0,17,LinearSchedule,md4,gibbs_argmax,8,4,0.5,False,,6.1007576,0.010188974
1,17,LinearSchedule,md4,gibbs_argmax,8,4,0.5,False,,5.982427,0.009929134
2,17,LinearSchedule,md4,gibbs_argmax,8,4,0.5,False,,5.986064,0.010299211
3,17,LinearSchedule,md4,gibbs_argmax,8,4,0.5,False,,6.036882,0.010204727
4,17,LinearSchedule,md4,gibbs_argmax,8,4,0.5,False,,6.0511518,0.009944883
0,17,LinearSchedule,md4,gibbs_argmax,8,4,1.0,False,,5.9429846,0.012220474
1,17,LinearSchedule,md4,gibbs_argmax,8,4,1.0,False,,5.8386173,0.0116141755
2,17,LinearSchedule,md4,gibbs_argmax,8,4,1.0,False,,5.909238,0.0119921295
3,17,LinearSchedule,md4,gibbs_argmax,8,4,1.0,False,,5.9300437,0.011614174
4,17,LinearSchedule,md4,gibbs_argmax,8,4,1.0,False,,5.9682007,0.011125986
0,17,LinearSchedule,md4,gibbs_argmax,8,4,2.0,False,,5.723228,0.013913389
1,17,LinearSchedule,md4,gibbs_argmax,8,4,2.0,False,,5.677282,0.013299214
2,17,LinearSchedule,md4,gibbs_argmax,8,4,2.0,False,,5.705625,0.013393704
3,17,LinearSchedule,md4,gibbs_argmax,8,4,2.0,False,,5.7091885,0.013070868
4,17,LinearSchedule,md4,gibbs_argmax,8,4,2.0,False,,5.7779984,0.013062992
0,17,LinearSchedule,md4,gibbs_argmax,8,4,4.0,False,,5.408375,0.0153307095
1,17,LinearSchedule,md4,gibbs_argmax,8,4,4.0,False,,5.3632784,0.014740161
2,17,LinearSchedule,md4,gibbs_argmax,8,4,4.0,False,,5.417531,0.0148425205
3,17,LinearSchedule,md4,gibbs_argmax,8,4,4.0,False,,5.4161553,0.014708663
4,17,LinearSchedule,md4,gibbs_argmax,8,4,4.0,False,,5.4394016,0.014385831
0,17,LinearSchedule,md4,gibbs_argmax,8,8,0.01,False,,6.2284074,0.010031496
1,17,LinearSchedule,md4,gibbs_argmax,8,8,0.01,False,,6.1288004,0.010314961
2,17,LinearSchedule,md4,gibbs_argmax,8,8,0.01,False,,6.2448163,0.010377953
3,17,LinearSchedule,md4,gibbs_argmax,8,8,0.01,False,,6.189555,0.01011811
4,17,LinearSchedule,md4,gibbs_argmax,8,8,0.01,False,,6.1432137,0.010102362
0,17,LinearSchedule,md4,gibbs_argmax,8,8,0.1,False,,6.276356,0.00993701
1,17,LinearSchedule,md4,gibbs_argmax,8,8,0.1,False,,6.1059966,0.010393702
2,17,LinearSchedule,md4,gibbs_argmax,8,8,0.1,False,,6.23235,0.010566928
3,17,LinearSchedule,md4,gibbs_argmax,8,8,0.1,False,,6.2099752,0.010267717
4,17,LinearSchedule,md4,gibbs_argmax,8,8,0.1,False,,6.176116,0.010228347
0,17,LinearSchedule,md4,gibbs_argmax,8,8,0.5,False,,6.204857,0.010976379
1,17,LinearSchedule,md4,gibbs_argmax,8,8,0.5,False,,6.1208878,0.011677166
2,17,LinearSchedule,md4,gibbs_argmax,8,8,0.5,False,,6.190453,0.011976381
3,17,LinearSchedule,md4,gibbs_argmax,8,8,0.5,False,,6.17701,0.011637797
4,17,LinearSchedule,md4,gibbs_argmax,8,8,0.5,False,,6.163922,0.011771655
0,17,LinearSchedule,md4,gibbs_argmax,8,8,1.0,False,,6.2622313,0.011519687
1,17,LinearSchedule,md4,gibbs_argmax,8,8,1.0,False,,6.205158,0.011795275
2,17,LinearSchedule,md4,gibbs_argmax,8,8,1.0,False,,6.2493896,0.011905514
3,17,LinearSchedule,md4,gibbs_argmax,8,8,1.0,False,,6.2172136,0.011889766
4,17,LinearSchedule,md4,gibbs_argmax,8,8,1.0,False,,6.1880593,0.012228347
0,17,LinearSchedule,md4,gibbs_argmax,8,8,2.0,False,,6.1229367,0.0125433095
1,17,LinearSchedule,md4,gibbs_argmax,8,8,2.0,False,,6.0540133,0.012708662
2,17,LinearSchedule,md4,gibbs_argmax,8,8,2.0,False,,6.168377,0.012409448
3,17,LinearSchedule,md4,gibbs_argmax,8,8,2.0,False,,6.1367345,0.012503939
4,17,LinearSchedule,md4,gibbs_argmax,8,8,2.0,False,,6.072394,0.012818899
0,17,LinearSchedule,md4,gibbs_argmax,8,8,4.0,False,,5.8311696,0.013913387
1,17,LinearSchedule,md4,gibbs_argmax,8,8,4.0,False,,5.784265,0.014039371
2,17,LinearSchedule,md4,gibbs_argmax,8,8,4.0,False,,5.8834343,0.013826775
3,17,LinearSchedule,md4,gibbs_argmax,8,8,4.0,False,,5.8653717,0.013834649
4,17,LinearSchedule,md4,gibbs_argmax,8,8,4.0,False,,5.7821746,0.013645671
0,17,LinearSchedule,md4,gibbs_argmax,8,16,0.01,False,,4.8374906,0.020212604
1,17,LinearSchedule,md4,gibbs_argmax,8,16,0.01,False,,4.8325596,0.020645674
2,17,LinearSchedule,md4,gibbs_argmax,8,16,0.01,False,,4.809137,0.021244096
3,17,LinearSchedule,md4,gibbs_argmax,8,16,0.01,False,,4.7770104,0.021299217
4,17,LinearSchedule,md4,gibbs_argmax,8,16,0.01,False,,4.7750506,0.021259844
0,17,LinearSchedule,md4,gibbs_argmax,8,16,0.1,False,,4.831283,0.020385828
1,17,LinearSchedule,md4,gibbs_argmax,8,16,0.1,False,,4.8378563,0.020937013
2,17,LinearSchedule,md4,gibbs_argmax,8,16,0.1,False,,4.837308,0.021181103
3,17,LinearSchedule,md4,gibbs_argmax,8,16,0.1,False,,4.805346,0.021393705
4,17,LinearSchedule,md4,gibbs_argmax,8,16,0.1,False,,4.7986803,0.02098425
0,17,LinearSchedule,md4,gibbs_argmax,8,16,0.5,False,,4.9941473,0.019125985
1,17,LinearSchedule,md4,gibbs_argmax,8,16,0.5,False,,5.0314465,0.019889764
2,17,LinearSchedule,md4,gibbs_argmax,8,16,0.5,False,,4.989086,0.01987402
3,17,LinearSchedule,md4,gibbs_argmax,8,16,0.5,False,,4.98792,0.019527564
4,17,LinearSchedule,md4,gibbs_argmax,8,16,0.5,False,,4.96933,0.01988977
0,17,LinearSchedule,md4,gibbs_argmax,8,16,1.0,False,,5.345807,0.01554331
1,17,LinearSchedule,md4,gibbs_argmax,8,16,1.0,False,,5.3052597,0.016976383
2,17,LinearSchedule,md4,gibbs_argmax,8,16,1.0,False,,5.2648897,0.016803151
3,17,LinearSchedule,md4,gibbs_argmax,8,16,1.0,False,,5.2988906,0.016779529
4,17,LinearSchedule,md4,gibbs_argmax,8,16,1.0,False,,5.2463317,0.017039372
0,17,LinearSchedule,md4,gibbs_argmax,8,16,2.0,False,,5.4714885,0.015385831
1,17,LinearSchedule,md4,gibbs_argmax,8,16,2.0,False,,5.3992496,0.016212603
2,17,LinearSchedule,md4,gibbs_argmax,8,16,2.0,False,,5.3915167,0.016165359
3,17,LinearSchedule,md4,gibbs_argmax,8,16,2.0,False,,5.433168,0.015708666
4,17,LinearSchedule,md4,gibbs_argmax,8,16,2.0,False,,5.3702536,0.016566934
0,17,LinearSchedule,md4,gibbs_argmax,8,16,4.0,False,,5.368902,0.016338587
1,17,LinearSchedule,md4,gibbs_argmax,8,16,4.0,False,,5.3847127,0.015944881
2,17,LinearSchedule,md4,gibbs_argmax,8,16,4.0,False,,5.330224,0.016322836
3,17,LinearSchedule,md4,gibbs_argmax,8,16,4.0,False,,5.362155,0.016141733
4,17,LinearSchedule,md4,gibbs_argmax,8,16,4.0,False,,5.321139,0.016992128
0,16,LinearSchedule,maskgit,none,16,,,True,0.01,9.5202675,0.043622043
1,16,LinearSchedule,maskgit,none,16,,,True,0.01,9.348525,0.043724407
2,16,LinearSchedule,maskgit,none,16,,,True,0.01,9.505421,0.04303937
3,16,LinearSchedule,maskgit,none,16,,,True,0.01,9.496958,0.043362197
4,16,LinearSchedule,maskgit,none,16,,,True,0.01,9.613217,0.043031495
0,16,LinearSchedule,maskgit,none,16,,,True,0.1,9.449981,0.043669302
1,16,LinearSchedule,maskgit,none,16,,,True,0.1,9.300973,0.044496063
2,16,LinearSchedule,maskgit,none,16,,,True,0.1,9.44092,0.04316535
3,16,LinearSchedule,maskgit,none,16,,,True,0.1,9.4124565,0.043559052
4,16,LinearSchedule,maskgit,none,16,,,True,0.1,9.475866,0.04396849
0,16,LinearSchedule,maskgit,none,16,,,True,0.5,6.967124,0.06107086
1,16,LinearSchedule,maskgit,none,16,,,True,0.5,6.8883862,0.0617244
2,16,LinearSchedule,maskgit,none,16,,,True,0.5,6.868427,0.063023634
3,16,LinearSchedule,maskgit,none,16,,,True,0.5,6.900642,0.06305512
4,16,LinearSchedule,maskgit,none,16,,,True,0.5,6.978139,0.06174802
0,16,LinearSchedule,maskgit,none,16,,,True,1.0,5.721949,0.07355905
1,16,LinearSchedule,maskgit,none,16,,,True,1.0,5.6684823,0.0744882
2,16,LinearSchedule,maskgit,none,16,,,True,1.0,5.6454816,0.075291336
3,16,LinearSchedule,maskgit,none,16,,,True,1.0,5.6629653,0.07511812
4,16,LinearSchedule,maskgit,none,16,,,True,1.0,5.7334824,0.07427558
0,16,LinearSchedule,maskgit,none,16,,,True,2.0,4.6054764,0.08614174
1,16,LinearSchedule,maskgit,none,16,,,True,2.0,4.5932465,0.08618112
2,16,LinearSchedule,maskgit,none,16,,,True,2.0,4.5756774,0.08737008
3,16,LinearSchedule,maskgit,none,16,,,True,2.0,4.5704494,0.08770078
4,16,LinearSchedule,maskgit,none,16,,,True,2.0,4.55516,0.08692914
0,16,LinearSchedule,maskgit,none,16,,,True,4.0,3.6856806,0.10093701
1,16,LinearSchedule,maskgit,none,16,,,True,4.0,3.6823936,0.10222835
2,16,LinearSchedule,maskgit,none,16,,,True,4.0,3.667727,0.10280318
3,16,LinearSchedule,maskgit,none,16,,,True,4.0,3.686636,0.10276376
4,16,LinearSchedule,maskgit,none,16,,,True,4.0,3.6527596,0.1032756
0,16,LinearSchedule,maskgit,none,16,,,False,0.01,9.461157,0.04364567
1,16,LinearSchedule,maskgit,none,16,,,False,0.01,9.375916,0.043724414
2,16,LinearSchedule,maskgit,none,16,,,False,0.01,9.504715,0.04326771
3,16,LinearSchedule,maskgit,none,16,,,False,0.01,9.452076,0.043590557
4,16,LinearSchedule,maskgit,none,16,,,False,0.01,9.594483,0.04300787
0,16,LinearSchedule,maskgit,none,16,,,False,0.1,8.680321,0.047645662
1,16,LinearSchedule,maskgit,none,16,,,False,0.1,8.625337,0.048307087
2,16,LinearSchedule,maskgit,none,16,,,False,0.1,8.7241,0.046929132
3,16,LinearSchedule,maskgit,none,16,,,False,0.1,8.617208,0.047740154
4,16,LinearSchedule,maskgit,none,16,,,False,0.1,8.785778,0.047385827
0,16,LinearSchedule,maskgit,none,16,,,False,0.5,4.627956,0.08948032
1,16,LinearSchedule,maskgit,none,16,,,False,0.5,4.6635337,0.087716535
2,16,LinearSchedule,maskgit,none,16,,,False,0.5,4.6296296,0.08899212
3,16,LinearSchedule,maskgit,none,16,,,False,0.5,4.6464353,0.08992124
4,16,LinearSchedule,maskgit,none,16,,,False,0.5,4.624277,0.09064568
0,16,LinearSchedule,maskgit,none,16,,,False,1.0,3.7053118,0.10445669
1,16,LinearSchedule,maskgit,none,16,,,False,1.0,3.7113283,0.10429924
2,16,LinearSchedule,maskgit,none,16,,,False,1.0,3.705741,0.10514174
3,16,LinearSchedule,maskgit,none,16,,,False,1.0,3.6961105,0.10607874
4,16,LinearSchedule,maskgit,none,16,,,False,1.0,3.70199,0.10518112
0,16,LinearSchedule,maskgit,none,16,,,False,2.0,3.3179533,0.11062206
1,16,LinearSchedule,maskgit,none,16,,,False,2.0,3.3221729,0.11074803
2,16,LinearSchedule,maskgit,none,16,,,False,2.0,3.2903194,0.1122047
3,16,LinearSchedule,maskgit,none,16,,,False,2.0,3.2995641,0.11149605
4,16,LinearSchedule,maskgit,none,16,,,False,2.0,3.2940452,0.11095277
0,16,LinearSchedule,maskgit,none,16,,,False,4.0,3.1390245,0.11268504
1,16,LinearSchedule,maskgit,none,16,,,False,4.0,3.1254578,0.11399213
2,16,LinearSchedule,maskgit,none,16,,,False,4.0,3.1111002,0.11419687
3,16,LinearSchedule,maskgit,none,16,,,False,4.0,3.1215706,0.11457479
4,16,LinearSchedule,maskgit,none,16,,,False,4.0,3.10288,0.11455905
0,32,LinearSchedule,md4,none,32,,,False,,5.3249025,0.03437795
1,32,LinearSchedule,md4,none,32,,,False,,5.2735662,0.03477165
2,32,LinearSchedule,md4,none,32,,,False,,5.193962,0.03619685
3,32,LinearSchedule,md4,none,32,,,False,,5.3202543,0.034346465
4,32,LinearSchedule,md4,none,32,,,False,,5.299988,0.034960635
0,32,LinearSchedule,md4,none,32,,,False,,5.3249025,0.03437795
1,32,LinearSchedule,md4,none,32,,,False,,5.2735662,0.03477165
2,32,LinearSchedule,md4,none,32,,,False,,5.193962,0.03619685
3,32,LinearSchedule,md4,none,32,,,False,,5.3202543,0.034346465
4,32,LinearSchedule,md4,none,32,,,False,,5.299988,0.034960635
0,32,LinearSchedule,md4,gibbs,16,1,0.01,True,,4.4487696,0.07274017
1,32,LinearSchedule,md4,gibbs,16,1,0.01,True,,4.3751707,0.07314172
2,32,LinearSchedule,md4,gibbs,16,1,0.01,True,,4.4789696,0.0715748
3,32,LinearSchedule,md4,gibbs,16,1,0.01,True,,4.4398203,0.072622046
4,32,LinearSchedule,md4,gibbs,16,1,0.01,True,,4.4398203,0.07249605
0,32,LinearSchedule,md4,gibbs,16,1,0.1,True,,4.4496975,0.07228347
1,32,LinearSchedule,md4,gibbs,16,1,0.1,True,,4.381911,0.07292915
2,32,LinearSchedule,md4,gibbs,16,1,0.1,True,,4.4803805,0.07139369
3,32,LinearSchedule,md4,gibbs,16,1,0.1,True,,4.4260025,0.07313387
4,32,LinearSchedule,md4,gibbs,16,1,0.1,True,,4.44059,0.072267726
0,32,LinearSchedule,md4,gibbs,16,1,0.5,True,,4.3978696,0.07302362
1,32,LinearSchedule,md4,gibbs,16,1,0.5,True,,4.3528533,0.07197637
2,32,LinearSchedule,md4,gibbs,16,1,0.5,True,,4.4338217,0.07187403
3,32,LinearSchedule,md4,gibbs,16,1,0.5,True,,4.37263,0.07430709
4,32,LinearSchedule,md4,gibbs,16,1,0.5,True,,4.424779,0.07169291
0,32,LinearSchedule,md4,gibbs,16,1,1.0,True,,4.3706894,0.072370075
1,32,LinearSchedule,md4,gibbs,16,1,1.0,True,,4.2850924,0.072984256
2,32,LinearSchedule,md4,gibbs,16,1,1.0,True,,4.357002,0.07245671
3,32,LinearSchedule,md4,gibbs,16,1,1.0,True,,4.333108,0.07392127
4,32,LinearSchedule,md4,gibbs,16,1,1.0,True,,4.3841624,0.0714882
0,32,LinearSchedule,md4,gibbs,16,1,2.0,True,,4.2911263,0.07198426
1,32,LinearSchedule,md4,gibbs,16,1,2.0,True,,4.227631,0.0717559
2,32,LinearSchedule,md4,gibbs,16,1,2.0,True,,4.300497,0.07090552
3,32,LinearSchedule,md4,gibbs,16,1,2.0,True,,4.269655,0.072346464
4,32,LinearSchedule,md4,gibbs,16,1,2.0,True,,4.32447,0.07095276
0,32,LinearSchedule,md4,gibbs,16,1,4.0,True,,4.2065134,0.06928346
1,32,LinearSchedule,md4,gibbs,16,1,4.0,True,,4.178773,0.06808661
2,32,LinearSchedule,md4,gibbs,16,1,4.0,True,,4.241641,0.0683307
3,32,LinearSchedule,md4,gibbs,16,1,4.0,True,,4.2020946,0.069732286
4,32,LinearSchedule,md4,gibbs,16,1,4.0,True,,4.24375,0.068125986
0,32,LinearSchedule,md4,gibbs,16,2,0.01,True,,4.2689433,0.076755926
1,32,LinearSchedule,md4,gibbs,16,2,0.01,True,,4.2270727,0.07684252
2,32,LinearSchedule,md4,gibbs,16,2,0.01,True,,4.323302,0.075929135
3,32,LinearSchedule,md4,gibbs,16,2,0.01,True,,4.295446,0.07625985
4,32,LinearSchedule,md4,gibbs,16,2,0.01,True,,4.302955,0.07562205
0,32,LinearSchedule,md4,gibbs,16,2,0.1,True,,4.2873893,0.0765748
1,32,LinearSchedule,md4,gibbs,16,2,0.1,True,,4.242625,0.07683465
2,32,LinearSchedule,md4,gibbs,16,2,0.1,True,,4.310055,0.07601574
3,32,LinearSchedule,md4,gibbs,16,2,0.1,True,,4.2693706,0.07674804
4,32,LinearSchedule,md4,gibbs,16,2,0.1,True,,4.28538,0.07596064
0,32,LinearSchedule,md4,gibbs,16,2,0.5,True,,4.2929964,0.076102376
1,32,LinearSchedule,md4,gibbs,16,2,0.5,True,,4.246144,0.076480314
2,32,LinearSchedule,md4,gibbs,16,2,0.5,True,,4.29127,0.076377966
3,32,LinearSchedule,md4,gibbs,16,2,0.5,True,,4.257442,0.077094495
4,32,LinearSchedule,md4,gibbs,16,2,0.5,True,,4.313395,0.07581102
0,32,LinearSchedule,md4,gibbs,16,2,1.0,True,,4.2556024,0.07675591
1,32,LinearSchedule,md4,gibbs,16,2,1.0,True,,4.2420626,0.07606299
2,32,LinearSchedule,md4,gibbs,16,2,1.0,True,,4.257442,0.07640158
3,32,LinearSchedule,md4,gibbs,16,2,1.0,True,,4.253481,0.07690551
4,32,LinearSchedule,md4,gibbs,16,2,1.0,True,,4.2968884,0.07527559
0,32,LinearSchedule,md4,gibbs,16,2,2.0,True,,4.1642265,0.077874035
1,32,LinearSchedule,md4,gibbs,16,2,2.0,True,,4.1710114,0.07582676
2,32,LinearSchedule,md4,gibbs,16,2,2.0,True,,4.167752,0.07668504
3,32,LinearSchedule,md4,gibbs,16,2,2.0,True,,4.2116346,0.07761419
4,32,LinearSchedule,md4,gibbs,16,2,2.0,True,,4.2438912,0.07601574
0,32,LinearSchedule,md4,gibbs,16,2,4.0,True,,4.073968,0.07711023
1,32,LinearSchedule,md4,gibbs,16,2,4.0,True,,4.065686,0.07561419
2,32,LinearSchedule,md4,gibbs,16,2,4.0,True,,4.074876,0.077204764
3,32,LinearSchedule,md4,gibbs,16,2,4.0,True,,4.0944276,0.07748821
4,32,LinearSchedule,md4,gibbs,16,2,4.0,True,,4.127701,0.07574015
0,32,LinearSchedule,md4,gibbs,16,4,0.01,True,,4.2465663,0.07894489
1,32,LinearSchedule,md4,gibbs,16,4,0.01,True,,4.277932,0.077078745
2,32,LinearSchedule,md4,gibbs,16,4,0.01,True,,4.3225718,0.07695276
3,32,LinearSchedule,md4,gibbs,16,4,0.01,True,,4.3167405,0.07787402
4,32,LinearSchedule,md4,gibbs,16,4,0.01,True,,4.3332543,0.07652755
0,32,LinearSchedule,md4,gibbs,16,4,0.1,True,,4.2703676,0.07787401
1,32,LinearSchedule,md4,gibbs,16,4,0.1,True,,4.2911263,0.07600788
2,32,LinearSchedule,md4,gibbs,16,4,0.1,True,,4.3307624,0.07739371
3,32,LinearSchedule,md4,gibbs,16,4,0.1,True,,4.3361897,0.07685041
4,32,LinearSchedule,md4,gibbs,16,4,0.1,True,,4.3338413,0.076842524
0,32,LinearSchedule,md4,gibbs,16,4,0.5,True,,4.254753,0.07962992
1,32,LinearSchedule,md4,gibbs,16,4,0.5,True,,4.2966,0.07624409
2,32,LinearSchedule,md4,gibbs,16,4,0.5,True,,4.320675,0.077503935
3,32,LinearSchedule,md4,gibbs,16,4,0.5,True,,4.303823,0.07840159
4,32,LinearSchedule,md4,gibbs,16,4,0.5,True,,4.3656206,0.07555904
0,32,LinearSchedule,md4,gibbs,16,4,1.0,True,,4.282942,0.07852756
1,32,LinearSchedule,md4,gibbs,16,4,1.0,True,,4.2873893,0.076944895
2,32,LinearSchedule,md4,gibbs,16,4,1.0,True,,4.2894,0.078314975
3,32,LinearSchedule,md4,gibbs,16,4,1.0,True,,4.294149,0.07811811
4,32,LinearSchedule,md4,gibbs,16,4,1.0,True,,4.3589306,0.076944895
0,32,LinearSchedule,md4,gibbs,16,4,2.0,True,,4.258717,0.07804725
1,32,LinearSchedule,md4,gibbs,16,4,2.0,True,,4.2482576,0.07660628
2,32,LinearSchedule,md4,gibbs,16,4,2.0,True,,4.264108,0.07670866
3,32,LinearSchedule,md4,gibbs,16,4,2.0,True,,4.250515,0.07870079
4,32,LinearSchedule,md4,gibbs,16,4,2.0,True,,4.2882504,0.07784254
0,32,LinearSchedule,md4,gibbs,16,4,4.0,True,,4.110337,0.07908662
1,32,LinearSchedule,md4,gibbs,16,4,4.0,True,,4.0708585,0.078559056
2,32,LinearSchedule,md4,gibbs,16,4,4.0,True,,4.0838466,0.0795748
3,32,LinearSchedule,md4,gibbs,16,4,4.0,True,,4.1166825,0.079063
4,32,LinearSchedule,md4,gibbs,16,4,4.0,True,,4.141993,0.07842518
0,32,LinearSchedule,md4,gibbs,16,8,0.01,True,,3.8967366,0.082795285
1,32,LinearSchedule,md4,gibbs,16,8,0.01,True,,3.8876233,0.0826378
2,32,LinearSchedule,md4,gibbs,16,8,0.01,True,,3.9058924,0.08234646
3,32,LinearSchedule,md4,gibbs,16,8,0.01,True,,3.9337413,0.08111023
4,32,LinearSchedule,md4,gibbs,16,8,0.01,True,,3.9198873,0.081921265
0,32,LinearSchedule,md4,gibbs,16,8,0.1,True,,3.9005363,0.08246458
1,32,LinearSchedule,md4,gibbs,16,8,0.1,True,,3.8873873,0.082409464
2,32,LinearSchedule,md4,gibbs,16,8,0.1,True,,3.9567235,0.08091339
3,32,LinearSchedule,md4,gibbs,16,8,0.1,True,,3.927224,0.081724405
4,32,LinearSchedule,md4,gibbs,16,8,0.1,True,,3.9167688,0.082102366
0,32,LinearSchedule,md4,gibbs,16,8,0.5,True,,3.9578247,0.08090552
1,32,LinearSchedule,md4,gibbs,16,8,0.5,True,,3.9602737,0.079842515
2,32,LinearSchedule,md4,gibbs,16,8,0.5,True,,3.9423435,0.08149607
3,32,LinearSchedule,md4,gibbs,16,8,0.5,True,,3.93931,0.08167715
4,32,LinearSchedule,md4,gibbs,16,8,0.5,True,,3.9548898,0.082102366
0,32,LinearSchedule,md4,gibbs,16,8,1.0,True,,3.9851801,0.08156694
1,32,LinearSchedule,md4,gibbs,16,8,1.0,True,,3.9641988,0.08152755
2,32,LinearSchedule,md4,gibbs,16,8,1.0,True,,4.0521717,0.07961417
3,32,LinearSchedule,md4,gibbs,16,8,1.0,True,,4.0374722,0.07970865
4,32,LinearSchedule,md4,gibbs,16,8,1.0,True,,4.063363,0.08056694
0,32,LinearSchedule,md4,gibbs,16,8,2.0,True,,4.029339,0.08105512
1,32,LinearSchedule,md4,gibbs,16,8,2.0,True,,4.0217423,0.08033071
2,32,LinearSchedule,md4,gibbs,16,8,2.0,True,,4.0458956,0.081527576
3,32,LinearSchedule,md4,gibbs,16,8,2.0,True,,4.0312424,0.08130708
4,32,LinearSchedule,md4,gibbs,16,8,2.0,True,,4.0833254,0.07950394
0,32,LinearSchedule,md4,gibbs,16,8,4.0,True,,4.000125,0.08103149
1,32,LinearSchedule,md4,gibbs,16,8,4.0,True,,3.9848075,0.07981889
2,32,LinearSchedule,md4,gibbs,16,8,4.0,True,,3.9758956,0.08125196
3,32,LinearSchedule,md4,gibbs,16,8,4.0,True,,4.023892,0.080960624
4,32,LinearSchedule,md4,gibbs,16,8,4.0,True,,4.0066357,0.08112598
0,32,LinearSchedule,md4,gibbs,16,16,0.01,True,,3.2944689,0.09454331
1,32,LinearSchedule,md4,gibbs,16,16,0.01,True,,3.2731547,0.092653535
2,32,LinearSchedule,md4,gibbs,16,16,0.01,True,,3.283651,0.094023645
3,32,LinearSchedule,md4,gibbs,16,16,0.01,True,,3.3150318,0.09188977
4,32,LinearSchedule,md4,gibbs,16,16,0.01,True,,3.292181,0.09385039
0,32,LinearSchedule,md4,gibbs,16,16,0.1,True,,3.3032255,0.09322835
1,32,LinearSchedule,md4,gibbs,16,16,0.1,True,,3.2831457,0.091677174
2,32,LinearSchedule,md4,gibbs,16,16,0.1,True,,3.2841566,0.09310237
3,32,LinearSchedule,md4,gibbs,16,16,0.1,True,,3.319244,0.09242519
4,32,LinearSchedule,md4,gibbs,16,16,0.1,True,,3.3043344,0.09365355
0,32,LinearSchedule,md4,gibbs,16,16,0.5,True,,3.3558807,0.092653506
1,32,LinearSchedule,md4,gibbs,16,16,0.5,True,,3.327441,0.091779545
2,32,LinearSchedule,md4,gibbs,16,16,0.5,True,,3.3232079,0.09286615
3,32,LinearSchedule,md4,gibbs,16,16,0.5,True,,3.355177,0.091307096
4,32,LinearSchedule,md4,gibbs,16,16,0.5,True,,3.3683326,0.09132285
0,32,LinearSchedule,md4,gibbs,16,16,1.0,True,,3.4571235,0.090188995
1,32,LinearSchedule,md4,gibbs,16,16,1.0,True,,3.415793,0.09225198
2,32,LinearSchedule,md4,gibbs,16,16,1.0,True,,3.4297965,0.09155122
3,32,LinearSchedule,md4,gibbs,16,16,1.0,True,,3.4278677,0.090889774
4,32,LinearSchedule,md4,gibbs,16,16,1.0,True,,3.4443786,0.09082678
0,32,LinearSchedule,md4,gibbs,16,16,2.0,True,,3.5312293,0.08987403
1,32,LinearSchedule,md4,gibbs,16,16,2.0,True,,3.4943078,0.09031496
2,32,LinearSchedule,md4,gibbs,16,16,2.0,True,,3.523162,0.09070865
3,32,LinearSchedule,md4,gibbs,16,16,2.0,True,,3.5143595,0.09016535
4,32,LinearSchedule,md4,gibbs,16,16,2.0,True,,3.5604014,0.088480316
0,32,LinearSchedule,md4,gibbs,16,16,4.0,True,,3.60848,0.08785041
1,32,LinearSchedule,md4,gibbs,16,16,4.0,True,,3.5383554,0.08843307
2,32,LinearSchedule,md4,gibbs,16,16,4.0,True,,3.5757186,0.08908664
3,32,LinearSchedule,md4,gibbs,16,16,4.0,True,,3.5788178,0.08901576
4,32,LinearSchedule,md4,gibbs,16,16,4.0,True,,3.5660555,0.08950392
0,32,LinearSchedule,md4,gibbs,16,1,0.01,False,,4.9285746,0.059519686
1,32,LinearSchedule,md4,gibbs,16,1,0.01,False,,4.8795366,0.059157476
2,32,LinearSchedule,md4,gibbs,16,1,0.01,False,,4.9898643,0.058015738
3,32,LinearSchedule,md4,gibbs,16,1,0.01,False,,4.964512,0.058496065
4,32,LinearSchedule,md4,gibbs,16,1,0.01,False,,4.929713,0.059102356
0,32,LinearSchedule,md4,gibbs,16,1,0.1,False,,4.9136276,0.059417322
1,32,LinearSchedule,md4,gibbs,16,1,0.1,False,,4.8819556,0.058889765
2,32,LinearSchedule,md4,gibbs,16,1,0.1,False,,4.9869485,0.057787407
3,32,LinearSchedule,md4,gibbs,16,1,0.1,False,,4.941894,0.058976382
4,32,LinearSchedule,md4,gibbs,16,1,0.1,False,,4.940178,0.05861416
0,32,LinearSchedule,md4,gibbs,16,1,0.5,False,,4.758364,0.06003149
1,32,LinearSchedule,md4,gibbs,16,1,0.5,False,,4.755889,0.05785038
2,32,LinearSchedule,md4,gibbs,16,1,0.5,False,,4.8334713,0.05822835
3,32,LinearSchedule,md4,gibbs,16,1,0.5,False,,4.79904,0.059204724
4,32,LinearSchedule,md4,gibbs,16,1,0.5,False,,4.8342023,0.057755917
0,32,LinearSchedule,md4,gibbs,16,1,1.0,False,,4.6334844,0.059039354
1,32,LinearSchedule,md4,gibbs,16,1,1.0,False,,4.6089587,0.05887401
2,32,LinearSchedule,md4,gibbs,16,1,1.0,False,,4.6946635,0.05789764
3,32,LinearSchedule,md4,gibbs,16,1,1.0,False,,4.659629,0.0591811
4,32,LinearSchedule,md4,gibbs,16,1,1.0,False,,4.6944914,0.058267713
0,32,LinearSchedule,md4,gibbs,16,1,2.0,False,,4.456825,0.059220474
1,32,LinearSchedule,md4,gibbs,16,1,2.0,False,,4.4393578,0.059055112
2,32,LinearSchedule,md4,gibbs,16,1,2.0,False,,4.4976983,0.05848031
3,32,LinearSchedule,md4,gibbs,16,1,2.0,False,,4.470835,0.059543308
4,32,LinearSchedule,md4,gibbs,16,1,2.0,False,,4.5138764,0.058464564
0,32,LinearSchedule,md4,gibbs,16,1,4.0,False,,4.2403765,0.06025197
1,32,LinearSchedule,md4,gibbs,16,1,4.0,False,,4.2409387,0.058976386
2,32,LinearSchedule,md4,gibbs,16,1,4.0,False,,4.325055,0.058889758
3,32,LinearSchedule,md4,gibbs,16,1,4.0,False,,4.295158,0.05951969
4,32,LinearSchedule,md4,gibbs,16,1,4.0,False,,4.3304687,0.05807086
0,32,LinearSchedule,md4,gibbs,16,2,0.01,False,,4.868216,0.0600315
1,32,LinearSchedule,md4,gibbs,16,2,0.01,False,,4.861006,0.05859056
2,32,LinearSchedule,md4,gibbs,16,2,0.01,False,,4.963742,0.058267713
3,32,LinearSchedule,md4,gibbs,16,2,0.01,False,,4.9185367,0.05883464
4,32,LinearSchedule,md4,gibbs,16,2,0.01,False,,4.9166474,0.058307093
0,32,LinearSchedule,md4,gibbs,16,2,0.1,False,,4.8873615,0.059401575
1,32,LinearSchedule,md4,gibbs,16,2,0.1,False,,4.8494034,0.05909448
2,32,LinearSchedule,md4,gibbs,16,2,0.1,False,,4.9489636,0.05823621
3,32,LinearSchedule,md4,gibbs,16,2,0.1,False,,4.8929663,0.05873229
4,32,LinearSchedule,md4,gibbs,16,2,0.1,False,,4.9106116,0.057834648
0,32,LinearSchedule,md4,gibbs,16,2,0.5,False,,4.8021007,0.059377946
1,32,LinearSchedule,md4,gibbs,16,2,0.5,False,,4.77416,0.058614172
2,32,LinearSchedule,md4,gibbs,16,2,0.5,False,,4.829096,0.05915748
3,32,LinearSchedule,md4,gibbs,16,2,0.5,False,,4.789881,0.05915747
4,32,LinearSchedule,md4,gibbs,16,2,0.5,False,,4.8442645,0.057811018
0,32,LinearSchedule,md4,gibbs,16,2,1.0,False,,4.660307,0.060039375
1,32,LinearSchedule,md4,gibbs,16,2,1.0,False,,4.664723,0.0586063
2,32,LinearSchedule,md4,gibbs,16,2,1.0,False,,4.728831,0.058385823
3,32,LinearSchedule,md4,gibbs,16,2,1.0,False,,4.7112517,0.059228342
4,32,LinearSchedule,md4,gibbs,16,2,1.0,False,,4.763677,0.058204714
0,32,LinearSchedule,md4,gibbs,16,2,2.0,False,,4.5016527,0.060307078
1,32,LinearSchedule,md4,gibbs,16,2,2.0,False,,4.530813,0.058362193
2,32,LinearSchedule,md4,gibbs,16,2,2.0,False,,4.5750237,0.057944864
3,32,LinearSchedule,md4,gibbs,16,2,2.0,False,,4.5727353,0.059960622
4,32,LinearSchedule,md4,gibbs,16,2,2.0,False,,4.625113,0.058149606
0,32,LinearSchedule,md4,gibbs,16,2,4.0,False,,4.346645,0.060307078
1,32,LinearSchedule,md4,gibbs,16,2,4.0,False,,4.3454647,0.059015736
2,32,LinearSchedule,md4,gibbs,16,2,4.0,False,,4.416839,0.05888976
3,32,LinearSchedule,md4,gibbs,16,2,4.0,False,,4.3915324,0.060055126
4,32,LinearSchedule,md4,gibbs,16,2,4.0,False,,4.4154677,0.05848818
0,32,LinearSchedule,md4,gibbs,16,4,0.01,False,,4.885869,0.06080316
1,32,LinearSchedule,md4,gibbs,16,4,0.01,False,,4.9415126,0.057999987
2,32,LinearSchedule,md4,gibbs,16,4,0.01,False,,4.9664373,0.05935432
3,32,LinearSchedule,md4,gibbs,16,4,0.01,False,,4.985782,0.05981889
4,32,LinearSchedule,md4,gibbs,16,4,0.01,False,,5.001563,0.05840944
0,32,LinearSchedule,md4,gibbs,16,4,0.1,False,,4.8933406,0.060385827
1,32,LinearSchedule,md4,gibbs,16,4,0.1,False,,4.928764,0.05809449
2,32,LinearSchedule,md4,gibbs,16,4,0.1,False,,4.990059,0.058732282
3,32,LinearSchedule,md4,gibbs,16,4,0.1,False,,4.9996095,0.05885827
4,32,LinearSchedule,md4,gibbs,16,4,0.1,False,,4.9697156,0.059283465
0,32,LinearSchedule,md4,gibbs,16,4,0.5,False,,4.862483,0.06058268
1,32,LinearSchedule,md4,gibbs,16,4,0.5,False,,4.8726635,0.058472436
2,32,LinearSchedule,md4,gibbs,16,4,0.5,False,,4.907599,0.060283456
3,32,LinearSchedule,md4,gibbs,16,4,0.5,False,,4.9030876,0.05994488
4,32,LinearSchedule,md4,gibbs,16,4,0.5,False,,4.957589,0.05778739
0,32,LinearSchedule,md4,gibbs,16,4,1.0,False,,4.8207293,0.0586378
1,32,LinearSchedule,md4,gibbs,16,4,1.0,False,,4.8152885,0.057929132
2,32,LinearSchedule,md4,gibbs,16,4,1.0,False,,4.828003,0.05947243
3,32,LinearSchedule,md4,gibbs,16,4,1.0,False,,4.841333,0.059700787
4,32,LinearSchedule,md4,gibbs,16,4,1.0,False,,4.916459,0.057984244
0,32,LinearSchedule,md4,gibbs,16,4,2.0,False,,4.6732383,0.06004723
1,32,LinearSchedule,md4,gibbs,16,4,2.0,False,,4.651332,0.058070857
2,32,LinearSchedule,md4,gibbs,16,4,2.0,False,,4.7138543,0.058551174
3,32,LinearSchedule,md4,gibbs,16,4,2.0,False,,4.6977654,0.059385836
4,32,LinearSchedule,md4,gibbs,16,4,2.0,False,,4.752181,0.058094483
0,32,LinearSchedule,md4,gibbs,16,4,4.0,False,,4.4962764,0.059425198
1,32,LinearSchedule,md4,gibbs,16,4,4.0,False,,4.4877634,0.058291342
2,32,LinearSchedule,md4,gibbs,16,4,4.0,False,,4.526327,0.059259836
3,32,LinearSchedule,md4,gibbs,16,4,4.0,False,,4.523927,0.059330713
4,32,LinearSchedule,md4,gibbs,16,4,4.0,False,,4.571592,0.05791339
0,32,LinearSchedule,md4,gibbs,16,8,0.01,False,,4.4569798,0.06264567
1,32,LinearSchedule,md4,gibbs,16,8,0.01,False,,4.4551187,0.06125197
2,32,LinearSchedule,md4,gibbs,16,8,0.01,False,,4.4877634,0.061204728
3,32,LinearSchedule,md4,gibbs,16,8,0.01,False,,4.475994,0.061574798
4,32,LinearSchedule,md4,gibbs,16,8,0.01,False,,4.4767766,0.06152756
0,32,LinearSchedule,md4,gibbs,16,8,0.1,False,,4.4636626,0.062346447
1,32,LinearSchedule,md4,gibbs,16,8,0.1,False,,4.4610186,0.061078735
2,32,LinearSchedule,md4,gibbs,16,8,0.1,False,,4.530653,0.059929136
3,32,LinearSchedule,md4,gibbs,16,8,0.1,False,,4.4806943,0.061173227
4,32,LinearSchedule,md4,gibbs,16,8,0.1,False,,4.4849334,0.061787397
0,32,LinearSchedule,md4,gibbs,16,8,0.5,False,,4.520093,0.060700778
1,32,LinearSchedule,md4,gibbs,16,8,0.5,False,,4.5068836,0.05934646
2,32,LinearSchedule,md4,gibbs,16,8,0.5,False,,4.499438,0.06118899
3,32,LinearSchedule,md4,gibbs,16,8,0.5,False,,4.5401344,0.060188975
4,32,LinearSchedule,md4,gibbs,16,8,0.5,False,,4.573225,0.059669282
0,32,LinearSchedule,md4,gibbs,16,8,1.0,False,,4.5577555,0.059818894
1,32,LinearSchedule,md4,gibbs,16,8,1.0,False,,4.5327387,0.05944094
2,32,LinearSchedule,md4,gibbs,16,8,1.0,False,,4.641549,0.058850385
3,32,LinearSchedule,md4,gibbs,16,8,1.0,False,,4.5953903,0.059748027
4,32,LinearSchedule,md4,gibbs,16,8,1.0,False,,4.6705103,0.05808662
0,32,LinearSchedule,md4,gibbs,16,8,2.0,False,,4.5614915,0.059125975
1,32,LinearSchedule,md4,gibbs,16,8,2.0,False,,4.5435185,0.0582441
2,32,LinearSchedule,md4,gibbs,16,8,2.0,False,,4.568818,0.059173238
3,32,LinearSchedule,md4,gibbs,16,8,2.0,False,,4.573715,0.05889764
4,32,LinearSchedule,md4,gibbs,16,8,2.0,False,,4.6202717,0.05789764
0,32,LinearSchedule,md4,gibbs,16,8,4.0,False,,4.4576006,0.0584567
1,32,LinearSchedule,md4,gibbs,16,8,4.0,False,,4.466155,0.057716537
2,32,LinearSchedule,md4,gibbs,16,8,4.0,False,,4.4395113,0.059314966
3,32,LinearSchedule,md4,gibbs,16,8,4.0,False,,4.4844623,0.058653545
4,32,LinearSchedule,md4,gibbs,16,8,4.0,False,,4.5075183,0.058141723
0,32,LinearSchedule,md4,gibbs,16,16,0.01,False,,3.7104676,0.070157476
1,32,LinearSchedule,md4,gibbs,16,16,0.01,False,,3.6861053,0.068173245
2,32,LinearSchedule,md4,gibbs,16,16,0.01,False,,3.711436,0.068181105
3,32,LinearSchedule,md4,gibbs,16,16,0.01,False,,3.7246115,0.06822046
4,32,LinearSchedule,md4,gibbs,16,16,0.01,False,,3.7159612,0.06941732
0,32,LinearSchedule,md4,gibbs,16,16,0.1,False,,3.718012,0.06950393
1,32,LinearSchedule,md4,gibbs,16,16,0.1,False,,3.6912074,0.06803149
2,32,LinearSchedule,md4,gibbs,16,16,0.1,False,,3.7082102,0.06827558
3,32,LinearSchedule,md4,gibbs,16,16,0.1,False,,3.7287345,0.06818112
4,32,LinearSchedule,md4,gibbs,16,16,0.1,False,,3.7177958,0.069165364
0,32,LinearSchedule,md4,gibbs,16,16,0.5,False,,3.8903408,0.06421261
1,32,LinearSchedule,md4,gibbs,16,16,0.5,False,,3.8770254,0.063960634
2,32,LinearSchedule,md4,gibbs,16,16,0.5,False,,3.8592575,0.06425198
3,32,LinearSchedule,md4,gibbs,16,16,0.5,False,,3.8895135,0.06313386
4,32,LinearSchedule,md4,gibbs,16,16,0.5,False,,3.8911688,0.064267725
0,32,LinearSchedule,md4,gibbs,16,16,1.0,False,,4.087759,0.060299214
1,32,LinearSchedule,md4,gibbs,16,16,1.0,False,,4.0672364,0.061417334
2,32,LinearSchedule,md4,gibbs,16,16,1.0,False,,4.077862,0.061559044
3,32,LinearSchedule,md4,gibbs,16,16,1.0,False,,4.102564,0.059716534
4,32,LinearSchedule,md4,gibbs,16,16,1.0,False,,4.114168,0.060259838
0,32,LinearSchedule,md4,gibbs,16,16,2.0,False,,4.1601663,0.05974804
1,32,LinearSchedule,md4,gibbs,16,16,2.0,False,,4.130098,0.06003938
2,32,LinearSchedule,md4,gibbs,16,16,2.0,False,,4.1725073,0.06020473
3,32,LinearSchedule,md4,gibbs,16,16,2.0,False,,4.167345,0.059503935
4,32,LinearSchedule,md4,gibbs,16,16,2.0,False,,4.1632786,0.059614167
0,32,LinearSchedule,md4,gibbs,16,16,4.0,False,,4.1311646,0.05915747
1,32,LinearSchedule,md4,gibbs,16,16,4.0,False,,4.111261,0.05922047
2,32,LinearSchedule,md4,gibbs,16,16,4.0,False,,4.1394477,0.059622034
3,32,LinearSchedule,md4,gibbs,16,16,4.0,False,,4.129965,0.059496064
4,32,LinearSchedule,md4,gibbs,16,16,4.0,False,,4.151262,0.05918897
0,33,LinearSchedule,md4,gibbs_argmax,16,1,0.01,True,,7.9875197,0.0147165395
1,33,LinearSchedule,md4,gibbs_argmax,16,1,0.01,True,,7.646356,0.015803155
2,33,LinearSchedule,md4,gibbs_argmax,16,1,0.01,True,,7.789679,0.015401577
3,33,LinearSchedule,md4,gibbs_argmax,16,1,0.01,True,,7.721076,0.016
4,33,LinearSchedule,md4,gibbs_argmax,16,1,0.01,True,,7.7585163,0.015212601
0,33,LinearSchedule,md4,gibbs_argmax,16,1,0.1,True,,7.9572296,0.0148031525
1,33,LinearSchedule,md4,gibbs_argmax,16,1,0.1,True,,7.680307,0.015535436
2,33,LinearSchedule,md4,gibbs_argmax,16,1,0.1,True,,7.7702904,0.015401578
3,33,LinearSchedule,md4,gibbs_argmax,16,1,0.1,True,,7.683073,0.01618898
4,33,LinearSchedule,md4,gibbs_argmax,16,1,0.1,True,,7.736944,0.015118111
0,33,LinearSchedule,md4,gibbs_argmax,16,1,0.5,True,,7.8691745,0.014944884
1,33,LinearSchedule,md4,gibbs_argmax,16,1,0.5,True,,7.53207,0.015921263
2,33,LinearSchedule,md4,gibbs_argmax,16,1,0.5,True,,7.6610007,0.015874017
3,33,LinearSchedule,md4,gibbs_argmax,16,1,0.5,True,,7.5046906,0.016740158
4,33,LinearSchedule,md4,gibbs_argmax,16,1,0.5,True,,7.6536713,0.015503938
0,33,LinearSchedule,md4,gibbs_argmax,16,1,1.0,True,,7.7234054,0.014755907
1,33,LinearSchedule,md4,gibbs_argmax,16,1,1.0,True,,7.34872,0.01609449
2,33,LinearSchedule,md4,gibbs_argmax,16,1,1.0,True,,7.453561,0.016283467
3,33,LinearSchedule,md4,gibbs_argmax,16,1,1.0,True,,7.4134135,0.01655118
4,33,LinearSchedule,md4,gibbs_argmax,16,1,1.0,True,,7.5236583,0.01566142
0,33,LinearSchedule,md4,gibbs_argmax,16,1,2.0,True,,7.465733,0.014574806
1,33,LinearSchedule,md4,gibbs_argmax,16,1,2.0,True,,7.2059903,0.015314966
2,33,LinearSchedule,md4,gibbs_argmax,16,1,2.0,True,,7.2959414,0.015677169
3,33,LinearSchedule,md4,gibbs_argmax,16,1,2.0,True,,7.2234764,0.015401578
4,33,LinearSchedule,md4,gibbs_argmax,16,1,2.0,True,,7.3749714,0.014834646
0,33,LinearSchedule,md4,gibbs_argmax,16,1,4.0,True,,7.243916,0.012929135
1,33,LinearSchedule,md4,gibbs_argmax,16,1,4.0,True,,7.117438,0.013354332
2,33,LinearSchedule,md4,gibbs_argmax,16,1,4.0,True,,7.169262,0.0129212625
3,33,LinearSchedule,md4,gibbs_argmax,16,1,4.0,True,,7.018314,0.013677167
4,33,LinearSchedule,md4,gibbs_argmax,16,1,4.0,True,,7.1548347,0.013401575
0,33,LinearSchedule,md4,gibbs_argmax,16,2,0.01,True,,7.337766,0.01826772
1,33,LinearSchedule,md4,gibbs_argmax,16,2,0.01,True,,7.098098,0.019732283
2,33,LinearSchedule,md4,gibbs_argmax,16,2,0.01,True,,7.245967,0.018897643
3,33,LinearSchedule,md4,gibbs_argmax,16,2,0.01,True,,7.249249,0.018559055
4,33,LinearSchedule,md4,gibbs_argmax,16,2,0.01,True,,7.2500706,0.018858269
0,33,LinearSchedule,md4,gibbs_argmax,16,2,0.1,True,,7.391154,0.018173235
1,33,LinearSchedule,md4,gibbs_argmax,16,2,0.1,True,,7.172878,0.019133866
2,33,LinearSchedule,md4,gibbs_argmax,16,2,0.1,True,,7.188588,0.019448822
3,33,LinearSchedule,md4,gibbs_argmax,16,2,0.1,True,,7.1732793,0.019015754
4,33,LinearSchedule,md4,gibbs_argmax,16,2,0.1,True,,7.2104554,0.01913386
0,33,LinearSchedule,md4,gibbs_argmax,16,2,0.5,True,,7.394997,0.018425204
1,33,LinearSchedule,md4,gibbs_argmax,16,2,0.5,True,,7.155635,0.018850394
2,33,LinearSchedule,md4,gibbs_argmax,16,2,0.5,True,,7.1508384,0.01964567
3,33,LinearSchedule,md4,gibbs_argmax,16,2,0.5,True,,7.159638,0.019141734
4,33,LinearSchedule,md4,gibbs_argmax,16,2,0.5,True,,7.2963576,0.019086618
0,33,LinearSchedule,md4,gibbs_argmax,16,2,1.0,True,,7.3419757,0.018543309
1,33,LinearSchedule,md4,gibbs_argmax,16,2,1.0,True,,7.175692,0.01899213
2,33,LinearSchedule,md4,gibbs_argmax,16,2,1.0,True,,7.106374,0.019732283
3,33,LinearSchedule,md4,gibbs_argmax,16,2,1.0,True,,7.17127,0.019055119
4,33,LinearSchedule,md4,gibbs_argmax,16,2,1.0,True,,7.3134503,0.018519688
0,33,LinearSchedule,md4,gibbs_argmax,16,2,2.0,True,,7.1273456,0.019362208
1,33,LinearSchedule,md4,gibbs_argmax,16,2,2.0,True,,6.970918,0.019590557
2,33,LinearSchedule,md4,gibbs_argmax,16,2,2.0,True,,6.8972945,0.020566931
3,33,LinearSchedule,md4,gibbs_argmax,16,2,2.0,True,,7.022164,0.019818898
4,33,LinearSchedule,md4,gibbs_argmax,16,2,2.0,True,,7.148442,0.019322835
0,33,LinearSchedule,md4,gibbs_argmax,16,2,4.0,True,,6.872114,0.018976377
1,33,LinearSchedule,md4,gibbs_argmax,16,2,4.0,True,,6.7664003,0.01911811
2,33,LinearSchedule,md4,gibbs_argmax,16,2,4.0,True,,6.683724,0.020929137
3,33,LinearSchedule,md4,gibbs_argmax,16,2,4.0,True,,6.7653275,0.01977953
4,33,LinearSchedule,md4,gibbs_argmax,16,2,4.0,True,,6.865112,0.019204725
0,33,LinearSchedule,md4,gibbs_argmax,16,4,0.01,True,,7.2153325,0.020322835
1,33,LinearSchedule,md4,gibbs_argmax,16,4,0.01,True,,7.1166463,0.020944886
2,33,LinearSchedule,md4,gibbs_argmax,16,4,0.01,True,,7.2463765,0.020181105
3,33,LinearSchedule,md4,gibbs_argmax,16,4,0.01,True,,7.225923,0.02004725
4,33,LinearSchedule,md4,gibbs_argmax,16,4,0.01,True,,7.280173,0.020212606
0,33,LinearSchedule,md4,gibbs_argmax,16,4,0.1,True,,7.2517138,0.019984253
1,33,LinearSchedule,md4,gibbs_argmax,16,4,0.1,True,,7.1604385,0.02026772
2,33,LinearSchedule,md4,gibbs_argmax,16,4,0.1,True,,7.2537684,0.020763785
3,33,LinearSchedule,md4,gibbs_argmax,16,4,0.1,True,,7.272314,0.019787405
4,33,LinearSchedule,md4,gibbs_argmax,16,4,0.1,True,,7.2984376,0.020204727
0,33,LinearSchedule,md4,gibbs_argmax,16,4,0.5,True,,7.2710752,0.02023622
1,33,LinearSchedule,md4,gibbs_argmax,16,4,0.5,True,,7.206801,0.020653544
2,33,LinearSchedule,md4,gibbs_argmax,16,4,0.5,True,,7.2595286,0.020748038
3,33,LinearSchedule,md4,gibbs_argmax,16,4,0.5,True,,7.205584,0.020669293
4,33,LinearSchedule,md4,gibbs_argmax,16,4,0.5,True,,7.4172797,0.019385828
0,33,LinearSchedule,md4,gibbs_argmax,16,4,1.0,True,,7.3021855,0.020078745
1,33,LinearSchedule,md4,gibbs_argmax,16,4,1.0,True,,7.2463765,0.019842524
2,33,LinearSchedule,md4,gibbs_argmax,16,4,1.0,True,,7.236545,0.02074016
3,33,LinearSchedule,md4,gibbs_argmax,16,4,1.0,True,,7.223069,0.020456696
4,33,LinearSchedule,md4,gibbs_argmax,16,4,1.0,True,,7.4954615,0.018921264
0,33,LinearSchedule,md4,gibbs_argmax,16,4,2.0,True,,7.3331428,0.019440945
1,33,LinearSchedule,md4,gibbs_argmax,16,4,2.0,True,,7.176094,0.020503934
2,33,LinearSchedule,md4,gibbs_argmax,16,4,2.0,True,,7.1508384,0.020661421
3,33,LinearSchedule,md4,gibbs_argmax,16,4,2.0,True,,7.100854,0.021125989
4,33,LinearSchedule,md4,gibbs_argmax,16,4,2.0,True,,7.255824,0.02054331
0,33,LinearSchedule,md4,gibbs_argmax,16,4,4.0,True,,6.9211636,0.021598432
1,33,LinearSchedule,md4,gibbs_argmax,16,4,4.0,True,,6.779302,0.022354335
2,33,LinearSchedule,md4,gibbs_argmax,16,4,4.0,True,,6.7471404,0.023086617
3,33,LinearSchedule,md4,gibbs_argmax,16,4,4.0,True,,6.7535486,0.022566931
4,33,LinearSchedule,md4,gibbs_argmax,16,4,4.0,True,,6.8467507,0.022677165
0,33,LinearSchedule,md4,gibbs_argmax,16,8,0.01,True,,6.141445,0.025165357
1,33,LinearSchedule,md4,gibbs_argmax,16,8,0.01,True,,6.0920467,0.025913382
2,33,LinearSchedule,md4,gibbs_argmax,16,8,0.01,True,,6.0738354,0.025897639
3,33,LinearSchedule,md4,gibbs_argmax,16,8,0.01,True,,6.145573,0.024771655
4,33,LinearSchedule,md4,gibbs_argmax,16,8,0.01,True,,6.0946574,0.025519688
0,33,LinearSchedule,md4,gibbs_argmax,16,8,0.1,True,,6.180589,0.025094492
1,33,LinearSchedule,md4,gibbs_argmax,16,8,0.1,True,,6.043437,0.0262441
2,33,LinearSchedule,md4,gibbs_argmax,16,8,0.1,True,,6.154734,0.025685038
3,33,LinearSchedule,md4,gibbs_argmax,16,8,0.1,True,,6.114747,0.025062995
4,33,LinearSchedule,md4,gibbs_argmax,16,8,0.1,True,,6.1068707,0.025803147
0,33,LinearSchedule,md4,gibbs_argmax,16,8,0.5,True,,6.308526,0.02388977
1,33,LinearSchedule,md4,gibbs_argmax,16,8,0.5,True,,6.2172136,0.025433075
2,33,LinearSchedule,md4,gibbs_argmax,16,8,0.5,True,,6.20125,0.025385827
3,33,LinearSchedule,md4,gibbs_argmax,16,8,0.5,True,,6.1817827,0.025267722
4,33,LinearSchedule,md4,gibbs_argmax,16,8,0.5,True,,6.176414,0.025354335
0,33,LinearSchedule,md4,gibbs_argmax,16,8,1.0,True,,6.365626,0.024779532
1,33,LinearSchedule,md4,gibbs_argmax,16,8,1.0,True,,6.335066,0.025070868
2,33,LinearSchedule,md4,gibbs_argmax,16,8,1.0,True,,6.4702015,0.02426772
3,33,LinearSchedule,md4,gibbs_argmax,16,8,1.0,True,,6.455192,0.024149613
4,33,LinearSchedule,md4,gibbs_argmax,16,8,1.0,True,,6.4564943,0.024244096
0,33,LinearSchedule,md4,gibbs_argmax,16,8,2.0,True,,6.5432987,0.024440946
1,33,LinearSchedule,md4,gibbs_argmax,16,8,2.0,True,,6.5186396,0.024291338
2,33,LinearSchedule,md4,gibbs_argmax,16,8,2.0,True,,6.560402,0.024614176
3,33,LinearSchedule,md4,gibbs_argmax,16,8,2.0,True,,6.4600787,0.024763785
4,33,LinearSchedule,md4,gibbs_argmax,16,8,2.0,True,,6.554019,0.02356693
0,33,LinearSchedule,md4,gibbs_argmax,16,8,4.0,True,,6.505387,0.024637798
1,33,LinearSchedule,md4,gibbs_argmax,16,8,4.0,True,,6.3952036,0.024968509
2,33,LinearSchedule,md4,gibbs_argmax,16,8,4.0,True,,6.4315143,0.025881894
3,33,LinearSchedule,md4,gibbs_argmax,16,8,4.0,True,,6.4777327,0.02432284
4,33,LinearSchedule,md4,gibbs_argmax,16,8,4.0,True,,6.4211903,0.02522835
0,33,LinearSchedule,md4,gibbs_argmax,16,16,0.01,True,,4.6925983,0.038362212
1,33,LinearSchedule,md4,gibbs_argmax,16,16,0.01,True,,4.6360016,0.03933858
2,33,LinearSchedule,md4,gibbs_argmax,16,16,0.01,True,,4.6259484,0.039307088
3,33,LinearSchedule,md4,gibbs_argmax,16,16,0.01,True,,4.684183,0.038047243
4,33,LinearSchedule,md4,gibbs_argmax,16,16,0.01,True,,4.644749,0.039283466
0,33,LinearSchedule,md4,gibbs_argmax,16,16,0.1,True,,4.6950083,0.037763778
1,33,LinearSchedule,md4,gibbs_argmax,16,16,0.1,True,,4.673068,0.038173232
2,33,LinearSchedule,md4,gibbs_argmax,16,16,0.1,True,,4.614109,0.039157476
3,33,LinearSchedule,md4,gibbs_argmax,16,16,0.1,True,,4.70087,0.038425196
4,33,LinearSchedule,md4,gibbs_argmax,16,16,0.1,True,,4.675287,0.039007876
0,33,LinearSchedule,md4,gibbs_argmax,16,16,0.5,True,,4.8096795,0.03809449
1,33,LinearSchedule,md4,gibbs_argmax,16,16,0.5,True,,4.781115,0.037716538
2,33,LinearSchedule,md4,gibbs_argmax,16,16,0.5,True,,4.7298794,0.038385827
3,33,LinearSchedule,md4,gibbs_argmax,16,16,0.5,True,,4.7800436,0.037685044
4,33,LinearSchedule,md4,gibbs_argmax,16,16,0.5,True,,4.831283,0.03752757
0,33,LinearSchedule,md4,gibbs_argmax,16,16,1.0,True,,5.0336227,0.03665355
1,33,LinearSchedule,md4,gibbs_argmax,16,16,1.0,True,,4.987337,0.03731496
2,33,LinearSchedule,md4,gibbs_argmax,16,16,1.0,True,,4.9892807,0.03704725
3,33,LinearSchedule,md4,gibbs_argmax,16,16,1.0,True,,4.972419,0.037874013
4,33,LinearSchedule,md4,gibbs_argmax,16,16,1.0,True,,4.9751244,0.03737008
0,33,LinearSchedule,md4,gibbs_argmax,16,16,2.0,True,,5.257537,0.035055123
1,33,LinearSchedule,md4,gibbs_argmax,16,16,2.0,True,,5.204733,0.035291344
2,33,LinearSchedule,md4,gibbs_argmax,16,16,2.0,True,,5.2251296,0.036220476
3,33,LinearSchedule,md4,gibbs_argmax,16,16,2.0,True,,5.2115145,0.03572441
4,33,LinearSchedule,md4,gibbs_argmax,16,16,2.0,True,,5.2824893,0.034251973
0,33,LinearSchedule,md4,gibbs_argmax,16,16,4.0,True,,5.3992496,0.033811025
1,33,LinearSchedule,md4,gibbs_argmax,16,16,4.0,True,,5.3096614,0.034196846
2,33,LinearSchedule,md4,gibbs_argmax,16,16,4.0,True,,5.3822217,0.034338582
3,33,LinearSchedule,md4,gibbs_argmax,16,16,4.0,True,,5.363503,0.03455118
4,33,LinearSchedule,md4,gibbs_argmax,16,16,4.0,True,,5.356321,0.034496065
0,33,LinearSchedule,md4,gibbs_argmax,16,1,0.01,False,,9.664754,0.002283464
1,33,LinearSchedule,md4,gibbs_argmax,16,1,0.01,False,,9.300973,0.0027480307
2,33,LinearSchedule,md4,gibbs_argmax,16,1,0.01,False,,9.4395275,0.0024724402
3,33,LinearSchedule,md4,gibbs_argmax,16,1,0.01,False,,9.441617,0.0025118105
4,33,LinearSchedule,md4,gibbs_argmax,16,1,0.01,False,,9.380725,0.0026692906
0,33,LinearSchedule,md4,gibbs_argmax,16,1,0.1,False,,9.590889,0.0025275582
1,33,LinearSchedule,md4,gibbs_argmax,16,1,0.1,False,,9.292195,0.0027322825
2,33,LinearSchedule,md4,gibbs_argmax,16,1,0.1,False,,9.40554,0.0025118105
3,33,LinearSchedule,md4,gibbs_argmax,16,1,0.1,False,,9.366996,0.0026535427
4,33,LinearSchedule,md4,gibbs_argmax,16,1,0.1,False,,9.349207,0.0026614168
0,33,LinearSchedule,md4,gibbs_argmax,16,1,0.5,False,,9.100604,0.004181101
1,33,LinearSchedule,md4,gibbs_argmax,16,1,0.5,False,,8.877176,0.0044173216
2,33,LinearSchedule,md4,gibbs_argmax,16,1,0.5,False,,8.960448,0.0041102353
3,33,LinearSchedule,md4,gibbs_argmax,16,1,0.5,False,,8.895684,0.0043936996
4,33,LinearSchedule,md4,gibbs_argmax,16,1,0.5,False,,8.964213,0.004448818
0,33,LinearSchedule,md4,gibbs_argmax,16,1,1.0,False,,8.595796,0.0053543295
1,33,LinearSchedule,md4,gibbs_argmax,16,1,1.0,False,,8.409435,0.0059685023
2,33,LinearSchedule,md4,gibbs_argmax,16,1,1.0,False,,8.510638,0.0055826753
3,33,LinearSchedule,md4,gibbs_argmax,16,1,1.0,False,,8.42216,0.0058503915
4,33,LinearSchedule,md4,gibbs_argmax,16,1,1.0,False,,8.5653105,0.00562992
0,33,LinearSchedule,md4,gibbs_argmax,16,1,2.0,False,,8.003502,0.0065826755
1,33,LinearSchedule,md4,gibbs_argmax,16,1,2.0,False,,7.8788624,0.0070787375
2,33,LinearSchedule,md4,gibbs_argmax,16,1,2.0,False,,7.8715944,0.0070314934
3,33,LinearSchedule,md4,gibbs_argmax,16,1,2.0,False,,7.800597,0.007039368
4,33,LinearSchedule,md4,gibbs_argmax,16,1,2.0,False,,8.0,0.007133856
0,33,LinearSchedule,md4,gibbs_argmax,16,1,4.0,False,,7.3817763,0.008039368
1,33,LinearSchedule,md4,gibbs_argmax,16,1,4.0,False,,7.2922006,0.008362203
2,33,LinearSchedule,md4,gibbs_argmax,16,1,4.0,False,,7.359282,0.008299211
3,33,LinearSchedule,md4,gibbs_argmax,16,1,4.0,False,,7.258705,0.008401573
4,33,LinearSchedule,md4,gibbs_argmax,16,1,4.0,False,,7.405693,0.00831496
0,33,LinearSchedule,md4,gibbs_argmax,16,2,0.01,False,,9.211283,0.0024881884
1,33,LinearSchedule,md4,gibbs_argmax,16,2,0.01,False,,9.033807,0.0030944874
2,33,LinearSchedule,md4,gibbs_argmax,16,2,0.01,False,,9.146777,0.0025511805
3,33,LinearSchedule,md4,gibbs_argmax,16,2,0.01,False,,9.144164,0.0025354323
4,33,LinearSchedule,md4,gibbs_argmax,16,2,0.01,False,,9.13894,0.002803149
0,33,LinearSchedule,md4,gibbs_argmax,16,2,0.1,False,,9.278051,0.0026614168
1,33,LinearSchedule,md4,gibbs_argmax,16,2,0.1,False,,9.055536,0.0031889754
2,33,LinearSchedule,md4,gibbs_argmax,16,2,0.1,False,,9.144816,0.0025905506
3,33,LinearSchedule,md4,gibbs_argmax,16,2,0.1,False,,9.095431,0.0025669285
4,33,LinearSchedule,md4,gibbs_argmax,16,2,0.1,False,,9.107728,0.0029685032
0,33,LinearSchedule,md4,gibbs_argmax,16,2,0.5,False,,9.046576,0.0042204713
1,33,LinearSchedule,md4,gibbs_argmax,16,2,0.5,False,,8.835507,0.004519684
2,33,LinearSchedule,md4,gibbs_argmax,16,2,0.5,False,,8.885803,0.004141731
3,33,LinearSchedule,md4,gibbs_argmax,16,2,0.5,False,,8.843443,0.0039606285
4,33,LinearSchedule,md4,gibbs_argmax,16,2,0.5,False,,8.962331,0.0044409432
0,33,LinearSchedule,md4,gibbs_argmax,16,2,1.0,False,,8.729455,0.0052125966
1,33,LinearSchedule,md4,gibbs_argmax,16,2,1.0,False,,8.613149,0.0052677146
2,33,LinearSchedule,md4,gibbs_argmax,16,2,1.0,False,,8.576214,0.0051574786
3,33,LinearSchedule,md4,gibbs_argmax,16,2,1.0,False,,8.602151,0.0051338566
4,33,LinearSchedule,md4,gibbs_argmax,16,2,1.0,False,,8.785778,0.0052913367
0,33,LinearSchedule,md4,gibbs_argmax,16,2,2.0,False,,8.194623,0.0067716516
1,33,LinearSchedule,md4,gibbs_argmax,16,2,2.0,False,,8.174212,0.0066141714
2,33,LinearSchedule,md4,gibbs_argmax,16,2,2.0,False,,8.077748,0.006881887
3,33,LinearSchedule,md4,gibbs_argmax,16,2,2.0,False,,8.15027,0.006661415
4,33,LinearSchedule,md4,gibbs_argmax,16,2,2.0,False,,8.374771,0.006433069
0,33,LinearSchedule,md4,gibbs_argmax,16,2,4.0,False,,7.675241,0.0073779505
1,33,LinearSchedule,md4,gibbs_argmax,16,2,4.0,False,,7.586984,0.007874013
2,33,LinearSchedule,md4,gibbs_argmax,16,2,4.0,False,,7.624948,0.007937006
3,33,LinearSchedule,md4,gibbs_argmax,16,2,4.0,False,,7.6158743,0.0076614143
4,33,LinearSchedule,md4,gibbs_argmax,16,2,4.0,False,,7.712702,0.007685037
0,33,LinearSchedule,md4,gibbs_argmax,16,4,0.01,False,,9.195402,0.0038503925
1,33,LinearSchedule,md4,gibbs_argmax,16,4,0.01,False,,9.060664,0.0039212587
2,33,LinearSchedule,md4,gibbs_argmax,16,4,0.01,False,,9.144164,0.0038582666
3,33,LinearSchedule,md4,gibbs_argmax,16,4,0.01,False,,9.163803,0.003480314
4,33,LinearSchedule,md4,gibbs_argmax,16,4,0.01,False,,9.266634,0.003582676
0,33,LinearSchedule,md4,gibbs_argmax,16,4,0.1,False,,9.196063,0.0036535421
1,33,LinearSchedule,md4,gibbs_argmax,16,4,0.1,False,,9.085102,0.0037401563
2,33,LinearSchedule,md4,gibbs_argmax,16,4,0.1,False,,9.165772,0.0038110223
3,33,LinearSchedule,md4,gibbs_argmax,16,4,0.1,False,,9.221902,0.0037480304
4,33,LinearSchedule,md4,gibbs_argmax,16,4,0.1,False,,9.272003,0.0036377942
0,33,LinearSchedule,md4,gibbs_argmax,16,4,0.5,False,,9.171026,0.0044488176
1,33,LinearSchedule,md4,gibbs_argmax,16,4,0.5,False,,9.060022,0.0045590536
2,33,LinearSchedule,md4,gibbs_argmax,16,4,0.5,False,,9.192101,0.004960628
3,33,LinearSchedule,md4,gibbs_argmax,16,4,0.5,False,,9.116809,0.00474803
4,33,LinearSchedule,md4,gibbs_argmax,16,4,0.5,False,,9.290174,0.004212597
0,33,LinearSchedule,md4,gibbs_argmax,16,4,1.0,False,,9.038271,0.0051259827
1,33,LinearSchedule,md4,gibbs_argmax,16,4,1.0,False,,9.021072,0.0050472426
2,33,LinearSchedule,md4,gibbs_argmax,16,4,1.0,False,,9.087037,0.0050551165
3,33,LinearSchedule,md4,gibbs_argmax,16,4,1.0,False,,9.0293455,0.004952755
4,33,LinearSchedule,md4,gibbs_argmax,16,4,1.0,False,,9.22722,0.00486614
0,33,LinearSchedule,md4,gibbs_argmax,16,4,2.0,False,,8.712225,0.0060314946
1,33,LinearSchedule,md4,gibbs_argmax,16,4,2.0,False,,8.585419,0.0059055104
2,33,LinearSchedule,md4,gibbs_argmax,16,4,2.0,False,,8.711039,0.0059291325
3,33,LinearSchedule,md4,gibbs_argmax,16,4,2.0,False,,8.535041,0.0058897617
4,33,LinearSchedule,md4,gibbs_argmax,16,4,2.0,False,,8.797855,0.0059212577
0,33,LinearSchedule,md4,gibbs_argmax,16,4,4.0,False,,8.119251,0.0069999974
1,33,LinearSchedule,md4,gibbs_argmax,16,4,4.0,False,,8.053861,0.0072440924
2,33,LinearSchedule,md4,gibbs_argmax,16,4,4.0,False,,8.131115,0.0071181078
3,33,LinearSchedule,md4,gibbs_argmax,16,4,4.0,False,,8.008008,0.0071653523
4,33,LinearSchedule,md4,gibbs_argmax,16,4,4.0,False,,8.161704,0.0068661403
0,33,LinearSchedule,md4,gibbs_argmax,16,8,0.01,False,,7.5387244,0.0077401553
1,33,LinearSchedule,md4,gibbs_argmax,16,8,0.01,False,,7.4722705,0.007811021
2,33,LinearSchedule,md4,gibbs_argmax,16,8,0.01,False,,7.4544287,0.007574801
3,33,LinearSchedule,md4,gibbs_argmax,16,8,0.01,False,,7.460077,0.007653541
4,33,LinearSchedule,md4,gibbs_argmax,16,8,0.01,False,,7.4061217,0.007992123
0,33,LinearSchedule,md4,gibbs_argmax,16,8,0.1,False,,7.5632234,0.007551179
1,33,LinearSchedule,md4,gibbs_argmax,16,8,0.1,False,,7.4384007,0.007944879
2,33,LinearSchedule,md4,gibbs_argmax,16,8,0.1,False,,7.5329566,0.007653541
3,33,LinearSchedule,md4,gibbs_argmax,16,8,0.1,False,,7.4679112,0.007755903
4,33,LinearSchedule,md4,gibbs_argmax,16,8,0.1,False,,7.457469,0.008055116
0,33,LinearSchedule,md4,gibbs_argmax,16,8,0.5,False,,7.8191814,0.007826769
1,33,LinearSchedule,md4,gibbs_argmax,16,8,0.5,False,,7.7463083,0.007897635
2,33,LinearSchedule,md4,gibbs_argmax,16,8,0.5,False,,7.741623,0.0076141707
3,33,LinearSchedule,md4,gibbs_argmax,16,8,0.5,False,,7.787309,0.007763777
4,33,LinearSchedule,md4,gibbs_argmax,16,8,0.5,False,,7.808687,0.008196848
0,33,LinearSchedule,md4,gibbs_argmax,16,8,1.0,False,,8.115648,0.006795273
1,33,LinearSchedule,md4,gibbs_argmax,16,8,1.0,False,,8.087956,0.007267714
2,33,LinearSchedule,md4,gibbs_argmax,16,8,1.0,False,,8.290154,0.0066929115
3,33,LinearSchedule,md4,gibbs_argmax,16,8,1.0,False,,8.127501,0.006992124
4,33,LinearSchedule,md4,gibbs_argmax,16,8,1.0,False,,8.246891,0.0066929115
0,33,LinearSchedule,md4,gibbs_argmax,16,8,2.0,False,,8.1930485,0.0065275566
1,33,LinearSchedule,md4,gibbs_argmax,16,8,2.0,False,,8.119251,0.0067244074
2,33,LinearSchedule,md4,gibbs_argmax,16,8,2.0,False,,8.188855,0.006771651
3,33,LinearSchedule,md4,gibbs_argmax,16,8,2.0,False,,8.087956,0.006881887
4,33,LinearSchedule,md4,gibbs_argmax,16,8,2.0,False,,8.194098,0.0066377935
0,33,LinearSchedule,md4,gibbs_argmax,16,8,4.0,False,,7.8686914,0.007488186
1,33,LinearSchedule,md4,gibbs_argmax,16,8,4.0,False,,7.786362,0.0075511783
2,33,LinearSchedule,md4,gibbs_argmax,16,8,4.0,False,,7.8163166,0.0075826743
3,33,LinearSchedule,md4,gibbs_argmax,16,8,4.0,False,,7.856617,0.0075196824
4,33,LinearSchedule,md4,gibbs_argmax,16,8,4.0,False,,7.9061146,0.007055116
0,33,LinearSchedule,md4,gibbs_argmax,16,16,0.01,False,,5.4533057,0.01813386
1,33,LinearSchedule,md4,gibbs_argmax,16,16,0.01,False,,5.398111,0.019236226
2,33,LinearSchedule,md4,gibbs_argmax,16,16,0.01,False,,5.3960624,0.018692916
3,33,LinearSchedule,md4,gibbs_argmax,16,16,0.01,False,,5.4547005,0.018102366
4,33,LinearSchedule,md4,gibbs_argmax,16,16,0.01,False,,5.4327064,0.019165354
0,33,LinearSchedule,md4,gibbs_argmax,16,16,0.1,False,,5.503483,0.01797638
1,33,LinearSchedule,md4,gibbs_argmax,16,16,0.1,False,,5.4419456,0.017968507
2,33,LinearSchedule,md4,gibbs_argmax,16,16,0.1,False,,5.3953805,0.018937012
3,33,LinearSchedule,md4,gibbs_argmax,16,16,0.1,False,,5.4691505,0.018417329
4,33,LinearSchedule,md4,gibbs_argmax,16,16,0.1,False,,5.4551654,0.018669292
0,33,LinearSchedule,md4,gibbs_argmax,16,16,0.5,False,,5.953765,0.014984254
1,33,LinearSchedule,md4,gibbs_argmax,16,16,0.5,False,,5.96264,0.015393701
2,33,LinearSchedule,md4,gibbs_argmax,16,16,0.5,False,,5.865103,0.015889766
3,33,LinearSchedule,md4,gibbs_argmax,16,16,0.5,False,,5.9349933,0.015535436
4,33,LinearSchedule,md4,gibbs_argmax,16,16,0.5,False,,5.934168,0.016307088
0,33,LinearSchedule,md4,gibbs_argmax,16,16,1.0,False,,6.5203,0.011299215
1,33,LinearSchedule,md4,gibbs_argmax,16,16,1.0,False,,6.534613,0.011385826
2,33,LinearSchedule,md4,gibbs_argmax,16,16,1.0,False,,6.5779333,0.010960631
3,33,LinearSchedule,md4,gibbs_argmax,16,16,1.0,False,,6.560738,0.011094492
4,33,LinearSchedule,md4,gibbs_argmax,16,16,1.0,False,,6.563766,0.011818899
0,33,LinearSchedule,md4,gibbs_argmax,16,16,2.0,False,,6.7987466,0.010322835
1,33,LinearSchedule,md4,gibbs_argmax,16,16,2.0,False,,6.795859,0.0094409445
2,33,LinearSchedule,md4,gibbs_argmax,16,16,2.0,False,,6.864007,0.010188978
3,33,LinearSchedule,md4,gibbs_argmax,16,16,2.0,False,,6.8059764,0.009566927
4,33,LinearSchedule,md4,gibbs_argmax,16,16,2.0,False,,6.8270307,0.010047244
0,33,LinearSchedule,md4,gibbs_argmax,16,16,4.0,False,,6.744296,0.009755904
1,33,LinearSchedule,md4,gibbs_argmax,16,16,4.0,False,,6.7524796,0.009803149
2,33,LinearSchedule,md4,gibbs_argmax,16,16,4.0,False,,6.7940555,0.010409448
3,33,LinearSchedule,md4,gibbs_argmax,16,16,4.0,False,,6.7664003,0.00988189
4,33,LinearSchedule,md4,gibbs_argmax,16,16,4.0,False,,6.782535,0.010062993
0,32,LinearSchedule,maskgit,none,32,,,True,0.01,23.551058,0.018283468
1,32,LinearSchedule,maskgit,none,32,,,True,0.01,23.7874,0.017433072
2,32,LinearSchedule,maskgit,none,32,,,True,0.01,23.694927,0.01818898
3,32,LinearSchedule,maskgit,none,32,,,True,0.01,23.694927,0.018582677
4,32,LinearSchedule,maskgit,none,32,,,True,0.01,23.620594,0.018598426
0,32,LinearSchedule,maskgit,none,32,,,True,0.1,23.100523,0.018755907
1,32,LinearSchedule,maskgit,none,32,,,True,0.1,23.426062,0.017629921
2,32,LinearSchedule,maskgit,none,32,,,True,0.1,23.167421,0.018629927
3,32,LinearSchedule,maskgit,none,32,,,True,0.1,23.222061,0.018952757
4,32,LinearSchedule,maskgit,none,32,,,True,0.1,23.15066,0.019102367
0,32,LinearSchedule,maskgit,none,32,,,True,0.5,9.610331,0.04853543
1,32,LinearSchedule,maskgit,none,32,,,True,0.5,9.557945,0.048157476
2,32,LinearSchedule,maskgit,none,32,,,True,0.5,9.611774,0.048944887
3,32,LinearSchedule,maskgit,none,32,,,True,0.5,9.599521,0.04899212
4,32,LinearSchedule,maskgit,none,32,,,True,0.5,9.512485,0.04861418
0,32,LinearSchedule,maskgit,none,32,,,True,1.0,5.066899,0.09307875
1,32,LinearSchedule,maskgit,none,32,,,True,1.0,5.112638,0.09194489
2,32,LinearSchedule,maskgit,none,32,,,True,1.0,5.1091685,0.09284253
3,32,LinearSchedule,maskgit,none,32,,,True,1.0,5.0473185,0.09501576
4,32,LinearSchedule,maskgit,none,32,,,True,1.0,5.127178,0.093173236
0,32,LinearSchedule,maskgit,none,32,,,True,2.0,3.2573292,0.14441735
1,32,LinearSchedule,maskgit,none,32,,,True,2.0,3.2648895,0.14216535
2,32,LinearSchedule,maskgit,none,32,,,True,2.0,3.268725,0.14190552
3,32,LinearSchedule,maskgit,none,32,,,True,2.0,3.2846622,0.14203936
4,32,LinearSchedule,maskgit,none,32,,,True,2.0,3.2696433,0.14455119
0,32,LinearSchedule,maskgit,none,32,,,True,4.0,2.6846764,0.17038582
1,32,LinearSchedule,maskgit,none,32,,,True,4.0,2.7019613,0.16781892
2,32,LinearSchedule,maskgit,none,32,,,True,4.0,2.6828196,0.16959053
3,32,LinearSchedule,maskgit,none,32,,,True,4.0,2.6800108,0.17002366
4,32,LinearSchedule,maskgit,none,32,,,True,4.0,2.669837,0.17162992
0,32,LinearSchedule,maskgit,none,32,,,False,0.01,23.400364,0.018362205
1,32,LinearSchedule,maskgit,none,32,,,False,0.01,23.477623,0.01762205
2,32,LinearSchedule,maskgit,none,32,,,False,0.01,23.651146,0.018314961
3,32,LinearSchedule,maskgit,none,32,,,False,0.01,23.50349,0.018740164
4,32,LinearSchedule,maskgit,none,32,,,False,0.01,23.443224,0.018755905
0,32,LinearSchedule,maskgit,none,32,,,False,0.1,18.288328,0.024354333
1,32,LinearSchedule,maskgit,none,32,,,False,0.1,17.96239,0.024212599
2,32,LinearSchedule,maskgit,none,32,,,False,0.1,17.8273,0.02480315
3,32,LinearSchedule,maskgit,none,32,,,False,0.1,17.726076,0.025338586
4,32,LinearSchedule,maskgit,none,32,,,False,0.1,17.877094,0.02488977
0,32,LinearSchedule,maskgit,none,32,,,False,0.5,3.4113321,0.1399606
1,32,LinearSchedule,maskgit,none,32,,,False,0.5,3.4189863,0.13988188
2,32,LinearSchedule,maskgit,none,32,,,False,0.5,3.415337,0.14003149
3,32,LinearSchedule,maskgit,none,32,,,False,0.5,3.4235582,0.14016531
4,32,LinearSchedule,maskgit,none,32,,,False,0.5,3.4000053,0.13919684
0,32,LinearSchedule,maskgit,none,32,,,False,1.0,2.6896973,0.17262992
1,32,LinearSchedule,maskgit,none,32,,,False,1.0,2.695361,0.17069292
2,32,LinearSchedule,maskgit,none,32,,,False,1.0,2.701505,0.17077954
3,32,LinearSchedule,maskgit,none,32,,,False,1.0,2.7026458,0.17353544
4,32,LinearSchedule,maskgit,none,32,,,False,1.0,2.6792254,0.17449607
0,32,LinearSchedule,maskgit,none,32,,,False,2.0,2.4399078,0.18465357
1,32,LinearSchedule,maskgit,none,32,,,False,2.0,2.450089,0.18187402
2,32,LinearSchedule,maskgit,none,32,,,False,2.0,2.451309,0.1822126
3,32,LinearSchedule,maskgit,none,32,,,False,2.0,2.449292,0.18327567
4,32,LinearSchedule,maskgit,none,32,,,False,2.0,2.443494,0.18546458
0,32,LinearSchedule,maskgit,none,32,,,False,4.0,2.333935,0.18847248
1,32,LinearSchedule,maskgit,none,32,,,False,4.0,2.3441076,0.18723623
2,32,LinearSchedule,maskgit,none,32,,,False,4.0,2.337558,0.18657476
3,32,LinearSchedule,maskgit,none,32,,,False,4.0,2.3392668,0.18859059
4,32,LinearSchedule,maskgit,none,32,,,False,4.0,2.33615,0.19034651
0,64,LinearSchedule,md4,none,64,,,False,,6.7653275,0.017401574
1,64,LinearSchedule,md4,none,64,,,False,,6.8139477,0.017047249
2,64,LinearSchedule,md4,none,64,,,False,,6.7828946,0.017299213
3,64,LinearSchedule,md4,none,64,,,False,,6.6973634,0.01766929
4,64,LinearSchedule,md4,none,64,,,False,,6.710354,0.017803155
0,64,LinearSchedule,md4,none,64,,,False,,6.7653275,0.017401574
1,64,LinearSchedule,md4,none,64,,,False,,6.8139477,0.017047249
2,64,LinearSchedule,md4,none,64,,,False,,6.7828946,0.017299213
3,64,LinearSchedule,md4,none,64,,,False,,6.6973634,0.01766929
4,64,LinearSchedule,md4,none,64,,,False,,6.710354,0.017803155
0,64,LinearSchedule,md4,gibbs,32,1,0.01,True,,6.673966,0.043070868
1,64,LinearSchedule,md4,gibbs,32,1,0.01,True,,6.6228595,0.044204738
2,64,LinearSchedule,md4,gibbs,32,1,0.01,True,,6.5252857,0.04392126
3,64,LinearSchedule,md4,gibbs,32,1,0.01,True,,6.657651,0.043220468
4,64,LinearSchedule,md4,gibbs,32,1,0.01,True,,6.6736183,0.044133853
0,64,LinearSchedule,md4,gibbs,32,1,0.1,True,,6.6903615,0.04311811
1,64,LinearSchedule,md4,gibbs,32,1,0.1,True,,6.6040654,0.04428347
2,64,LinearSchedule,md4,gibbs,32,1,0.1,True,,6.5163164,0.044362195
3,64,LinearSchedule,md4,gibbs,32,1,0.1,True,,6.6851206,0.04318899
4,64,LinearSchedule,md4,gibbs,32,1,0.1,True,,6.6348743,0.044385824
0,64,LinearSchedule,md4,gibbs,32,1,0.5,True,,6.5156527,0.043661408
1,64,LinearSchedule,md4,gibbs,32,1,0.5,True,,6.345115,0.046259843
2,64,LinearSchedule,md4,gibbs,32,1,0.5,True,,6.3599324,0.045866136
3,64,LinearSchedule,md4,gibbs,32,1,0.5,True,,6.4744563,0.044472434
4,64,LinearSchedule,md4,gibbs,32,1,0.5,True,,6.4574714,0.045110233
0,64,LinearSchedule,md4,gibbs,32,1,1.0,True,,6.3110147,0.044141725
1,64,LinearSchedule,md4,gibbs,32,1,1.0,True,,6.1746264,0.04613386
2,64,LinearSchedule,md4,gibbs,32,1,1.0,True,,6.215101,0.046173226
3,64,LinearSchedule,md4,gibbs,32,1,1.0,True,,6.2714357,0.045220476
4,64,LinearSchedule,md4,gibbs,32,1,1.0,True,,6.2785106,0.04517323
0,64,LinearSchedule,md4,gibbs,32,1,2.0,True,,6.0712423,0.044488177
1,64,LinearSchedule,md4,gibbs,32,1,2.0,True,,5.864834,0.04722835
2,64,LinearSchedule,md4,gibbs,32,1,2.0,True,,5.8834343,0.04770865
3,64,LinearSchedule,md4,gibbs,32,1,2.0,True,,5.994755,0.045661405
4,64,LinearSchedule,md4,gibbs,32,1,2.0,True,,5.9509974,0.046488192
0,64,LinearSchedule,md4,gibbs,32,1,4.0,True,,5.7018127,0.04631496
1,64,LinearSchedule,md4,gibbs,32,1,4.0,True,,5.616498,0.047377937
2,64,LinearSchedule,md4,gibbs,32,1,4.0,True,,5.628353,0.047535427
3,64,LinearSchedule,md4,gibbs,32,1,4.0,True,,5.7286077,0.046062984
4,64,LinearSchedule,md4,gibbs,32,1,4.0,True,,5.6417484,0.047196846
0,64,LinearSchedule,md4,gibbs,32,2,0.01,True,,6.2942567,0.044314966
1,64,LinearSchedule,md4,gibbs,32,2,0.01,True,,6.1311493,0.046685033
2,64,LinearSchedule,md4,gibbs,32,2,0.01,True,,6.1150393,0.04650393
3,64,LinearSchedule,md4,gibbs,32,2,0.01,True,,6.164812,0.045976385
4,64,LinearSchedule,md4,gibbs,32,2,0.01,True,,6.130856,0.04619685
0,64,LinearSchedule,md4,gibbs,32,2,0.1,True,,6.3222365,0.044055115
1,64,LinearSchedule,md4,gibbs,32,2,0.1,True,,6.0981417,0.047228336
2,64,LinearSchedule,md4,gibbs,32,2,0.1,True,,6.132911,0.04683465
3,64,LinearSchedule,md4,gibbs,32,2,0.1,True,,6.1385,0.046133853
4,64,LinearSchedule,md4,gibbs,32,2,0.1,True,,6.130856,0.046220466
0,64,LinearSchedule,md4,gibbs,32,2,0.5,True,,6.162735,0.045488182
1,64,LinearSchedule,md4,gibbs,32,2,0.5,True,,6.1367345,0.046448816
2,64,LinearSchedule,md4,gibbs,32,2,0.5,True,,6.129975,0.046795268
3,64,LinearSchedule,md4,gibbs,32,2,0.5,True,,6.101921,0.046007868
4,64,LinearSchedule,md4,gibbs,32,2,0.5,True,,6.1423287,0.045582674
0,64,LinearSchedule,md4,gibbs,32,2,1.0,True,,6.1946473,0.043897644
1,64,LinearSchedule,md4,gibbs,32,2,1.0,True,,6.042867,0.04697638
2,64,LinearSchedule,md4,gibbs,32,2,1.0,True,,6.1025033,0.046149615
3,64,LinearSchedule,md4,gibbs,32,2,1.0,True,,6.0620413,0.046322826
4,64,LinearSchedule,md4,gibbs,32,2,1.0,True,,6.1755195,0.04526772
0,64,LinearSchedule,md4,gibbs,32,2,2.0,True,,5.995878,0.0458189
1,64,LinearSchedule,md4,gibbs,32,2,2.0,True,,5.892915,0.046834644
2,64,LinearSchedule,md4,gibbs,32,2,2.0,True,,5.9138794,0.04779527
3,64,LinearSchedule,md4,gibbs,32,2,2.0,True,,5.9185276,0.04702362
4,64,LinearSchedule,md4,gibbs,32,2,2.0,True,,5.9709845,0.045937013
0,64,LinearSchedule,md4,gibbs,32,2,4.0,True,,5.757467,0.04596849
1,64,LinearSchedule,md4,gibbs,32,2,4.0,True,,5.602241,0.048173226
2,64,LinearSchedule,md4,gibbs,32,2,4.0,True,,5.67703,0.048125986
3,64,LinearSchedule,md4,gibbs,32,2,4.0,True,,5.6742616,0.04765355
4,64,LinearSchedule,md4,gibbs,32,2,4.0,True,,5.646229,0.04806299
0,64,LinearSchedule,md4,gibbs,32,4,0.01,True,,5.779303,0.04777953
1,64,LinearSchedule,md4,gibbs,32,4,0.01,True,,5.694457,0.049488194
2,64,LinearSchedule,md4,gibbs,32,4,0.01,True,,5.8084135,0.047102354
3,64,LinearSchedule,md4,gibbs,32,4,0.01,True,,5.7577257,0.0475118
4,64,LinearSchedule,md4,gibbs,32,4,0.01,True,,5.767844,0.048086613
0,64,LinearSchedule,md4,gibbs,32,4,0.1,True,,5.839682,0.047102366
1,64,LinearSchedule,md4,gibbs,32,4,0.1,True,,5.7273254,0.04948031
2,64,LinearSchedule,md4,gibbs,32,4,0.1,True,,5.7553954,0.047858268
3,64,LinearSchedule,md4,gibbs,32,4,0.1,True,,5.7707047,0.048094478
4,64,LinearSchedule,md4,gibbs,32,4,0.1,True,,5.8031464,0.047559056
0,64,LinearSchedule,md4,gibbs,32,4,0.5,True,,5.823741,0.047999993
1,64,LinearSchedule,md4,gibbs,32,4,0.5,True,,5.85464,0.0475433
2,64,LinearSchedule,md4,gibbs,32,4,0.5,True,,5.7819133,0.04813387
3,64,LinearSchedule,md4,gibbs,32,4,0.5,True,,5.7337394,0.048590545
4,64,LinearSchedule,md4,gibbs,32,4,0.5,True,,5.8165956,0.047322832
0,64,LinearSchedule,md4,gibbs,32,4,1.0,True,,5.8715596,0.047157478
1,64,LinearSchedule,md4,gibbs,32,4,1.0,True,,5.780347,0.048834637
2,64,LinearSchedule,md4,gibbs,32,4,1.0,True,,5.826126,0.048259836
3,64,LinearSchedule,md4,gibbs,32,4,1.0,True,,5.8788404,0.046858266
4,64,LinearSchedule,md4,gibbs,32,4,1.0,True,,5.8758726,0.046937007
0,64,LinearSchedule,md4,gibbs,32,4,2.0,True,,5.798414,0.048102353
1,64,LinearSchedule,md4,gibbs,32,4,2.0,True,,5.6815658,0.048960622
2,64,LinearSchedule,md4,gibbs,32,4,2.0,True,,5.721182,0.049535427
3,64,LinearSchedule,md4,gibbs,32,4,2.0,True,,5.8594646,0.047362216
4,64,LinearSchedule,md4,gibbs,32,4,2.0,True,,5.795789,0.047181092
0,64,LinearSchedule,md4,gibbs,32,4,4.0,True,,5.621185,0.048944883
1,64,LinearSchedule,md4,gibbs,32,4,4.0,True,,5.467282,0.049968496
2,64,LinearSchedule,md4,gibbs,32,4,4.0,True,,5.579287,0.05005511
3,64,LinearSchedule,md4,gibbs,32,4,4.0,True,,5.6375246,0.047677167
4,64,LinearSchedule,md4,gibbs,32,4,4.0,True,,5.612066,0.048456687
0,64,LinearSchedule,md4,gibbs,32,8,0.01,True,,4.861744,0.054370087
1,64,LinearSchedule,md4,gibbs,32,8,0.01,True,,4.871922,0.055401567
2,64,LinearSchedule,md4,gibbs,32,8,0.01,True,,4.840601,0.055259842
3,64,LinearSchedule,md4,gibbs,32,8,0.01,True,,4.8580537,0.054992106
4,64,LinearSchedule,md4,gibbs,32,8,0.01,True,,4.8696976,0.053606298
0,64,LinearSchedule,md4,gibbs,32,8,0.1,True,,4.8227267,0.05563779
1,64,LinearSchedule,md4,gibbs,32,8,0.1,True,,4.9219413,0.054748025
2,64,LinearSchedule,md4,gibbs,32,8,0.1,True,,4.8468328,0.055448823
3,64,LinearSchedule,md4,gibbs,32,8,0.1,True,,4.8527126,0.05503936
4,64,LinearSchedule,md4,gibbs,32,8,0.1,True,,4.857869,0.054748025
0,64,LinearSchedule,md4,gibbs,32,8,0.5,True,,4.9539437,0.053614177
1,64,LinearSchedule,md4,gibbs,32,8,0.5,True,,4.9722257,0.05350393
2,64,LinearSchedule,md4,gibbs,32,8,0.5,True,,4.9633565,0.054511808
3,64,LinearSchedule,md4,gibbs,32,8,0.5,True,,4.935035,0.054496046
4,64,LinearSchedule,md4,gibbs,32,8,0.5,True,,4.95107,0.053157493
0,64,LinearSchedule,md4,gibbs,32,8,1.0,True,,5.1128416,0.05271654
1,64,LinearSchedule,md4,gibbs,32,8,1.0,True,,5.064493,0.053338584
2,64,LinearSchedule,md4,gibbs,32,8,1.0,True,,5.122254,0.052842513
3,64,LinearSchedule,md4,gibbs,32,8,1.0,True,,5.12492,0.052685034
4,64,LinearSchedule,md4,gibbs,32,8,1.0,True,,5.0477166,0.052763775
0,64,LinearSchedule,md4,gibbs,32,8,2.0,True,,5.176109,0.052267723
1,64,LinearSchedule,md4,gibbs,32,8,2.0,True,,5.204945,0.052511804
2,64,LinearSchedule,md4,gibbs,32,8,2.0,True,,5.227904,0.05353542
3,64,LinearSchedule,md4,gibbs,32,8,2.0,True,,5.2161865,0.053015735
4,64,LinearSchedule,md4,gibbs,32,8,2.0,True,,5.190802,0.051653538
0,64,LinearSchedule,md4,gibbs,32,8,4.0,True,,5.1621227,0.052346453
1,64,LinearSchedule,md4,gibbs,32,8,4.0,True,,5.1840754,0.053488187
2,64,LinearSchedule,md4,gibbs,32,8,4.0,True,,5.1708813,0.053818904
3,64,LinearSchedule,md4,gibbs,32,8,4.0,True,,5.1723437,0.053417314
4,64,LinearSchedule,md4,gibbs,32,8,4.0,True,,5.1708813,0.052070856
0,64,LinearSchedule,md4,gibbs,32,16,0.01,True,,3.8452294,0.066913396
1,64,LinearSchedule,md4,gibbs,32,16,0.01,True,,3.8867972,0.06701575
2,64,LinearSchedule,md4,gibbs,32,16,0.01,True,,3.8536806,0.067629926
3,64,LinearSchedule,md4,gibbs,32,16,0.01,True,,3.8229496,0.06884253
4,64,LinearSchedule,md4,gibbs,32,16,0.01,True,,3.8387718,0.06822835
0,64,LinearSchedule,md4,gibbs,32,16,0.1,True,,3.818274,0.068346456
1,64,LinearSchedule,md4,gibbs,32,16,0.1,True,,3.8813756,0.06757481
2,64,LinearSchedule,md4,gibbs,32,16,0.1,True,,3.8298125,0.06843307
3,64,LinearSchedule,md4,gibbs,32,16,0.1,True,,3.834287,0.0684567
4,64,LinearSchedule,md4,gibbs,32,16,0.1,True,,3.8449984,0.068007894
0,64,LinearSchedule,md4,gibbs,32,16,0.5,True,,3.9189272,0.066385835
1,64,LinearSchedule,md4,gibbs,32,16,0.5,True,,3.9399164,0.067236215
2,64,LinearSchedule,md4,gibbs,32,16,0.5,True,,3.8941283,0.067275606
3,64,LinearSchedule,md4,gibbs,32,16,0.5,True,,3.8999422,0.06733857
4,64,LinearSchedule,md4,gibbs,32,16,0.5,True,,3.9082775,0.06599212
0,64,LinearSchedule,md4,gibbs,32,16,1.0,True,,4.079551,0.06376376
1,64,LinearSchedule,md4,gibbs,32,16,1.0,True,,4.0967865,0.06655117
2,64,LinearSchedule,md4,gibbs,32,16,1.0,True,,4.04219,0.06642519
3,64,LinearSchedule,md4,gibbs,32,16,1.0,True,,4.069435,0.06492126
4,64,LinearSchedule,md4,gibbs,32,16,1.0,True,,4.0444894,0.06483463
0,64,LinearSchedule,md4,gibbs,32,16,2.0,True,,4.2695127,0.06380314
1,64,LinearSchedule,md4,gibbs,32,16,2.0,True,,4.280078,0.06470866
2,64,LinearSchedule,md4,gibbs,32,16,2.0,True,,4.221218,0.065590546
3,64,LinearSchedule,md4,gibbs,32,16,2.0,True,,4.2646766,0.063519694
4,64,LinearSchedule,md4,gibbs,32,16,2.0,True,,4.2036123,0.064716555
0,64,LinearSchedule,md4,gibbs,32,16,4.0,True,,4.369048,0.062086623
1,64,LinearSchedule,md4,gibbs,32,16,4.0,True,,4.409536,0.062897645
2,64,LinearSchedule,md4,gibbs,32,16,4.0,True,,4.3225718,0.06365354
3,64,LinearSchedule,md4,gibbs,32,16,4.0,True,,4.3721824,0.06340157
4,64,LinearSchedule,md4,gibbs,32,16,4.0,True,,4.3303227,0.062330715
0,64,LinearSchedule,md4,gibbs,32,1,0.01,False,,8.073163,0.02914961
1,64,LinearSchedule,md4,gibbs,32,1,0.01,False,,8.033641,0.029818896
2,64,LinearSchedule,md4,gibbs,32,1,0.01,False,,7.8402543,0.029992122
3,64,LinearSchedule,md4,gibbs,32,1,0.01,False,,7.9915094,0.029700788
4,64,LinearSchedule,md4,gibbs,32,1,0.01,False,,8.08387,0.03013386
0,64,LinearSchedule,md4,gibbs,32,1,0.1,False,,8.087446,0.028913384
1,64,LinearSchedule,md4,gibbs,32,1,0.1,False,,7.986025,0.029771654
2,64,LinearSchedule,md4,gibbs,32,1,0.1,False,,7.855653,0.030393701
3,64,LinearSchedule,md4,gibbs,32,1,0.1,False,,8.037676,0.029322831
4,64,LinearSchedule,md4,gibbs,32,1,0.1,False,,8.001501,0.030574808
0,64,LinearSchedule,md4,gibbs,32,1,0.5,False,,7.707593,0.02929134
1,64,LinearSchedule,md4,gibbs,32,1,0.5,False,,7.594186,0.029716535
2,64,LinearSchedule,md4,gibbs,32,1,0.5,False,,7.5373926,0.030433076
3,64,LinearSchedule,md4,gibbs,32,1,0.5,False,,7.653213,0.029637799
4,64,LinearSchedule,md4,gibbs,32,1,0.5,False,,7.6290383,0.030220473
0,64,LinearSchedule,md4,gibbs,32,1,1.0,False,,7.3715734,0.02864567
1,64,LinearSchedule,md4,gibbs,32,1,1.0,False,,7.2513027,0.02996851
2,64,LinearSchedule,md4,gibbs,32,1,1.0,False,,7.1926274,0.030393705
3,64,LinearSchedule,md4,gibbs,32,1,1.0,False,,7.3038516,0.02903937
4,64,LinearSchedule,md4,gibbs,32,1,1.0,False,,7.288464,0.030496066
0,64,LinearSchedule,md4,gibbs,32,1,2.0,False,,6.929407,0.02948031
1,64,LinearSchedule,md4,gibbs,32,1,2.0,False,,6.8030825,0.029834643
2,64,LinearSchedule,md4,gibbs,32,1,2.0,False,,6.7389703,0.030653547
3,64,LinearSchedule,md4,gibbs,32,1,2.0,False,,6.803806,0.02975591
4,64,LinearSchedule,md4,gibbs,32,1,2.0,False,,6.8041677,0.030015748
0,64,LinearSchedule,md4,gibbs,32,1,4.0,False,,6.4192576,0.029811027
1,64,LinearSchedule,md4,gibbs,32,1,4.0,False,,6.366259,0.029716536
2,64,LinearSchedule,md4,gibbs,32,1,4.0,False,,6.3001423,0.03054331
3,64,LinearSchedule,md4,gibbs,32,1,4.0,False,,6.420868,0.030157484
4,64,LinearSchedule,md4,gibbs,32,1,4.0,False,,6.387863,0.030102363
0,64,LinearSchedule,md4,gibbs,32,2,0.01,False,,7.6204085,0.028992131
1,64,LinearSchedule,md4,gibbs,32,2,0.01,False,,7.4652977,0.029992132
2,64,LinearSchedule,md4,gibbs,32,2,0.01,False,,7.335664,0.031173231
3,64,LinearSchedule,md4,gibbs,32,2,0.01,False,,7.535618,0.02938583
4,64,LinearSchedule,md4,gibbs,32,2,0.01,False,,7.4487896,0.030244097
0,64,LinearSchedule,md4,gibbs,32,2,0.1,False,,7.644073,0.028551186
1,64,LinearSchedule,md4,gibbs,32,2,0.1,False,,7.4626865,0.030771656
2,64,LinearSchedule,md4,gibbs,32,2,0.1,False,,7.408694,0.031244094
3,64,LinearSchedule,md4,gibbs,32,2,0.1,False,,7.4923906,0.029716542
4,64,LinearSchedule,md4,gibbs,32,2,0.1,False,,7.476199,0.02984252
0,64,LinearSchedule,md4,gibbs,32,2,0.5,False,,7.426748,0.028818898
1,64,LinearSchedule,md4,gibbs,32,2,0.5,False,,7.3445034,0.02996063
2,64,LinearSchedule,md4,gibbs,32,2,0.5,False,,7.334823,0.030661415
3,64,LinearSchedule,md4,gibbs,32,2,0.5,False,,7.38902,0.028976377
4,64,LinearSchedule,md4,gibbs,32,2,0.5,False,,7.4280405,0.029133862
0,64,LinearSchedule,md4,gibbs,32,2,1.0,False,,7.287219,0.028519684
1,64,LinearSchedule,md4,gibbs,32,2,1.0,False,,7.163244,0.03010236
2,64,LinearSchedule,md4,gibbs,32,2,1.0,False,,7.1849566,0.02984252
3,64,LinearSchedule,md4,gibbs,32,2,1.0,False,,7.1902037,0.029377948
4,64,LinearSchedule,md4,gibbs,32,2,1.0,False,,7.16565,0.030283466
0,64,LinearSchedule,md4,gibbs,32,2,2.0,False,,6.971678,0.028708661
1,64,LinearSchedule,md4,gibbs,32,2,2.0,False,,6.7828946,0.030401574
2,64,LinearSchedule,md4,gibbs,32,2,2.0,False,,6.8636394,0.030346459
3,64,LinearSchedule,md4,gibbs,32,2,2.0,False,,6.9155545,0.029590555
4,64,LinearSchedule,md4,gibbs,32,2,2.0,False,,6.8361464,0.029866142
0,64,LinearSchedule,md4,gibbs,32,2,4.0,False,,6.597938,0.028992128
1,64,LinearSchedule,md4,gibbs,32,2,4.0,False,,6.41604,0.030102363
2,64,LinearSchedule,md4,gibbs,32,2,4.0,False,,6.5166483,0.030511817
3,64,LinearSchedule,md4,gibbs,32,2,4.0,False,,6.547314,0.029346453
4,64,LinearSchedule,md4,gibbs,32,2,4.0,False,,6.484296,0.029417325
0,64,LinearSchedule,md4,gibbs,32,4,0.01,False,,7.0037208,0.030267723
1,64,LinearSchedule,md4,gibbs,32,4,0.01,False,,6.9118204,0.031173231
2,64,LinearSchedule,md4,gibbs,32,4,0.01,False,,6.9553876,0.030133858
3,64,LinearSchedule,md4,gibbs,32,4,0.01,False,,6.9599257,0.029992126
4,64,LinearSchedule,md4,gibbs,32,4,0.01,False,,7.0121617,0.030039376
0,64,LinearSchedule,md4,gibbs,32,4,0.1,False,,7.076123,0.029456694
1,64,LinearSchedule,md4,gibbs,32,4,0.1,False,,6.913687,0.030850397
2,64,LinearSchedule,md4,gibbs,32,4,0.1,False,,6.9701586,0.030299213
3,64,LinearSchedule,md4,gibbs,32,4,0.1,False,,6.9983597,0.029787399
4,64,LinearSchedule,md4,gibbs,32,4,0.1,False,,7.0683084,0.02968504
0,64,LinearSchedule,md4,gibbs,32,4,0.5,False,,7.0977044,0.030464571
1,64,LinearSchedule,md4,gibbs,32,4,0.5,False,,7.084348,0.030881887
2,64,LinearSchedule,md4,gibbs,32,4,0.5,False,,6.980422,0.030582674
3,64,LinearSchedule,md4,gibbs,32,4,0.5,False,,7.0823884,0.029866138
4,64,LinearSchedule,md4,gibbs,32,4,0.5,False,,7.0792546,0.030212594
0,64,LinearSchedule,md4,gibbs,32,4,1.0,False,,7.0403166,0.03009449
1,64,LinearSchedule,md4,gibbs,32,4,1.0,False,,6.91294,0.03151969
2,64,LinearSchedule,md4,gibbs,32,4,1.0,False,,7.0121617,0.03098425
3,64,LinearSchedule,md4,gibbs,32,4,1.0,False,,7.0910196,0.029480323
4,64,LinearSchedule,md4,gibbs,32,4,1.0,False,,7.0348997,0.030496068
0,64,LinearSchedule,md4,gibbs,32,4,2.0,False,,6.8244834,0.029354336
1,64,LinearSchedule,md4,gibbs,32,4,2.0,False,,6.6938605,0.030685043
2,64,LinearSchedule,md4,gibbs,32,4,2.0,False,,6.7689056,0.03107874
3,64,LinearSchedule,md4,gibbs,32,4,2.0,False,,6.9215384,0.028401572
4,64,LinearSchedule,md4,gibbs,32,4,2.0,False,,6.8059764,0.029677168
0,64,LinearSchedule,md4,gibbs,32,4,4.0,False,,6.558049,0.029086612
1,64,LinearSchedule,md4,gibbs,32,4,4.0,False,,6.3827667,0.030488193
2,64,LinearSchedule,md4,gibbs,32,4,4.0,False,,6.4754386,0.030692913
3,64,LinearSchedule,md4,gibbs,32,4,4.0,False,,6.554019,0.029000003
4,64,LinearSchedule,md4,gibbs,32,4,4.0,False,,6.597258,0.028787404
0,64,LinearSchedule,md4,gibbs,32,8,0.01,False,,5.8327637,0.032653548
1,64,LinearSchedule,md4,gibbs,32,8,0.01,False,,5.856247,0.03366142
2,64,LinearSchedule,md4,gibbs,32,8,0.01,False,,5.784004,0.033614174
3,64,LinearSchedule,md4,gibbs,32,8,0.01,False,,5.835689,0.032874018
4,64,LinearSchedule,md4,gibbs,32,8,0.01,False,,5.8694057,0.031251967
0,64,LinearSchedule,md4,gibbs,32,8,0.1,False,,5.869944,0.03237795
1,64,LinearSchedule,md4,gibbs,32,8,0.1,False,,5.8888483,0.033527564
2,64,LinearSchedule,md4,gibbs,32,8,0.1,False,,5.847686,0.033062987
3,64,LinearSchedule,md4,gibbs,32,8,0.1,False,,5.8479533,0.03251968
4,64,LinearSchedule,md4,gibbs,32,8,0.1,False,,5.8479533,0.032346457
0,64,LinearSchedule,md4,gibbs,32,8,0.5,False,,6.064339,0.032259844
1,64,LinearSchedule,md4,gibbs,32,8,0.5,False,,6.0903077,0.03191339
2,64,LinearSchedule,md4,gibbs,32,8,0.5,False,,6.129094,0.031763777
3,64,LinearSchedule,md4,gibbs,32,8,0.5,False,,6.1086187,0.031070866
4,64,LinearSchedule,md4,gibbs,32,8,0.5,False,,6.0189977,0.031503934
0,64,LinearSchedule,md4,gibbs,32,8,1.0,False,,6.4211903,0.029511811
1,64,LinearSchedule,md4,gibbs,32,8,1.0,False,,6.3843584,0.030795278
2,64,LinearSchedule,md4,gibbs,32,8,1.0,False,,6.3968015,0.030015746
3,64,LinearSchedule,md4,gibbs,32,8,1.0,False,,6.4260254,0.030598426
4,64,LinearSchedule,md4,gibbs,32,8,1.0,False,,6.282517,0.030881891
0,64,LinearSchedule,md4,gibbs,32,8,2.0,False,,6.3375745,0.03009449
1,64,LinearSchedule,md4,gibbs,32,8,2.0,False,,6.3618293,0.030992126
2,64,LinearSchedule,md4,gibbs,32,8,2.0,False,,6.3713293,0.03114961
3,64,LinearSchedule,md4,gibbs,32,8,2.0,False,,6.392648,0.029740164
4,64,LinearSchedule,md4,gibbs,32,8,2.0,False,,6.340714,0.030338582
0,64,LinearSchedule,md4,gibbs,32,8,4.0,False,,6.1633286,0.029677168
1,64,LinearSchedule,md4,gibbs,32,8,4.0,False,,6.2359934,0.031031502
2,64,LinearSchedule,md4,gibbs,32,8,4.0,False,,6.2220497,0.030834643
3,64,LinearSchedule,md4,gibbs,32,8,4.0,False,,6.1931496,0.03
4,64,LinearSchedule,md4,gibbs,32,8,4.0,False,,6.1311493,0.03058268
0,64,LinearSchedule,md4,gibbs,32,16,0.01,False,,4.5229683,0.04022047
1,64,LinearSchedule,md4,gibbs,32,16,0.01,False,,4.5507874,0.04018898
2,64,LinearSchedule,md4,gibbs,32,16,0.01,False,,4.4921737,0.04040945
3,64,LinearSchedule,md4,gibbs,32,16,0.01,False,,4.4917006,0.041094486
4,64,LinearSchedule,md4,gibbs,32,16,0.01,False,,4.514354,0.04107874
0,64,LinearSchedule,md4,gibbs,32,16,0.1,False,,4.495645,0.040086612
1,64,LinearSchedule,md4,gibbs,32,16,0.1,False,,4.5169034,0.04098426
2,64,LinearSchedule,md4,gibbs,32,16,0.1,False,,4.494856,0.040763773
3,64,LinearSchedule,md4,gibbs,32,16,0.1,False,,4.4695854,0.04009448
4,64,LinearSchedule,md4,gibbs,32,16,0.1,False,,4.518019,0.040795278
0,64,LinearSchedule,md4,gibbs,32,16,0.5,False,,4.897647,0.034716543
1,64,LinearSchedule,md4,gibbs,32,16,0.5,False,,4.8650703,0.037244093
2,64,LinearSchedule,md4,gibbs,32,16,0.5,False,,4.8181887,0.03508661
3,64,LinearSchedule,md4,gibbs,32,16,0.5,False,,4.8402343,0.035866138
4,64,LinearSchedule,md4,gibbs,32,16,0.5,False,,4.7829013,0.036251966
0,64,LinearSchedule,md4,gibbs,32,16,1.0,False,,5.384486,0.030527554
1,64,LinearSchedule,md4,gibbs,32,16,1.0,False,,5.3599095,0.032322835
2,64,LinearSchedule,md4,gibbs,32,16,1.0,False,,5.3169394,0.031740163
3,64,LinearSchedule,md4,gibbs,32,16,1.0,False,,5.3578906,0.03208662
4,64,LinearSchedule,md4,gibbs,32,16,1.0,False,,5.251929,0.03266142
0,64,LinearSchedule,md4,gibbs,32,16,2.0,False,,5.5858607,0.03046457
1,64,LinearSchedule,md4,gibbs,32,16,2.0,False,,5.626374,0.030031497
2,64,LinearSchedule,md4,gibbs,32,16,2.0,False,,5.499935,0.031204723
3,64,LinearSchedule,md4,gibbs,32,16,2.0,False,,5.5325036,0.031031499
4,64,LinearSchedule,md4,gibbs,32,16,2.0,False,,5.484617,0.03135433
0,64,LinearSchedule,md4,gibbs,32,16,4.0,False,,5.512727,0.029653545
1,64,LinearSchedule,md4,gibbs,32,16,4.0,False,,5.4693847,0.030708661
2,64,LinearSchedule,md4,gibbs,32,16,4.0,False,,5.412262,0.031181103
3,64,LinearSchedule,md4,gibbs,32,16,4.0,False,,5.5461674,0.03091339
4,64,LinearSchedule,md4,gibbs,32,16,4.0,False,,5.394016,0.030283468
0,65,LinearSchedule,md4,gibbs_argmax,32,1,0.01,True,,10.012516,0.014346459
1,65,LinearSchedule,md4,gibbs_argmax,32,1,0.01,True,,9.847669,0.01470079
2,65,LinearSchedule,md4,gibbs_argmax,32,1,0.01,True,,9.83254,0.014346459
3,65,LinearSchedule,md4,gibbs_argmax,32,1,0.01,True,,10.005471,0.013771657
4,65,LinearSchedule,md4,gibbs_argmax,32,1,0.01,True,,9.992193,0.014409451
0,65,LinearSchedule,md4,gibbs_argmax,32,1,0.1,True,,9.929407,0.014496066
1,65,LinearSchedule,md4,gibbs_argmax,32,1,0.1,True,,9.807677,0.0147559075
2,65,LinearSchedule,md4,gibbs_argmax,32,1,0.1,True,,9.74941,0.014866142
3,65,LinearSchedule,md4,gibbs_argmax,32,1,0.1,True,,10.034494,0.013771654
4,65,LinearSchedule,md4,gibbs_argmax,32,1,0.1,True,,9.94252,0.01433071
0,65,LinearSchedule,md4,gibbs_argmax,32,1,0.5,True,,9.6567335,0.014425197
1,65,LinearSchedule,md4,gibbs_argmax,32,1,0.5,True,,9.364941,0.015677167
2,65,LinearSchedule,md4,gibbs_argmax,32,1,0.5,True,,9.484994,0.015275594
3,65,LinearSchedule,md4,gibbs_argmax,32,1,0.5,True,,9.610331,0.014881892
4,65,LinearSchedule,md4,gibbs_argmax,32,1,0.5,True,,9.577254,0.015015749
0,65,LinearSchedule,md4,gibbs_argmax,32,1,1.0,True,,9.248554,0.015354335
1,65,LinearSchedule,md4,gibbs_argmax,32,1,1.0,True,,8.94167,0.016637795
2,65,LinearSchedule,md4,gibbs_argmax,32,1,1.0,True,,9.168398,0.0155511815
3,65,LinearSchedule,md4,gibbs_argmax,32,1,1.0,True,,9.170368,0.015952758
4,65,LinearSchedule,md4,gibbs_argmax,32,1,1.0,True,,9.227886,0.015472443
0,65,LinearSchedule,md4,gibbs_argmax,32,1,2.0,True,,8.702746,0.016125984
1,65,LinearSchedule,md4,gibbs_argmax,32,1,2.0,True,,8.358365,0.017740162
2,65,LinearSchedule,md4,gibbs_argmax,32,1,2.0,True,,8.503288,0.01707874
3,65,LinearSchedule,md4,gibbs_argmax,32,1,2.0,True,,8.61257,0.016511815
4,65,LinearSchedule,md4,gibbs_argmax,32,1,2.0,True,,8.53049,0.017133862
0,65,LinearSchedule,md4,gibbs_argmax,32,1,4.0,True,,8.012519,0.017472442
1,65,LinearSchedule,md4,gibbs_argmax,32,1,4.0,True,,7.8513155,0.018141733
2,65,LinearSchedule,md4,gibbs_argmax,32,1,4.0,True,,7.959704,0.017425202
3,65,LinearSchedule,md4,gibbs_argmax,32,1,4.0,True,,8.136801,0.016952757
4,65,LinearSchedule,md4,gibbs_argmax,32,1,4.0,True,,7.9616838,0.017771656
0,65,LinearSchedule,md4,gibbs_argmax,32,2,0.01,True,,9.178917,0.01583465
1,65,LinearSchedule,md4,gibbs_argmax,32,2,0.01,True,,8.86918,0.016732285
2,65,LinearSchedule,md4,gibbs_argmax,32,2,0.01,True,,8.954805,0.016110238
3,65,LinearSchedule,md4,gibbs_argmax,32,2,0.01,True,,8.782161,0.017015751
4,65,LinearSchedule,md4,gibbs_argmax,32,2,0.01,True,,8.816034,0.01694488
0,65,LinearSchedule,md4,gibbs_argmax,32,2,0.1,True,,9.188801,0.015826775
1,65,LinearSchedule,md4,gibbs_argmax,32,2,0.1,True,,8.802091,0.016921263
2,65,LinearSchedule,md4,gibbs_argmax,32,2,0.1,True,,8.94667,0.01577953
3,65,LinearSchedule,md4,gibbs_argmax,32,2,0.1,True,,8.804512,0.016952757
4,65,LinearSchedule,md4,gibbs_argmax,32,2,0.1,True,,8.795438,0.017118113
0,65,LinearSchedule,md4,gibbs_argmax,32,2,0.5,True,,8.862425,0.017000005
1,65,LinearSchedule,md4,gibbs_argmax,32,2,0.5,True,,8.911166,0.016393704
2,65,LinearSchedule,md4,gibbs_argmax,32,2,0.5,True,,8.923591,0.016708665
3,65,LinearSchedule,md4,gibbs_argmax,32,2,0.5,True,,8.79302,0.017000003
4,65,LinearSchedule,md4,gibbs_argmax,32,2,0.5,True,,8.836118,0.01685827
0,65,LinearSchedule,md4,gibbs_argmax,32,2,1.0,True,,8.909307,0.016102364
1,65,LinearSchedule,md4,gibbs_argmax,32,2,1.0,True,,8.690929,0.017251976
2,65,LinearSchedule,md4,gibbs_argmax,32,2,1.0,True,,8.778548,0.01676378
3,65,LinearSchedule,md4,gibbs_argmax,32,2,1.0,True,,8.690338,0.01710236
4,65,LinearSchedule,md4,gibbs_argmax,32,2,1.0,True,,8.925458,0.016173232
0,65,LinearSchedule,md4,gibbs_argmax,32,2,2.0,True,,8.504983,0.017496066
1,65,LinearSchedule,md4,gibbs_argmax,32,2,2.0,True,,8.400604,0.01764567
2,65,LinearSchedule,md4,gibbs_argmax,32,2,2.0,True,,8.46225,0.017692916
3,65,LinearSchedule,md4,gibbs_argmax,32,2,2.0,True,,8.41441,0.017645672
4,65,LinearSchedule,md4,gibbs_argmax,32,2,2.0,True,,8.558438,0.017000005
0,65,LinearSchedule,md4,gibbs_argmax,32,2,4.0,True,,8.051328,0.018267721
1,65,LinearSchedule,md4,gibbs_argmax,32,2,4.0,True,,7.880803,0.01896851
2,65,LinearSchedule,md4,gibbs_argmax,32,2,4.0,True,,7.9915094,0.018748034
3,65,LinearSchedule,md4,gibbs_argmax,32,2,4.0,True,,7.9414315,0.018708665
4,65,LinearSchedule,md4,gibbs_argmax,32,2,4.0,True,,7.940446,0.019228347
0,65,LinearSchedule,md4,gibbs_argmax,32,4,0.01,True,,8.128532,0.019267721
1,65,LinearSchedule,md4,gibbs_argmax,32,4,0.01,True,,7.996002,0.019897638
2,65,LinearSchedule,md4,gibbs_argmax,32,4,0.01,True,,8.228866,0.01768504
3,65,LinearSchedule,md4,gibbs_argmax,32,4,0.01,True,,8.037676,0.01908662
4,65,LinearSchedule,md4,gibbs_argmax,32,4,0.01,True,,8.124921,0.018834649
0,65,LinearSchedule,md4,gibbs_argmax,32,4,0.1,True,,8.198822,0.01908662
1,65,LinearSchedule,md4,gibbs_argmax,32,4,0.1,True,,8.056395,0.01967717
2,65,LinearSchedule,md4,gibbs_argmax,32,4,0.1,True,,8.095631,0.018811028
3,65,LinearSchedule,md4,gibbs_argmax,32,4,0.1,True,,8.050314,0.019354332
4,65,LinearSchedule,md4,gibbs_argmax,32,4,0.1,True,,8.153385,0.018905515
0,65,LinearSchedule,md4,gibbs_argmax,32,4,0.5,True,,8.166389,0.019118115
1,65,LinearSchedule,md4,gibbs_argmax,32,4,0.5,True,,8.197247,0.018755905
2,65,LinearSchedule,md4,gibbs_argmax,32,4,0.5,True,,8.156503,0.019165356
3,65,LinearSchedule,md4,gibbs_argmax,32,4,0.5,True,,8.02206,0.019685043
4,65,LinearSchedule,md4,gibbs_argmax,32,4,0.5,True,,8.190952,0.018590553
0,65,LinearSchedule,md4,gibbs_argmax,32,4,1.0,True,,8.314928,0.018440949
1,65,LinearSchedule,md4,gibbs_argmax,32,4,1.0,True,,8.216717,0.018779533
2,65,LinearSchedule,md4,gibbs_argmax,32,4,1.0,True,,8.337132,0.018141737
3,65,LinearSchedule,md4,gibbs_argmax,32,4,1.0,True,,8.27943,0.01857481
4,65,LinearSchedule,md4,gibbs_argmax,32,4,1.0,True,,8.3036,0.017866146
0,65,LinearSchedule,md4,gibbs_argmax,32,4,2.0,True,,8.164827,0.01908662
1,65,LinearSchedule,md4,gibbs_argmax,32,4,2.0,True,,8.055887,0.019275593
2,65,LinearSchedule,md4,gibbs_argmax,32,4,2.0,True,,8.130082,0.01888977
3,65,LinearSchedule,md4,gibbs_argmax,32,4,2.0,True,,8.236278,0.01893701
4,65,LinearSchedule,md4,gibbs_argmax,32,4,2.0,True,,8.213552,0.018677171
0,65,LinearSchedule,md4,gibbs_argmax,32,4,4.0,True,,7.82731,0.02014961
1,65,LinearSchedule,md4,gibbs_argmax,32,4,4.0,True,,7.708986,0.02037796
2,65,LinearSchedule,md4,gibbs_argmax,32,4,4.0,True,,7.851797,0.019992132
3,65,LinearSchedule,md4,gibbs_argmax,32,4,4.0,True,,7.8474646,0.019976383
4,65,LinearSchedule,md4,gibbs_argmax,32,4,4.0,True,,7.858064,0.020007875
0,65,LinearSchedule,md4,gibbs_argmax,32,8,0.01,True,,6.3968015,0.026244096
1,65,LinearSchedule,md4,gibbs_argmax,32,8,0.01,True,,6.441224,0.0256063
2,65,LinearSchedule,md4,gibbs_argmax,32,8,0.01,True,,6.402241,0.026826777
3,65,LinearSchedule,md4,gibbs_argmax,32,8,0.01,True,,6.405444,0.026929133
4,65,LinearSchedule,md4,gibbs_argmax,32,8,0.01,True,,6.4166837,0.025889765
0,65,LinearSchedule,md4,gibbs_argmax,32,8,0.1,True,,6.3802214,0.026330717
1,65,LinearSchedule,md4,gibbs_argmax,32,8,0.1,True,,6.500762,0.025897639
2,65,LinearSchedule,md4,gibbs_argmax,32,8,0.1,True,,6.4273167,0.026244096
3,65,LinearSchedule,md4,gibbs_argmax,32,8,0.1,True,,6.425058,0.026771652
4,65,LinearSchedule,md4,gibbs_argmax,32,8,0.1,True,,6.372598,0.025881892
0,65,LinearSchedule,md4,gibbs_argmax,32,8,0.5,True,,6.511676,0.02559843
1,65,LinearSchedule,md4,gibbs_argmax,32,8,0.5,True,,6.608839,0.024661418
2,65,LinearSchedule,md4,gibbs_argmax,32,8,0.5,True,,6.654536,0.025181105
3,65,LinearSchedule,md4,gibbs_argmax,32,8,0.5,True,,6.553684,0.026299212
4,65,LinearSchedule,md4,gibbs_argmax,32,8,0.5,True,,6.6013412,0.025850395
0,65,LinearSchedule,md4,gibbs_argmax,32,8,1.0,True,,6.906599,0.024015754
1,65,LinearSchedule,md4,gibbs_argmax,32,8,1.0,True,,6.798385,0.024417328
2,65,LinearSchedule,md4,gibbs_argmax,32,8,1.0,True,,6.936166,0.02391339
3,65,LinearSchedule,md4,gibbs_argmax,32,8,1.0,True,,6.8504148,0.024944883
4,65,LinearSchedule,md4,gibbs_argmax,32,8,1.0,True,,6.782535,0.024858272
0,65,LinearSchedule,md4,gibbs_argmax,32,8,2.0,True,,7.0060205,0.024700793
1,65,LinearSchedule,md4,gibbs_argmax,32,8,2.0,True,,7.0535073,0.024259843
2,65,LinearSchedule,md4,gibbs_argmax,32,8,2.0,True,,7.158837,0.023629928
3,65,LinearSchedule,md4,gibbs_argmax,32,8,2.0,True,,7.096917,0.023826776
4,65,LinearSchedule,md4,gibbs_argmax,32,8,2.0,True,,7.105979,0.022677166
0,65,LinearSchedule,md4,gibbs_argmax,32,8,4.0,True,,7.029877,0.023732284
1,65,LinearSchedule,md4,gibbs_argmax,32,8,4.0,True,,7.0867014,0.02418898
2,65,LinearSchedule,md4,gibbs_argmax,32,8,4.0,True,,7.100854,0.02397638
3,65,LinearSchedule,md4,gibbs_argmax,32,8,4.0,True,,7.026018,0.024448821
4,65,LinearSchedule,md4,gibbs_argmax,32,8,4.0,True,,7.0874863,0.023236219
0,65,LinearSchedule,md4,gibbs_argmax,32,16,0.01,True,,4.77238,0.041338593
1,65,LinearSchedule,md4,gibbs_argmax,32,16,0.01,True,,4.8136587,0.040653557
2,65,LinearSchedule,md4,gibbs_argmax,32,16,0.01,True,,4.7852254,0.040133856
3,65,LinearSchedule,md4,gibbs_argmax,32,16,0.01,True,,4.7400384,0.04134645
4,65,LinearSchedule,md4,gibbs_argmax,32,16,0.01,True,,4.784153,0.041527558
0,65,LinearSchedule,md4,gibbs_argmax,32,16,0.1,True,,4.7439036,0.04188189
1,65,LinearSchedule,md4,gibbs_argmax,32,16,0.1,True,,4.8163757,0.040929135
2,65,LinearSchedule,md4,gibbs_argmax,32,16,0.1,True,,4.7634997,0.04114173
3,65,LinearSchedule,md4,gibbs_argmax,32,16,0.1,True,,4.7634997,0.0410315
4,65,LinearSchedule,md4,gibbs_argmax,32,16,0.1,True,,4.7852254,0.041700788
0,65,LinearSchedule,md4,gibbs_argmax,32,16,0.5,True,,4.8797226,0.04029134
1,65,LinearSchedule,md4,gibbs_argmax,32,16,0.5,True,,4.9094815,0.039440945
2,65,LinearSchedule,md4,gibbs_argmax,32,16,0.5,True,,4.851057,0.04006299
3,65,LinearSchedule,md4,gibbs_argmax,32,16,0.5,True,,4.8800945,0.04007873
4,65,LinearSchedule,md4,gibbs_argmax,32,16,0.5,True,,4.881769,0.040094487
0,65,LinearSchedule,md4,gibbs_argmax,32,16,1.0,True,,5.104279,0.038212594
1,65,LinearSchedule,md4,gibbs_argmax,32,16,1.0,True,,5.1924872,0.037251964
2,65,LinearSchedule,md4,gibbs_argmax,32,16,1.0,True,,5.1030583,0.03843307
3,65,LinearSchedule,md4,gibbs_argmax,32,16,1.0,True,,5.126151,0.03847244
4,65,LinearSchedule,md4,gibbs_argmax,32,16,1.0,True,,5.1050935,0.038228344
0,65,LinearSchedule,md4,gibbs_argmax,32,16,2.0,True,,5.4572587,0.037283465
1,65,LinearSchedule,md4,gibbs_argmax,32,16,2.0,True,,5.421891,0.03711024
2,65,LinearSchedule,md4,gibbs_argmax,32,16,2.0,True,,5.362604,0.037952755
3,65,LinearSchedule,md4,gibbs_argmax,32,16,2.0,True,,5.4519124,0.036275588
4,65,LinearSchedule,md4,gibbs_argmax,32,16,2.0,True,,5.3878856,0.036771655
0,65,LinearSchedule,md4,gibbs_argmax,32,16,4.0,True,,5.6345468,0.034881894
1,65,LinearSchedule,md4,gibbs_argmax,32,16,4.0,True,,5.6947103,0.034188975
2,65,LinearSchedule,md4,gibbs_argmax,32,16,4.0,True,,5.5509777,0.03553543
3,65,LinearSchedule,md4,gibbs_argmax,32,16,4.0,True,,5.6096063,0.03563779
4,65,LinearSchedule,md4,gibbs_argmax,32,16,4.0,True,,5.561107,0.03456693
0,65,LinearSchedule,md4,gibbs_argmax,32,1,0.01,False,,13.466597,0.0006771652
1,65,LinearSchedule,md4,gibbs_argmax,32,1,0.01,False,,13.302848,0.0008897636
2,65,LinearSchedule,md4,gibbs_argmax,32,1,0.01,False,,13.132246,0.0008897636
3,65,LinearSchedule,md4,gibbs_argmax,32,1,0.01,False,,13.30838,0.0006692912
4,65,LinearSchedule,md4,gibbs_argmax,32,1,0.01,False,,13.442554,0.00077952736
0,65,LinearSchedule,md4,gibbs_argmax,32,1,0.1,False,,13.345845,0.0007559053
1,65,LinearSchedule,md4,gibbs_argmax,32,1,0.1,False,,13.20132,0.0008818896
2,65,LinearSchedule,md4,gibbs_argmax,32,1,0.1,False,,13.106697,0.0008188974
3,65,LinearSchedule,md4,gibbs_argmax,32,1,0.1,False,,13.370939,0.00070078723
4,65,LinearSchedule,md4,gibbs_argmax,32,1,0.1,False,,13.338891,0.0008110234
0,65,LinearSchedule,md4,gibbs_argmax,32,1,0.5,False,,12.57738,0.0016377948
1,65,LinearSchedule,md4,gibbs_argmax,32,1,0.5,False,,12.279355,0.0015905508
2,65,LinearSchedule,md4,gibbs_argmax,32,1,0.5,False,,12.424771,0.0018267711
3,65,LinearSchedule,md4,gibbs_argmax,32,1,0.5,False,,12.453784,0.0014724405
4,65,LinearSchedule,md4,gibbs_argmax,32,1,0.5,False,,12.523235,0.001755905
0,65,LinearSchedule,md4,gibbs_argmax,32,1,1.0,False,,11.702322,0.0021968498
1,65,LinearSchedule,md4,gibbs_argmax,32,1,1.0,False,,11.48085,0.0023622042
2,65,LinearSchedule,md4,gibbs_argmax,32,1,1.0,False,,11.467479,0.0025354323
3,65,LinearSchedule,md4,gibbs_argmax,32,1,1.0,False,,11.636363,0.0024488182
4,65,LinearSchedule,md4,gibbs_argmax,32,1,1.0,False,,11.684162,0.002299212
0,65,LinearSchedule,md4,gibbs_argmax,32,1,2.0,False,,10.65956,0.0033858258
1,65,LinearSchedule,md4,gibbs_argmax,32,1,2.0,False,,10.380342,0.0032755896
2,65,LinearSchedule,md4,gibbs_argmax,32,1,2.0,False,,10.327578,0.0036456683
3,65,LinearSchedule,md4,gibbs_argmax,32,1,2.0,False,,10.496105,0.0033700778
4,65,LinearSchedule,md4,gibbs_argmax,32,1,2.0,False,,10.403121,0.003417322
0,65,LinearSchedule,md4,gibbs_argmax,32,1,4.0,False,,9.570093,0.0042204713
1,65,LinearSchedule,md4,gibbs_argmax,32,1,4.0,False,,9.388294,0.0042204713
2,65,LinearSchedule,md4,gibbs_argmax,32,1,4.0,False,,9.3342085,0.0044881874
3,65,LinearSchedule,md4,gibbs_argmax,32,1,4.0,False,,9.646544,0.004181101
4,65,LinearSchedule,md4,gibbs_argmax,32,1,4.0,False,,9.523809,0.004314959
0,65,LinearSchedule,md4,gibbs_argmax,32,2,0.01,False,,12.108599,0.0014645666
1,65,LinearSchedule,md4,gibbs_argmax,32,2,0.01,False,,11.79941,0.0015669287
2,65,LinearSchedule,md4,gibbs_argmax,32,2,0.01,False,,11.733432,0.001708661
3,65,LinearSchedule,md4,gibbs_argmax,32,2,0.01,False,,11.771197,0.0014488186
4,65,LinearSchedule,md4,gibbs_argmax,32,2,0.01,False,,11.722686,0.0015984247
0,65,LinearSchedule,md4,gibbs_argmax,32,2,0.1,False,,12.101731,0.0014566926
1,65,LinearSchedule,md4,gibbs_argmax,32,2,0.1,False,,11.790715,0.0014724405
2,65,LinearSchedule,md4,gibbs_argmax,32,2,0.1,False,,11.779863,0.0015433066
3,65,LinearSchedule,md4,gibbs_argmax,32,2,0.1,False,,11.7690325,0.0016614168
4,65,LinearSchedule,md4,gibbs_argmax,32,2,0.1,False,,11.670314,0.0014251965
0,65,LinearSchedule,md4,gibbs_argmax,32,2,0.5,False,,11.757141,0.0021023618
1,65,LinearSchedule,md4,gibbs_argmax,32,2,0.5,False,,11.660745,0.0020629917
2,65,LinearSchedule,md4,gibbs_argmax,32,2,0.5,False,,11.704463,0.0019763773
3,65,LinearSchedule,md4,gibbs_argmax,32,2,0.5,False,,11.583711,0.0020866136
4,65,LinearSchedule,md4,gibbs_argmax,32,2,0.5,False,,11.698044,0.0018503931
0,65,LinearSchedule,md4,gibbs_argmax,32,2,1.0,False,,11.420414,0.0024251963
1,65,LinearSchedule,md4,gibbs_argmax,32,2,1.0,False,,11.283497,0.0027480307
2,65,LinearSchedule,md4,gibbs_argmax,32,2,1.0,False,,11.266614,0.002889763
3,65,LinearSchedule,md4,gibbs_argmax,32,2,1.0,False,,11.3344555,0.0024015743
4,65,LinearSchedule,md4,gibbs_argmax,32,2,1.0,False,,11.384863,0.002322834
0,65,LinearSchedule,md4,gibbs_argmax,32,2,2.0,False,,10.699657,0.0032913378
1,65,LinearSchedule,md4,gibbs_argmax,32,2,2.0,False,,10.427698,0.0034488179
2,65,LinearSchedule,md4,gibbs_argmax,32,2,2.0,False,,10.58376,0.0032992116
3,65,LinearSchedule,md4,gibbs_argmax,32,2,2.0,False,,10.630346,0.0032519675
4,65,LinearSchedule,md4,gibbs_argmax,32,2,2.0,False,,10.498688,0.0032519675
0,65,LinearSchedule,md4,gibbs_argmax,32,2,4.0,False,,9.881881,0.0039291326
1,65,LinearSchedule,md4,gibbs_argmax,32,2,4.0,False,,9.621166,0.003944881
2,65,LinearSchedule,md4,gibbs_argmax,32,2,4.0,False,,9.74941,0.0042677154
3,65,LinearSchedule,md4,gibbs_argmax,32,2,4.0,False,,9.818963,0.0037559043
4,65,LinearSchedule,md4,gibbs_argmax,32,2,4.0,False,,9.699174,0.004047243
0,65,LinearSchedule,md4,gibbs_argmax,32,4,0.01,False,,10.622406,0.0030472432
1,65,LinearSchedule,md4,gibbs_argmax,32,4,0.01,False,,10.4362,0.0032755896
2,65,LinearSchedule,md4,gibbs_argmax,32,4,0.01,False,,10.4892235,0.0032992114
3,65,LinearSchedule,md4,gibbs_argmax,32,4,0.01,False,,10.426849,0.0027716525
4,65,LinearSchedule,md4,gibbs_argmax,32,4,0.01,False,,10.593395,0.002818897
0,65,LinearSchedule,md4,gibbs_argmax,32,4,0.1,False,,10.668445,0.0032362195
1,65,LinearSchedule,md4,gibbs_argmax,32,4,0.1,False,,10.422604,0.0033228335
2,65,LinearSchedule,md4,gibbs_argmax,32,4,0.1,False,,10.557571,0.0031574792
3,65,LinearSchedule,md4,gibbs_argmax,32,4,0.1,False,,10.48407,0.0027559046
4,65,LinearSchedule,md4,gibbs_argmax,32,4,0.1,False,,10.64272,0.0029291331
0,65,LinearSchedule,md4,gibbs_argmax,32,4,0.5,False,,10.991841,0.0032519675
1,65,LinearSchedule,md4,gibbs_argmax,32,4,0.5,False,,10.974877,0.0030314953
2,65,LinearSchedule,md4,gibbs_argmax,32,4,0.5,False,,10.725657,0.0031181094
3,65,LinearSchedule,md4,gibbs_argmax,32,4,0.5,False,,10.884354,0.0031496054
4,65,LinearSchedule,md4,gibbs_argmax,32,4,0.5,False,,10.864031,0.0030472432
0,65,LinearSchedule,md4,gibbs_argmax,32,4,1.0,False,,11.020232,0.0026929127
1,65,LinearSchedule,md4,gibbs_argmax,32,4,1.0,False,,10.878803,0.003062991
2,65,LinearSchedule,md4,gibbs_argmax,32,4,1.0,False,,11.005073,0.0027007866
3,65,LinearSchedule,md4,gibbs_argmax,32,4,1.0,False,,11.006019,0.0027559048
4,65,LinearSchedule,md4,gibbs_argmax,32,4,1.0,False,,10.966414,0.0031417315
0,65,LinearSchedule,md4,gibbs_argmax,32,4,2.0,False,,10.486646,0.0031338574
1,65,LinearSchedule,md4,gibbs_argmax,32,4,2.0,False,,10.316757,0.0035433061
2,65,LinearSchedule,md4,gibbs_argmax,32,4,2.0,False,,10.454953,0.0033779517
3,65,LinearSchedule,md4,gibbs_argmax,32,4,2.0,False,,10.618882,0.0032362195
4,65,LinearSchedule,md4,gibbs_argmax,32,4,2.0,False,,10.465211,0.0033936999
0,65,LinearSchedule,md4,gibbs_argmax,32,4,4.0,False,,9.82801,0.0040708655
1,65,LinearSchedule,md4,gibbs_argmax,32,4,4.0,False,,9.632027,0.0043779514
2,65,LinearSchedule,md4,gibbs_argmax,32,4,4.0,False,,9.761306,0.0042440933
3,65,LinearSchedule,md4,gibbs_argmax,32,4,4.0,False,,9.811437,0.0038818887
4,65,LinearSchedule,md4,gibbs_argmax,32,4,4.0,False,,9.90482,0.0038031484
0,65,LinearSchedule,md4,gibbs_argmax,32,8,0.01,False,,8.022564,0.0071102343
1,65,LinearSchedule,md4,gibbs_argmax,32,8,0.01,False,,8.08336,0.006763777
2,65,LinearSchedule,md4,gibbs_argmax,32,8,0.01,False,,7.9985,0.007700785
3,65,LinearSchedule,md4,gibbs_argmax,32,8,0.01,False,,8.026085,0.0075118085
4,65,LinearSchedule,md4,gibbs_argmax,32,8,0.01,False,,8.0752,0.0063385805
0,65,LinearSchedule,md4,gibbs_argmax,32,8,0.1,False,,8.086424,0.006700785
1,65,LinearSchedule,md4,gibbs_argmax,32,8,0.1,False,,8.192524,0.0066062966
2,65,LinearSchedule,md4,gibbs_argmax,32,8,0.1,False,,8.109478,0.006488187
3,65,LinearSchedule,md4,gibbs_argmax,32,8,0.1,False,,8.108964,0.0068897614
4,65,LinearSchedule,md4,gibbs_argmax,32,8,0.1,False,,8.054367,0.007031494
0,65,LinearSchedule,md4,gibbs_argmax,32,8,0.5,False,,8.58657,0.006629919
1,65,LinearSchedule,md4,gibbs_argmax,32,8,0.5,False,,8.675026,0.0062204706
2,65,LinearSchedule,md4,gibbs_argmax,32,8,0.5,False,,8.781558,0.0063307066
3,65,LinearSchedule,md4,gibbs_argmax,32,8,0.5,False,,8.653326,0.0062204706
4,65,LinearSchedule,md4,gibbs_argmax,32,8,0.5,False,,8.602151,0.0061574783
0,65,LinearSchedule,md4,gibbs_argmax,32,8,1.0,False,,9.394496,0.0049291323
1,65,LinearSchedule,md4,gibbs_argmax,32,8,1.0,False,,9.409689,0.004779526
2,65,LinearSchedule,md4,gibbs_argmax,32,8,1.0,False,,9.41038,0.00470866
3,65,LinearSchedule,md4,gibbs_argmax,32,8,1.0,False,,9.48851,0.0044015734
4,65,LinearSchedule,md4,gibbs_argmax,32,8,1.0,False,,9.25725,0.004700786
0,65,LinearSchedule,md4,gibbs_argmax,32,8,2.0,False,,9.382101,0.004574802
1,65,LinearSchedule,md4,gibbs_argmax,32,8,2.0,False,,9.500483,0.004574802
2,65,LinearSchedule,md4,gibbs_argmax,32,8,2.0,False,,9.611774,0.0044251955
3,65,LinearSchedule,md4,gibbs_argmax,32,8,2.0,False,,9.423544,0.004196849
4,65,LinearSchedule,md4,gibbs_argmax,32,8,2.0,False,,9.44092,0.0043700775
0,65,LinearSchedule,md4,gibbs_argmax,32,8,4.0,False,,9.015989,0.0050393683
1,65,LinearSchedule,md4,gibbs_argmax,32,8,4.0,False,,9.159213,0.0046141716
2,65,LinearSchedule,md4,gibbs_argmax,32,8,4.0,False,,9.249224,0.004598424
3,65,LinearSchedule,md4,gibbs_argmax,32,8,4.0,False,,9.036358,0.004858266
4,65,LinearSchedule,md4,gibbs_argmax,32,8,4.0,False,,8.976157,0.004937006
0,65,LinearSchedule,md4,gibbs_argmax,32,16,0.01,False,,5.704354,0.018551184
1,65,LinearSchedule,md4,gibbs_argmax,32,16,0.01,False,,5.7381096,0.018078746
2,65,LinearSchedule,md4,gibbs_argmax,32,16,0.01,False,,5.6858563,0.018141733
3,65,LinearSchedule,md4,gibbs_argmax,32,16,0.01,False,,5.6845937,0.018299218
4,65,LinearSchedule,md4,gibbs_argmax,32,16,0.01,False,,5.7002892,0.018346459
0,65,LinearSchedule,md4,gibbs_argmax,32,16,0.1,False,,5.665471,0.01836221
1,65,LinearSchedule,md4,gibbs_argmax,32,16,0.1,False,,5.7079153,0.018181104
2,65,LinearSchedule,md4,gibbs_argmax,32,16,0.1,False,,5.6765265,0.01888977
3,65,LinearSchedule,md4,gibbs_argmax,32,16,0.1,False,,5.625138,0.018141733
4,65,LinearSchedule,md4,gibbs_argmax,32,16,0.1,False,,5.7245083,0.018165356
0,65,LinearSchedule,md4,gibbs_argmax,32,16,0.5,False,,6.348262,0.013511812
1,65,LinearSchedule,md4,gibbs_argmax,32,16,0.5,False,,6.3681593,0.013732284
2,65,LinearSchedule,md4,gibbs_argmax,32,16,0.5,False,,6.2622313,0.013952757
3,65,LinearSchedule,md4,gibbs_argmax,32,16,0.5,False,,6.270514,0.014496063
4,65,LinearSchedule,md4,gibbs_argmax,32,16,0.5,False,,6.2484746,0.01462205
0,65,LinearSchedule,md4,gibbs_argmax,32,16,1.0,False,,7.239819,0.008740157
1,65,LinearSchedule,md4,gibbs_argmax,32,16,1.0,False,,7.243916,0.009078739
2,65,LinearSchedule,md4,gibbs_argmax,32,16,1.0,False,,7.1520367,0.009338582
3,65,LinearSchedule,md4,gibbs_argmax,32,16,1.0,False,,7.2673593,0.009188976
4,65,LinearSchedule,md4,gibbs_argmax,32,16,1.0,False,,7.1293306,0.009118109
0,65,LinearSchedule,md4,gibbs_argmax,32,16,2.0,False,,7.711308,0.0073070843
1,65,LinearSchedule,md4,gibbs_argmax,32,16,2.0,False,,7.7858877,0.00725984
2,65,LinearSchedule,md4,gibbs_argmax,32,16,2.0,False,,7.579346,0.007874013
3,65,LinearSchedule,md4,gibbs_argmax,32,16,2.0,False,,7.6522985,0.0072992104
4,65,LinearSchedule,md4,gibbs_argmax,32,16,2.0,False,,7.582489,0.007677163
0,65,LinearSchedule,md4,gibbs_argmax,32,16,4.0,False,,7.628583,0.006637793
1,65,LinearSchedule,md4,gibbs_argmax,32,16,4.0,False,,7.600498,0.006984249
2,65,LinearSchedule,md4,gibbs_argmax,32,16,4.0,False,,7.446623,0.007496061
3,65,LinearSchedule,md4,gibbs_argmax,32,16,4.0,False,,7.6678853,0.007291336
4,65,LinearSchedule,md4,gibbs_argmax,32,16,4.0,False,,7.422011,0.0074566905
0,64,LinearSchedule,maskgit,none,64,,,True,0.01,62.317432,0.0061574783
1,64,LinearSchedule,maskgit,none,64,,,True,0.01,63.555115,0.0063622026
2,64,LinearSchedule,maskgit,none,64,,,True,0.01,62.992126,0.0065511786
3,64,LinearSchedule,maskgit,none,64,,,True,0.01,62.96114,0.00606299
4,64,LinearSchedule,maskgit,none,64,,,True,0.01,62.135925,0.0063700764
0,64,LinearSchedule,maskgit,none,64,,,True,0.1,62.2871,0.0062362184
1,64,LinearSchedule,maskgit,none,64,,,True,0.1,63.209877,0.006433069
2,64,LinearSchedule,maskgit,none,64,,,True,0.1,62.745094,0.006543305
3,64,LinearSchedule,maskgit,none,64,,,True,0.1,63.023144,0.0060787383
4,64,LinearSchedule,maskgit,none,64,,,True,0.1,61.83575,0.0064251944
0,64,LinearSchedule,maskgit,none,64,,,True,0.5,10.065267,0.047614176
1,64,LinearSchedule,maskgit,none,64,,,True,0.5,9.906353,0.048708647
2,64,LinearSchedule,maskgit,none,64,,,True,0.5,10.043942,0.049031496
3,64,LinearSchedule,maskgit,none,64,,,True,0.5,9.661106,0.049590547
4,64,LinearSchedule,maskgit,none,64,,,True,0.5,9.944064,0.048826773
0,64,LinearSchedule,maskgit,none,64,,,True,1.0,3.3468428,0.14639372
1,64,LinearSchedule,maskgit,none,64,,,True,1.0,3.3129723,0.14870079
2,64,LinearSchedule,maskgit,none,64,,,True,1.0,3.2823036,0.15089765
3,64,LinearSchedule,maskgit,none,64,,,True,1.0,3.3029702,0.14799999
4,64,LinearSchedule,maskgit,none,64,,,True,1.0,3.291419,0.15002364
0,64,LinearSchedule,maskgit,none,64,,,True,2.0,2.4271383,0.20072447
1,64,LinearSchedule,maskgit,none,64,,,True,2.0,2.4311953,0.20303938
2,64,LinearSchedule,maskgit,none,64,,,True,2.0,2.4134552,0.2069134
3,64,LinearSchedule,maskgit,none,64,,,True,2.0,2.4033496,0.20275593
4,64,LinearSchedule,maskgit,none,64,,,True,2.0,2.427737,0.20250393
0,64,LinearSchedule,maskgit,none,64,,,True,4.0,2.1491654,0.22522047
1,64,LinearSchedule,maskgit,none,64,,,True,4.0,2.1535046,0.22618897
2,64,LinearSchedule,maskgit,none,64,,,True,4.0,2.1380727,0.2308583
3,64,LinearSchedule,maskgit,none,64,,,True,4.0,2.121629,0.22837801
4,64,LinearSchedule,maskgit,none,64,,,True,4.0,2.1555717,0.22662205
0,64,LinearSchedule,maskgit,none,64,,,False,0.01,62.317432,0.006165352
1,64,LinearSchedule,maskgit,none,64,,,False,0.01,63.492065,0.0063779503
2,64,LinearSchedule,maskgit,none,64,,,False,0.01,62.930187,0.0065511786
3,64,LinearSchedule,maskgit,none,64,,,False,0.01,62.89926,0.00606299
4,64,LinearSchedule,maskgit,none,64,,,False,0.01,62.075657,0.0063779503
0,64,LinearSchedule,maskgit,none,64,,,False,0.1,39.67762,0.010708662
1,64,LinearSchedule,maskgit,none,64,,,False,0.1,40.150562,0.010921259
2,64,LinearSchedule,maskgit,none,64,,,False,0.1,40.46791,0.010826772
3,64,LinearSchedule,maskgit,none,64,,,False,0.1,39.275852,0.0108346455
4,64,LinearSchedule,maskgit,none,64,,,False,0.1,39.360394,0.010913388
0,64,LinearSchedule,maskgit,none,64,,,False,0.5,2.772243,0.17716539
1,64,LinearSchedule,maskgit,none,64,,,False,0.5,2.7542875,0.1786614
2,64,LinearSchedule,maskgit,none,64,,,False,0.5,2.7403712,0.18351969
3,64,LinearSchedule,maskgit,none,64,,,False,0.5,2.7516823,0.17867716
4,64,LinearSchedule,maskgit,none,64,,,False,0.5,2.7463684,0.18090554
0,64,LinearSchedule,maskgit,none,64,,,False,1.0,2.2001443,0.2217874
1,64,LinearSchedule,maskgit,none,64,,,False,1.0,2.1916683,0.22522837
2,64,LinearSchedule,maskgit,none,64,,,False,1.0,2.177204,0.2257717
3,64,LinearSchedule,maskgit,none,64,,,False,1.0,2.1739867,0.22440943
4,64,LinearSchedule,maskgit,none,64,,,False,1.0,2.1842632,0.22481893
0,64,LinearSchedule,maskgit,none,64,,,False,2.0,2.0271447,0.23639373
1,64,LinearSchedule,maskgit,none,64,,,False,2.0,2.0287511,0.2392441
2,64,LinearSchedule,maskgit,none,64,,,False,2.0,2.0182588,0.24284251
3,64,LinearSchedule,maskgit,none,64,,,False,2.0,1.9995314,0.24114962
4,64,LinearSchedule,maskgit,none,64,,,False,2.0,2.0205846,0.24018893
0,64,LinearSchedule,maskgit,none,64,,,False,4.0,1.9618361,0.24362992
1,64,LinearSchedule,maskgit,none,64,,,False,4.0,1.9619865,0.2452835
2,64,LinearSchedule,maskgit,none,64,,,False,4.0,1.9478049,0.24828349
3,64,LinearSchedule,maskgit,none,64,,,False,4.0,1.9365771,0.2469213
4,64,LinearSchedule,maskgit,none,64,,,False,4.0,1.9547656,0.24588977
0,128,LinearSchedule,md4,none,128,,,False,,7.794897,0.008826771
1,128,LinearSchedule,md4,none,128,,,False,,7.8513155,0.008937007
2,128,LinearSchedule,md4,none,128,,,False,,7.95624,0.008677163
3,128,LinearSchedule,md4,none,128,,,False,,7.7234054,0.00896063
4,128,LinearSchedule,md4,none,128,,,False,,7.857099,0.008307084
0,128,LinearSchedule,md4,none,128,,,False,,7.794897,0.008826771
1,128,LinearSchedule,md4,none,128,,,False,,7.8513155,0.008937007
2,128,LinearSchedule,md4,none,128,,,False,,7.95624,0.008677163
3,128,LinearSchedule,md4,none,128,,,False,,7.7234054,0.00896063
4,128,LinearSchedule,md4,none,128,,,False,,7.857099,0.008307084
0,128,LinearSchedule,md4,gibbs,64,1,0.01,True,,8.602729,0.028574804
1,128,LinearSchedule,md4,gibbs,64,1,0.01,True,,8.663282,0.027685048
2,128,LinearSchedule,md4,gibbs,64,1,0.01,True,,8.614887,0.028511811
3,128,LinearSchedule,md4,gibbs,64,1,0.01,True,,8.499901,0.028685044
4,128,LinearSchedule,md4,gibbs,64,1,0.01,True,,8.602151,0.029078735
0,128,LinearSchedule,md4,gibbs,64,1,0.1,True,,8.630571,0.0288189
1,128,LinearSchedule,md4,gibbs,64,1,0.1,True,,8.64456,0.028535435
2,128,LinearSchedule,md4,gibbs,64,1,0.1,True,,8.610251,0.02908662
3,128,LinearSchedule,md4,gibbs,64,1,0.1,True,,8.340391,0.029551186
4,128,LinearSchedule,md4,gibbs,64,1,0.1,True,,8.492569,0.029692914
0,128,LinearSchedule,md4,gibbs,64,1,0.5,True,,8.277824,0.029393703
1,128,LinearSchedule,md4,gibbs,64,1,0.5,True,,8.3600025,0.028850397
2,128,LinearSchedule,md4,gibbs,64,1,0.5,True,,8.37258,0.02913386
3,128,LinearSchedule,md4,gibbs,64,1,0.5,True,,8.262329,0.029354334
4,128,LinearSchedule,md4,gibbs,64,1,0.5,True,,8.373675,0.029732283
0,128,LinearSchedule,md4,gibbs,64,1,1.0,True,,7.9360166,0.030330705
1,128,LinearSchedule,md4,gibbs,64,1,1.0,True,,7.9370003,0.030125989
2,128,LinearSchedule,md4,gibbs,64,1,1.0,True,,7.929625,0.03062205
3,128,LinearSchedule,md4,gibbs,64,1,1.0,True,,7.819659,0.030685045
4,128,LinearSchedule,md4,gibbs,64,1,1.0,True,,7.892465,0.030881895
0,128,LinearSchedule,md4,gibbs,64,1,2.0,True,,7.32475,0.03217323
1,128,LinearSchedule,md4,gibbs,64,1,2.0,True,,7.4293337,0.031338587
2,128,LinearSchedule,md4,gibbs,64,1,2.0,True,,7.341554,0.03268504
3,128,LinearSchedule,md4,gibbs,64,1,2.0,True,,7.2938633,0.032763783
4,128,LinearSchedule,md4,gibbs,64,1,2.0,True,,7.317631,0.033031497
0,128,LinearSchedule,md4,gibbs,64,1,4.0,True,,6.8223004,0.034149606
1,128,LinearSchedule,md4,gibbs,64,1,4.0,True,,6.795859,0.03364567
2,128,LinearSchedule,md4,gibbs,64,1,4.0,True,,6.917797,0.032818902
3,128,LinearSchedule,md4,gibbs,64,1,4.0,True,,6.8621674,0.033464562
4,128,LinearSchedule,md4,gibbs,64,1,4.0,True,,6.832133,0.03459055
0,128,LinearSchedule,md4,gibbs,64,2,0.01,True,,7.587883,0.031409454
1,128,LinearSchedule,md4,gibbs,64,2,0.01,True,,7.697859,0.03141732
2,128,LinearSchedule,md4,gibbs,64,2,0.01,True,,7.810593,0.029960632
3,128,LinearSchedule,md4,gibbs,64,2,0.01,True,,7.625856,0.03191339
4,128,LinearSchedule,md4,gibbs,64,2,0.01,True,,7.7599273,0.03075591
0,128,LinearSchedule,md4,gibbs,64,2,0.1,True,,7.842656,0.030401573
1,128,LinearSchedule,md4,gibbs,64,2,0.1,True,,7.7566357,0.03082677
2,128,LinearSchedule,md4,gibbs,64,2,0.1,True,,7.687688,0.030889766
3,128,LinearSchedule,md4,gibbs,64,2,0.1,True,,7.693232,0.03144882
4,128,LinearSchedule,md4,gibbs,64,2,0.1,True,,7.796796,0.030661417
0,128,LinearSchedule,md4,gibbs,64,2,0.5,True,,7.7646346,0.030677166
1,128,LinearSchedule,md4,gibbs,64,2,0.5,True,,7.782101,0.031125983
2,128,LinearSchedule,md4,gibbs,64,2,0.5,True,,7.715492,0.030669289
3,128,LinearSchedule,md4,gibbs,64,2,0.5,True,,7.743029,0.030385826
4,128,LinearSchedule,md4,gibbs,64,2,0.5,True,,7.817271,0.030614173
0,128,LinearSchedule,md4,gibbs,64,2,1.0,True,,7.6172338,0.030629925
1,128,LinearSchedule,md4,gibbs,64,2,1.0,True,,7.797746,0.030236226
2,128,LinearSchedule,md4,gibbs,64,2,1.0,True,,7.783994,0.030212602
3,128,LinearSchedule,md4,gibbs,64,2,1.0,True,,7.728535,0.031047245
4,128,LinearSchedule,md4,gibbs,64,2,1.0,True,,7.717352,0.031921264
0,128,LinearSchedule,md4,gibbs,64,2,2.0,True,,7.318049,0.032196853
1,128,LinearSchedule,md4,gibbs,64,2,2.0,True,,7.4570346,0.03149607
2,128,LinearSchedule,md4,gibbs,64,2,2.0,True,,7.521448,0.031267714
3,128,LinearSchedule,md4,gibbs,64,2,2.0,True,,7.4254556,0.03146456
4,128,LinearSchedule,md4,gibbs,64,2,2.0,True,,7.2967734,0.032677162
0,128,LinearSchedule,md4,gibbs,64,2,4.0,True,,6.8820906,0.034015752
1,128,LinearSchedule,md4,gibbs,64,2,4.0,True,,6.879871,0.03329134
2,128,LinearSchedule,md4,gibbs,64,2,4.0,True,,7.018314,0.032566935
3,128,LinearSchedule,md4,gibbs,64,2,4.0,True,,6.911074,0.033937003
4,128,LinearSchedule,md4,gibbs,64,2,4.0,True,,7.078863,0.032629926
0,128,LinearSchedule,md4,gibbs,64,4,0.01,True,,6.7803793,0.034157485
1,128,LinearSchedule,md4,gibbs,64,4,0.01,True,,6.751411,0.03422835
2,128,LinearSchedule,md4,gibbs,64,4,0.01,True,,6.7893705,0.033984255
3,128,LinearSchedule,md4,gibbs,64,4,0.01,True,,6.7592545,0.034244094
4,128,LinearSchedule,md4,gibbs,64,4,0.01,True,,6.7107053,0.033960637
0,128,LinearSchedule,md4,gibbs,64,4,0.1,True,,6.9614406,0.03362205
1,128,LinearSchedule,md4,gibbs,64,4,0.1,True,,6.845652,0.033897635
2,128,LinearSchedule,md4,gibbs,64,4,0.1,True,,6.751055,0.03462205
3,128,LinearSchedule,md4,gibbs,64,4,0.1,True,,6.801998,0.03372441
4,128,LinearSchedule,md4,gibbs,64,4,0.1,True,,6.8226643,0.034110244
0,128,LinearSchedule,md4,gibbs,64,4,0.5,True,,6.8533497,0.034078743
1,128,LinearSchedule,md4,gibbs,64,4,0.5,True,,6.9523654,0.0330315
2,128,LinearSchedule,md4,gibbs,64,4,0.5,True,,6.8828306,0.032653548
3,128,LinearSchedule,md4,gibbs,64,4,0.5,True,,6.772129,0.034527555
4,128,LinearSchedule,md4,gibbs,64,4,0.5,True,,6.997977,0.033204723
0,128,LinearSchedule,md4,gibbs,64,4,1.0,True,,6.958035,0.033464573
1,128,LinearSchedule,md4,gibbs,64,4,1.0,True,,6.9983597,0.033637796
2,128,LinearSchedule,md4,gibbs,64,4,1.0,True,,7.0655775,0.03212599
3,128,LinearSchedule,md4,gibbs,64,4,1.0,True,,6.899153,0.033803146
4,128,LinearSchedule,md4,gibbs,64,4,1.0,True,,7.0933776,0.03356692
0,128,LinearSchedule,md4,gibbs,64,4,2.0,True,,7.0018053,0.03341732
1,128,LinearSchedule,md4,gibbs,64,4,2.0,True,,7.021008,0.032897636
2,128,LinearSchedule,md4,gibbs,64,4,2.0,True,,6.983088,0.033149607
3,128,LinearSchedule,md4,gibbs,64,4,2.0,True,,7.0663576,0.033763774
4,128,LinearSchedule,md4,gibbs,64,4,2.0,True,,7.120209,0.032582678
0,128,LinearSchedule,md4,gibbs,64,4,4.0,True,,6.8052526,0.033905514
1,128,LinearSchedule,md4,gibbs,64,4,4.0,True,,6.7432303,0.034582675
2,128,LinearSchedule,md4,gibbs,64,4,4.0,True,,6.800914,0.034055118
3,128,LinearSchedule,md4,gibbs,64,4,4.0,True,,6.7696214,0.034370076
4,128,LinearSchedule,md4,gibbs,64,4,4.0,True,,6.8204827,0.034283463
0,128,LinearSchedule,md4,gibbs,64,8,0.01,True,,5.5490527,0.040440936
1,128,LinearSchedule,md4,gibbs,64,8,0.01,True,,5.417531,0.04285039
2,128,LinearSchedule,md4,gibbs,64,8,0.01,True,,5.4626155,0.040724415
3,128,LinearSchedule,md4,gibbs,64,8,0.01,True,,5.457957,0.041283462
4,128,LinearSchedule,md4,gibbs,64,8,0.01,True,,5.561349,0.040275592
0,128,LinearSchedule,md4,gibbs,64,8,0.1,True,,5.4628487,0.04054331
1,128,LinearSchedule,md4,gibbs,64,8,0.1,True,,5.469618,0.041425187
2,128,LinearSchedule,md4,gibbs,64,8,0.1,True,,5.466815,0.040968504
3,128,LinearSchedule,md4,gibbs,64,8,0.1,True,,5.5148644,0.041133862
4,128,LinearSchedule,md4,gibbs,64,8,0.1,True,,5.493562,0.041677162
0,128,LinearSchedule,md4,gibbs,64,8,0.5,True,,5.55435,0.040952753
1,128,LinearSchedule,md4,gibbs,64,8,0.5,True,,5.550496,0.04092913
2,128,LinearSchedule,md4,gibbs,64,8,0.5,True,,5.5382485,0.04002363
3,128,LinearSchedule,md4,gibbs,64,8,0.5,True,,5.599055,0.040960632
4,128,LinearSchedule,md4,gibbs,64,8,0.5,True,,5.5517,0.040740162
0,128,LinearSchedule,md4,gibbs,64,8,1.0,True,,5.8557115,0.038795277
1,128,LinearSchedule,md4,gibbs,64,8,1.0,True,,5.8899317,0.039456695
2,128,LinearSchedule,md4,gibbs,64,8,1.0,True,,5.7132654,0.039566923
3,128,LinearSchedule,md4,gibbs,64,8,1.0,True,,5.877221,0.038677163
4,128,LinearSchedule,md4,gibbs,64,8,1.0,True,,5.8084135,0.03904725
0,128,LinearSchedule,md4,gibbs,64,8,2.0,True,,6.116792,0.037275597
1,128,LinearSchedule,md4,gibbs,64,8,2.0,True,,6.052009,0.037929133
2,128,LinearSchedule,md4,gibbs,64,8,2.0,True,,6.00939,0.038377948
3,128,LinearSchedule,md4,gibbs,64,8,2.0,True,,6.0660634,0.039
4,128,LinearSchedule,md4,gibbs,64,8,2.0,True,,6.142034,0.038078748
0,128,LinearSchedule,md4,gibbs,64,8,4.0,True,,6.093497,0.038244102
1,128,LinearSchedule,md4,gibbs,64,8,4.0,True,,5.975445,0.03972441
2,128,LinearSchedule,md4,gibbs,64,8,4.0,True,,6.0574512,0.03842519
3,128,LinearSchedule,md4,gibbs,64,8,4.0,True,,6.0477204,0.03863779
4,128,LinearSchedule,md4,gibbs,64,8,4.0,True,,6.171649,0.037913382
0,128,LinearSchedule,md4,gibbs,64,16,0.01,True,,4.225957,0.055874012
1,128,LinearSchedule,md4,gibbs,64,16,0.01,True,,4.199199,0.055968508
2,128,LinearSchedule,md4,gibbs,64,16,0.01,True,,4.193834,0.05635432
3,128,LinearSchedule,md4,gibbs,64,16,0.01,True,,4.229168,0.056488194
4,128,LinearSchedule,md4,gibbs,64,16,0.01,True,,4.1908126,0.05755118
0,128,LinearSchedule,md4,gibbs,64,16,0.1,True,,4.216074,0.05574015
1,128,LinearSchedule,md4,gibbs,64,16,0.1,True,,4.2643924,0.05502362
2,128,LinearSchedule,md4,gibbs,64,16,0.1,True,,4.1700606,0.055929136
3,128,LinearSchedule,md4,gibbs,64,16,0.1,True,,4.2481165,0.05566142
4,128,LinearSchedule,md4,gibbs,64,16,0.1,True,,4.207758,0.056393705
0,128,LinearSchedule,md4,gibbs,64,16,0.5,True,,4.263114,0.055834644
1,128,LinearSchedule,md4,gibbs,64,16,0.5,True,,4.233084,0.056015737
2,128,LinearSchedule,md4,gibbs,64,16,0.5,True,,4.235185,0.053921252
3,128,LinearSchedule,md4,gibbs,64,16,0.5,True,,4.238832,0.055023618
4,128,LinearSchedule,md4,gibbs,64,16,0.5,True,,4.234205,0.054385826
0,128,LinearSchedule,md4,gibbs,64,16,1.0,True,,4.4692736,0.051811025
1,128,LinearSchedule,md4,gibbs,64,16,1.0,True,,4.4201946,0.052433077
2,128,LinearSchedule,md4,gibbs,64,16,1.0,True,,4.412728,0.05205512
3,128,LinearSchedule,md4,gibbs,64,16,1.0,True,,4.4395113,0.053614177
4,128,LinearSchedule,md4,gibbs,64,16,1.0,True,,4.3738256,0.053551182
0,128,LinearSchedule,md4,gibbs,64,16,2.0,True,,4.6946635,0.050834637
1,128,LinearSchedule,md4,gibbs,64,16,2.0,True,,4.744431,0.05066141
2,128,LinearSchedule,md4,gibbs,64,16,2.0,True,,4.593576,0.052740145
3,128,LinearSchedule,md4,gibbs,64,16,2.0,True,,4.7166333,0.05059055
4,128,LinearSchedule,md4,gibbs,64,16,2.0,True,,4.6747746,0.051834647
0,128,LinearSchedule,md4,gibbs,64,16,4.0,True,,4.8563952,0.049929135
1,128,LinearSchedule,md4,gibbs,64,16,4.0,True,,4.861006,0.050188977
2,128,LinearSchedule,md4,gibbs,64,16,4.0,True,,4.8395023,0.04979527
3,128,LinearSchedule,md4,gibbs,64,16,4.0,True,,4.8983965,0.049291316
4,128,LinearSchedule,md4,gibbs,64,16,4.0,True,,4.8541846,0.050566923
0,128,LinearSchedule,md4,gibbs,64,1,0.01,False,,10.97676,0.015393703
1,128,LinearSchedule,md4,gibbs,64,1,0.01,False,,11.130434,0.01437008
2,128,LinearSchedule,md4,gibbs,64,1,0.01,False,,10.919638,0.015496065
3,128,LinearSchedule,md4,gibbs,64,1,0.01,False,,10.846539,0.015236221
4,128,LinearSchedule,md4,gibbs,64,1,0.01,False,,11.1101465,0.015149608
0,128,LinearSchedule,md4,gibbs,64,1,0.1,False,,10.997509,0.015417324
1,128,LinearSchedule,md4,gibbs,64,1,0.1,False,,11.06692,0.015015752
2,128,LinearSchedule,md4,gibbs,64,1,0.1,False,,10.964536,0.015842522
3,128,LinearSchedule,md4,gibbs,64,1,0.1,False,,10.760824,0.01522835
4,128,LinearSchedule,md4,gibbs,64,1,0.1,False,,11.037337,0.015188978
0,128,LinearSchedule,md4,gibbs,64,1,0.5,False,,10.260521,0.015543311
1,128,LinearSchedule,md4,gibbs,64,1,0.5,False,,10.460935,0.015047248
2,128,LinearSchedule,md4,gibbs,64,1,0.5,False,,10.39974,0.015637796
3,128,LinearSchedule,md4,gibbs,64,1,0.5,False,,10.193518,0.01618898
4,128,LinearSchedule,md4,gibbs,64,1,0.5,False,,10.51162,0.015889768
0,128,LinearSchedule,md4,gibbs,64,1,1.0,False,,9.751637,0.015141735
1,128,LinearSchedule,md4,gibbs,64,1,1.0,False,,9.872734,0.015102367
2,128,LinearSchedule,md4,gibbs,64,1,1.0,False,,9.7508955,0.015598428
3,128,LinearSchedule,md4,gibbs,64,1,1.0,False,,9.672056,0.015574806
4,128,LinearSchedule,md4,gibbs,64,1,1.0,False,,9.856769,0.014921264
0,128,LinearSchedule,md4,gibbs,64,1,2.0,False,,9.019801,0.0150472475
1,128,LinearSchedule,md4,gibbs,64,1,2.0,False,,9.0472145,0.014913388
2,128,LinearSchedule,md4,gibbs,64,1,2.0,False,,9.019801,0.015614178
3,128,LinearSchedule,md4,gibbs,64,1,2.0,False,,8.906206,0.015669294
4,128,LinearSchedule,md4,gibbs,64,1,2.0,False,,9.0799465,0.01509449
0,128,LinearSchedule,md4,gibbs,64,1,4.0,False,,8.374223,0.014992128
1,128,LinearSchedule,md4,gibbs,64,1,4.0,False,,8.23999,0.015456696
2,128,LinearSchedule,md4,gibbs,64,1,4.0,False,,8.296603,0.014866142
3,128,LinearSchedule,md4,gibbs,64,1,4.0,False,,8.282109,0.015748035
4,128,LinearSchedule,md4,gibbs,64,1,4.0,False,,8.249018,0.01570079
0,128,LinearSchedule,md4,gibbs,64,2,0.01,False,,9.687429,0.015645675
1,128,LinearSchedule,md4,gibbs,64,2,0.01,False,,9.797917,0.015590552
2,128,LinearSchedule,md4,gibbs,64,2,0.01,False,,9.821223,0.015307088
3,128,LinearSchedule,md4,gibbs,64,2,0.01,False,,9.659648,0.015944883
4,128,LinearSchedule,md4,gibbs,64,2,0.01,False,,9.907887,0.015125988
0,128,LinearSchedule,md4,gibbs,64,2,0.1,False,,9.885696,0.015464568
1,128,LinearSchedule,md4,gibbs,64,2,0.1,False,,9.815198,0.015322837
2,128,LinearSchedule,md4,gibbs,64,2,0.1,False,,9.76801,0.015503938
3,128,LinearSchedule,md4,gibbs,64,2,0.1,False,,9.740506,0.015897641
4,128,LinearSchedule,md4,gibbs,64,2,0.1,False,,10.047885,0.015070868
0,128,LinearSchedule,md4,gibbs,64,2,0.5,False,,9.793421,0.015826775
1,128,LinearSchedule,md4,gibbs,64,2,0.5,False,,9.951022,0.016118115
2,128,LinearSchedule,md4,gibbs,64,2,0.5,False,,9.831029,0.015472445
3,128,LinearSchedule,md4,gibbs,64,2,0.5,False,,9.84464,0.015433073
4,128,LinearSchedule,md4,gibbs,64,2,0.5,False,,10.093045,0.015409451
0,128,LinearSchedule,md4,gibbs,64,2,1.0,False,,9.567233,0.015866142
1,128,LinearSchedule,md4,gibbs,64,2,1.0,False,,9.599521,0.01509449
2,128,LinearSchedule,md4,gibbs,64,2,1.0,False,,9.699174,0.015299216
3,128,LinearSchedule,md4,gibbs,64,2,1.0,False,,9.673518,0.015338585
4,128,LinearSchedule,md4,gibbs,64,2,1.0,False,,9.75238,0.015448823
0,128,LinearSchedule,md4,gibbs,64,2,2.0,False,,8.953553,0.015803153
1,128,LinearSchedule,md4,gibbs,64,2,2.0,False,,9.0217085,0.014551183
2,128,LinearSchedule,md4,gibbs,64,2,2.0,False,,9.167741,0.015251971
3,128,LinearSchedule,md4,gibbs,64,2,2.0,False,,9.053615,0.015590553
4,128,LinearSchedule,md4,gibbs,64,2,2.0,False,,9.003305,0.015582681
0,128,LinearSchedule,md4,gibbs,64,2,4.0,False,,8.369843,0.015629923
1,128,LinearSchedule,md4,gibbs,64,2,4.0,False,,8.375319,0.014874018
2,128,LinearSchedule,md4,gibbs,64,2,4.0,False,,8.424378,0.015220475
3,128,LinearSchedule,md4,gibbs,64,2,4.0,False,,8.3398485,0.015905516
4,128,LinearSchedule,md4,gibbs,64,2,4.0,False,,8.461132,0.015456696
0,128,LinearSchedule,md4,gibbs,64,4,0.01,False,,8.554435,0.015944883
1,128,LinearSchedule,md4,gibbs,64,4,0.01,False,,8.555006,0.016007874
2,128,LinearSchedule,md4,gibbs,64,4,0.01,False,,8.566457,0.015645672
3,128,LinearSchedule,md4,gibbs,64,4,0.01,False,,8.575066,0.015417325
4,128,LinearSchedule,md4,gibbs,64,4,0.01,False,,8.521971,0.0153307095
0,128,LinearSchedule,md4,gibbs,64,4,0.1,False,,8.650402,0.015582679
1,128,LinearSchedule,md4,gibbs,64,4,0.1,False,,8.458336,0.016488189
2,128,LinearSchedule,md4,gibbs,64,4,0.1,False,,8.541306,0.01568504
3,128,LinearSchedule,md4,gibbs,64,4,0.1,False,,8.712225,0.014944884
4,128,LinearSchedule,md4,gibbs,64,4,0.1,False,,8.546438,0.015566932
0,128,LinearSchedule,md4,gibbs,64,4,0.5,False,,8.949797,0.01566142
1,128,LinearSchedule,md4,gibbs,64,4,0.5,False,,8.904348,0.016228346
2,128,LinearSchedule,md4,gibbs,64,4,0.5,False,,8.91489,0.015866144
3,128,LinearSchedule,md4,gibbs,64,4,0.5,False,,8.784572,0.015740158
4,128,LinearSchedule,md4,gibbs,64,4,0.5,False,,9.042102,0.0154015785
0,128,LinearSchedule,md4,gibbs,64,4,1.0,False,,8.965469,0.016078746
1,128,LinearSchedule,md4,gibbs,64,4,1.0,False,,9.156592,0.015062994
2,128,LinearSchedule,md4,gibbs,64,4,1.0,False,,9.060664,0.014661419
3,128,LinearSchedule,md4,gibbs,64,4,1.0,False,,8.988764,0.016031498
4,128,LinearSchedule,md4,gibbs,64,4,1.0,False,,9.171026,0.015480317
0,128,LinearSchedule,md4,gibbs,64,4,2.0,False,,8.779149,0.015661418
1,128,LinearSchedule,md4,gibbs,64,4,2.0,False,,8.832459,0.01468504
2,128,LinearSchedule,md4,gibbs,64,4,2.0,False,,8.754531,0.014866145
3,128,LinearSchedule,md4,gibbs,64,4,2.0,False,,8.841611,0.015755907
4,128,LinearSchedule,md4,gibbs,64,4,2.0,False,,8.942294,0.015283468
0,128,LinearSchedule,md4,gibbs,64,4,4.0,False,,8.292841,0.014803151
1,128,LinearSchedule,md4,gibbs,64,4,4.0,False,,8.287472,0.015094489
2,128,LinearSchedule,md4,gibbs,64,4,4.0,False,,8.3523655,0.014622048
3,128,LinearSchedule,md4,gibbs,64,4,4.0,False,,8.284253,0.015456693
4,128,LinearSchedule,md4,gibbs,64,4,4.0,False,,8.361094,0.015267717
0,128,LinearSchedule,md4,gibbs,64,8,0.01,False,,6.9121933,0.0178189
1,128,LinearSchedule,md4,gibbs,64,8,0.01,False,,6.7922525,0.018574802
2,128,LinearSchedule,md4,gibbs,64,8,0.01,False,,6.807787,0.017566936
3,128,LinearSchedule,md4,gibbs,64,8,0.01,False,,6.8489485,0.017700788
4,128,LinearSchedule,md4,gibbs,64,8,0.01,False,,6.9043636,0.01779528
0,128,LinearSchedule,md4,gibbs,64,8,0.1,False,,6.8226643,0.017866148
1,128,LinearSchedule,md4,gibbs,64,8,0.1,False,,6.831039,0.01771654
2,128,LinearSchedule,md4,gibbs,64,8,0.1,False,,6.7471404,0.01755118
3,128,LinearSchedule,md4,gibbs,64,8,0.1,False,,6.824119,0.018031497
4,128,LinearSchedule,md4,gibbs,64,8,0.1,False,,6.867321,0.017874017
0,128,LinearSchedule,md4,gibbs,64,8,0.5,False,,7.2959414,0.016724413
1,128,LinearSchedule,md4,gibbs,64,8,0.5,False,,7.3088565,0.017677167
2,128,LinearSchedule,md4,gibbs,64,8,0.5,False,,7.1424584,0.016850397
3,128,LinearSchedule,md4,gibbs,64,8,0.5,False,,7.227147,0.017393706
4,128,LinearSchedule,md4,gibbs,64,8,0.5,False,,7.180926,0.016850395
0,128,LinearSchedule,md4,gibbs,64,8,1.0,False,,7.874016,0.016669292
1,128,LinearSchedule,md4,gibbs,64,8,1.0,False,,7.9725933,0.015732285
2,128,LinearSchedule,md4,gibbs,64,8,1.0,False,,7.885172,0.015299217
3,128,LinearSchedule,md4,gibbs,64,8,1.0,False,,7.9725933,0.015622052
4,128,LinearSchedule,md4,gibbs,64,8,1.0,False,,8.056395,0.015472443
0,128,LinearSchedule,md4,gibbs,64,8,2.0,False,,7.983535,0.015527559
1,128,LinearSchedule,md4,gibbs,64,8,2.0,False,,8.003502,0.015204728
2,128,LinearSchedule,md4,gibbs,64,8,2.0,False,,7.9080687,0.014606301
3,128,LinearSchedule,md4,gibbs,64,8,2.0,False,,7.9890156,0.015582679
4,128,LinearSchedule,md4,gibbs,64,8,2.0,False,,7.9875197,0.015503938
0,128,LinearSchedule,md4,gibbs,64,8,4.0,False,,7.6665072,0.01591339
1,128,LinearSchedule,md4,gibbs,64,8,4.0,False,,7.7458396,0.015251971
2,128,LinearSchedule,md4,gibbs,64,8,4.0,False,,7.632677,0.014755906
3,128,LinearSchedule,md4,gibbs,64,8,4.0,False,,7.6509266,0.016188977
4,128,LinearSchedule,md4,gibbs,64,8,4.0,False,,7.7215414,0.015322838
0,128,LinearSchedule,md4,gibbs,64,16,0.01,False,,5.09615,0.027307088
1,128,LinearSchedule,md4,gibbs,64,16,0.01,False,,5.064694,0.027299212
2,128,LinearSchedule,md4,gibbs,64,16,0.01,False,,5.060889,0.027149612
3,128,LinearSchedule,md4,gibbs,64,16,0.01,False,,5.100211,0.027803145
4,128,LinearSchedule,md4,gibbs,64,16,0.01,False,,5.0870357,0.027267719
0,128,LinearSchedule,md4,gibbs,64,16,0.1,False,,5.073325,0.027000004
1,128,LinearSchedule,md4,gibbs,64,16,0.1,False,,5.114885,0.026842523
2,128,LinearSchedule,md4,gibbs,64,16,0.1,False,,5.030656,0.025661418
3,128,LinearSchedule,md4,gibbs,64,16,0.1,False,,5.134994,0.02601575
4,128,LinearSchedule,md4,gibbs,64,16,0.1,False,,5.07997,0.026133861
0,128,LinearSchedule,md4,gibbs,64,16,0.5,False,,5.4322453,0.021283468
1,128,LinearSchedule,md4,gibbs,64,16,0.5,False,,5.517241,0.022102369
2,128,LinearSchedule,md4,gibbs,64,16,0.5,False,,5.412262,0.020692918
3,128,LinearSchedule,md4,gibbs,64,16,0.5,False,,5.513201,0.02164567
4,128,LinearSchedule,md4,gibbs,64,16,0.5,False,,5.3677764,0.02188977
0,128,LinearSchedule,md4,gibbs,64,16,1.0,False,,6.2806673,0.01722835
1,128,LinearSchedule,md4,gibbs,64,16,1.0,False,,6.2936378,0.017291341
2,128,LinearSchedule,md4,gibbs,64,16,1.0,False,,6.1355577,0.017102364
3,128,LinearSchedule,md4,gibbs,64,16,1.0,False,,6.373867,0.01671654
4,128,LinearSchedule,md4,gibbs,64,16,1.0,False,,6.1737328,0.018102366
0,128,LinearSchedule,md4,gibbs,64,16,2.0,False,,6.5476494,0.015590553
1,128,LinearSchedule,md4,gibbs,64,16,2.0,False,,6.632812,0.016259843
2,128,LinearSchedule,md4,gibbs,64,16,2.0,False,,6.4961424,0.015897641
3,128,LinearSchedule,md4,gibbs,64,16,2.0,False,,6.656266,0.014992129
4,128,LinearSchedule,md4,gibbs,64,16,2.0,False,,6.5316114,0.016661422
0,128,LinearSchedule,md4,gibbs,64,16,4.0,False,,6.450638,0.015133862
1,128,LinearSchedule,md4,gibbs,64,16,4.0,False,,6.525618,0.015511813
2,128,LinearSchedule,md4,gibbs,64,16,4.0,False,,6.4195795,0.015637796
3,128,LinearSchedule,md4,gibbs,64,16,4.0,False,,6.5765815,0.014338585
4,128,LinearSchedule,md4,gibbs,64,16,4.0,False,,6.469875,0.016165357
0,129,LinearSchedule,md4,gibbs_argmax,64,1,0.01,True,,11.034482,0.013425198
1,129,LinearSchedule,md4,gibbs_argmax,64,1,0.01,True,,10.991841,0.013598427
2,129,LinearSchedule,md4,gibbs_argmax,64,1,0.01,True,,11.1034,0.0132126
3,129,LinearSchedule,md4,gibbs_argmax,64,1,0.01,True,,10.922434,0.013590553
4,129,LinearSchedule,md4,gibbs_argmax,64,1,0.01,True,,11.024978,0.013811027
0,129,LinearSchedule,md4,gibbs_argmax,64,1,0.1,True,,11.088972,0.013503938
1,129,LinearSchedule,md4,gibbs_argmax,64,1,0.1,True,,10.995619,0.013590554
2,129,LinearSchedule,md4,gibbs_argmax,64,1,0.1,True,,11.054496,0.013637796
3,129,LinearSchedule,md4,gibbs_argmax,64,1,0.1,True,,10.699657,0.0141181145
4,129,LinearSchedule,md4,gibbs_argmax,64,1,0.1,True,,10.904754,0.014251972
0,129,LinearSchedule,md4,gibbs_argmax,64,1,0.5,True,,10.5627985,0.014425199
1,129,LinearSchedule,md4,gibbs_argmax,64,1,0.5,True,,10.639182,0.013889766
2,129,LinearSchedule,md4,gibbs_argmax,64,1,0.5,True,,10.718473,0.013858267
3,129,LinearSchedule,md4,gibbs_argmax,64,1,0.5,True,,10.641835,0.01406299
4,129,LinearSchedule,md4,gibbs_argmax,64,1,0.5,True,,10.657784,0.014590554
0,129,LinearSchedule,md4,gibbs_argmax,64,1,1.0,True,,10.008601,0.0151102375
1,129,LinearSchedule,md4,gibbs_argmax,64,1,1.0,True,,10.005471,0.015488192
2,129,LinearSchedule,md4,gibbs_argmax,64,1,1.0,True,,10.144238,0.01470079
3,129,LinearSchedule,md4,gibbs_argmax,64,1,1.0,True,,9.989075,0.015181106
4,129,LinearSchedule,md4,gibbs_argmax,64,1,1.0,True,,9.961089,0.015590554
0,129,LinearSchedule,md4,gibbs_argmax,64,1,2.0,True,,9.106431,0.016968507
1,129,LinearSchedule,md4,gibbs_argmax,64,1,2.0,True,,9.240543,0.016787404
2,129,LinearSchedule,md4,gibbs_argmax,64,1,2.0,True,,9.185504,0.017000003
3,129,LinearSchedule,md4,gibbs_argmax,64,1,2.0,True,,9.09931,0.01733071
4,129,LinearSchedule,md4,gibbs_argmax,64,1,2.0,True,,9.088973,0.017795278
0,129,LinearSchedule,md4,gibbs_argmax,64,1,4.0,True,,8.350186,0.01875591
1,129,LinearSchedule,md4,gibbs_argmax,64,1,4.0,True,,8.317629,0.018913394
2,129,LinearSchedule,md4,gibbs_argmax,64,1,4.0,True,,8.518568,0.017795276
3,129,LinearSchedule,md4,gibbs_argmax,64,1,4.0,True,,8.53049,0.017929135
4,129,LinearSchedule,md4,gibbs_argmax,64,1,4.0,True,,8.382998,0.01914961
0,129,LinearSchedule,md4,gibbs_argmax,64,2,0.01,True,,9.493437,0.016133862
1,129,LinearSchedule,md4,gibbs_argmax,64,2,0.01,True,,9.688895,0.016007878
2,129,LinearSchedule,md4,gibbs_argmax,64,2,0.01,True,,9.775469,0.015196852
3,129,LinearSchedule,md4,gibbs_argmax,64,2,0.01,True,,9.666214,0.016078742
4,129,LinearSchedule,md4,gibbs_argmax,64,2,0.01,True,,9.693298,0.01571654
0,129,LinearSchedule,md4,gibbs_argmax,64,2,0.1,True,,9.919405,0.015472446
1,129,LinearSchedule,md4,gibbs_argmax,64,2,0.1,True,,9.775469,0.0158189
2,129,LinearSchedule,md4,gibbs_argmax,64,2,0.1,True,,9.657462,0.015645673
3,129,LinearSchedule,md4,gibbs_argmax,64,2,0.1,True,,9.773976,0.015645673
4,129,LinearSchedule,md4,gibbs_argmax,64,2,0.1,True,,9.768755,0.015543309
0,129,LinearSchedule,md4,gibbs_argmax,64,2,0.5,True,,9.800169,0.015519689
1,129,LinearSchedule,md4,gibbs_argmax,64,2,0.5,True,,9.797168,0.01558268
2,129,LinearSchedule,md4,gibbs_argmax,64,2,0.5,True,,9.73236,0.015330711
3,129,LinearSchedule,md4,gibbs_argmax,64,2,0.5,True,,9.781446,0.015574807
4,129,LinearSchedule,md4,gibbs_argmax,64,2,0.5,True,,9.843125,0.015433073
0,129,LinearSchedule,md4,gibbs_argmax,64,2,1.0,True,,9.621166,0.015826777
1,129,LinearSchedule,md4,gibbs_argmax,64,2,1.0,True,,9.77771,0.014984255
2,129,LinearSchedule,md4,gibbs_argmax,64,2,1.0,True,,9.724227,0.015755907
3,129,LinearSchedule,md4,gibbs_argmax,64,2,1.0,True,,9.771738,0.015787404
4,129,LinearSchedule,md4,gibbs_argmax,64,2,1.0,True,,9.680836,0.01597638
0,129,LinearSchedule,md4,gibbs_argmax,64,2,2.0,True,,9.111618,0.017070869
1,129,LinearSchedule,md4,gibbs_argmax,64,2,2.0,True,,9.206646,0.016724411
2,129,LinearSchedule,md4,gibbs_argmax,64,2,2.0,True,,9.408305,0.016401578
3,129,LinearSchedule,md4,gibbs_argmax,64,2,2.0,True,,9.331486,0.016677167
4,129,LinearSchedule,md4,gibbs_argmax,64,2,2.0,True,,9.0934925,0.01708662
0,129,LinearSchedule,md4,gibbs_argmax,64,2,4.0,True,,8.427706,0.019015748
1,129,LinearSchedule,md4,gibbs_argmax,64,2,4.0,True,,8.439375,0.018771654
2,129,LinearSchedule,md4,gibbs_argmax,64,2,4.0,True,,8.71994,0.01755906
3,129,LinearSchedule,md4,gibbs_argmax,64,2,4.0,True,,8.571047,0.018291343
4,129,LinearSchedule,md4,gibbs_argmax,64,2,4.0,True,,8.760523,0.017393703
0,129,LinearSchedule,md4,gibbs_argmax,64,4,0.01,True,,8.311688,0.019165356
1,129,LinearSchedule,md4,gibbs_argmax,64,4,0.01,True,,8.293916,0.019188978
2,129,LinearSchedule,md4,gibbs_argmax,64,4,0.01,True,,8.328453,0.019338582
3,129,LinearSchedule,md4,gibbs_argmax,64,4,0.01,True,,8.242642,0.020031502
4,129,LinearSchedule,md4,gibbs_argmax,64,4,0.01,True,,8.135766,0.020094493
0,129,LinearSchedule,md4,gibbs_argmax,64,4,0.1,True,,8.599261,0.018440945
1,129,LinearSchedule,md4,gibbs_argmax,64,4,0.1,True,,8.427152,0.018637797
2,129,LinearSchedule,md4,gibbs_argmax,64,4,0.1,True,,8.295528,0.019763784
3,129,LinearSchedule,md4,gibbs_argmax,64,4,0.1,True,,8.268734,0.019606303
4,129,LinearSchedule,md4,gibbs_argmax,64,4,0.1,True,,8.3030615,0.019157488
0,129,LinearSchedule,md4,gibbs_argmax,64,4,0.5,True,,8.416623,0.018834647
1,129,LinearSchedule,md4,gibbs_argmax,64,4,0.5,True,,8.542445,0.01852756
2,129,LinearSchedule,md4,gibbs_argmax,64,4,0.5,True,,8.414963,0.019149609
3,129,LinearSchedule,md4,gibbs_argmax,64,4,0.5,True,,8.334962,0.019377952
4,129,LinearSchedule,md4,gibbs_argmax,64,4,0.5,True,,8.641642,0.018267723
0,129,LinearSchedule,md4,gibbs_argmax,64,4,1.0,True,,8.601572,0.018299216
1,129,LinearSchedule,md4,gibbs_argmax,64,4,1.0,True,,8.587722,0.018692916
2,129,LinearSchedule,md4,gibbs_argmax,64,4,1.0,True,,8.695652,0.0184252
3,129,LinearSchedule,md4,gibbs_argmax,64,4,1.0,True,,8.532764,0.01862205
4,129,LinearSchedule,md4,gibbs_argmax,64,4,1.0,True,,8.744365,0.018448818
0,129,LinearSchedule,md4,gibbs_argmax,64,4,2.0,True,,8.677378,0.018692913
1,129,LinearSchedule,md4,gibbs_argmax,64,4,2.0,True,,8.606198,0.01799213
2,129,LinearSchedule,md4,gibbs_argmax,64,4,2.0,True,,8.634065,0.018496068
3,129,LinearSchedule,md4,gibbs_argmax,64,4,2.0,True,,8.737202,0.018291341
4,129,LinearSchedule,md4,gibbs_argmax,64,4,2.0,True,,8.7827635,0.017889764
0,129,LinearSchedule,md4,gibbs_argmax,64,4,4.0,True,,8.342023,0.019456696
1,129,LinearSchedule,md4,gibbs_argmax,64,4,4.0,True,,8.23204,0.019708665
2,129,LinearSchedule,md4,gibbs_argmax,64,4,4.0,True,,8.381901,0.018834647
3,129,LinearSchedule,md4,gibbs_argmax,64,4,4.0,True,,8.327371,0.019377954
4,129,LinearSchedule,md4,gibbs_argmax,64,4,4.0,True,,8.387392,0.019125987
0,129,LinearSchedule,md4,gibbs_argmax,64,8,0.01,True,,6.5667963,0.026401574
1,129,LinearSchedule,md4,gibbs_argmax,64,8,0.01,True,,6.4205456,0.028031494
2,129,LinearSchedule,md4,gibbs_argmax,64,8,0.01,True,,6.466606,0.026511813
3,129,LinearSchedule,md4,gibbs_argmax,64,8,0.01,True,,6.4205456,0.027968504
4,129,LinearSchedule,md4,gibbs_argmax,64,8,0.01,True,,6.599639,0.026677167
0,129,LinearSchedule,md4,gibbs_argmax,64,8,0.1,True,,6.4816694,0.026503937
1,129,LinearSchedule,md4,gibbs_argmax,64,8,0.1,True,,6.487911,0.026543304
2,129,LinearSchedule,md4,gibbs_argmax,64,8,0.1,True,,6.501092,0.026889762
3,129,LinearSchedule,md4,gibbs_argmax,64,8,0.1,True,,6.512669,0.027566932
4,129,LinearSchedule,md4,gibbs_argmax,64,8,0.1,True,,6.524953,0.026937012
0,129,LinearSchedule,md4,gibbs_argmax,64,8,0.5,True,,6.604747,0.025889764
1,129,LinearSchedule,md4,gibbs_argmax,64,8,0.5,True,,6.6496964,0.026346453
2,129,LinearSchedule,md4,gibbs_argmax,64,8,0.5,True,,6.5880904,0.026118113
3,129,LinearSchedule,md4,gibbs_argmax,64,8,0.5,True,,6.6788416,0.026157483
4,129,LinearSchedule,md4,gibbs_argmax,64,8,0.5,True,,6.599299,0.025960632
0,129,LinearSchedule,md4,gibbs_argmax,64,8,1.0,True,,6.9968295,0.024511812
1,129,LinearSchedule,md4,gibbs_argmax,64,8,1.0,True,,7.0827804,0.024330713
2,129,LinearSchedule,md4,gibbs_argmax,64,8,1.0,True,,6.7980237,0.026007876
3,129,LinearSchedule,md4,gibbs_argmax,64,8,1.0,True,,7.0310354,0.024393702
4,129,LinearSchedule,md4,gibbs_argmax,64,8,1.0,True,,6.946329,0.02492913
0,129,LinearSchedule,md4,gibbs_argmax,64,8,2.0,True,,7.353786,0.022937015
1,129,LinearSchedule,md4,gibbs_argmax,64,8,2.0,True,,7.287634,0.02395276
2,129,LinearSchedule,md4,gibbs_argmax,64,8,2.0,True,,7.2316384,0.02411024
3,129,LinearSchedule,md4,gibbs_argmax,64,8,2.0,True,,7.3533635,0.023566931
4,129,LinearSchedule,md4,gibbs_argmax,64,8,2.0,True,,7.383054,0.023763781
0,129,LinearSchedule,md4,gibbs_argmax,64,8,4.0,True,,7.387741,0.02333859
1,129,LinearSchedule,md4,gibbs_argmax,64,8,4.0,True,,7.1785097,0.024661418
2,129,LinearSchedule,md4,gibbs_argmax,64,8,4.0,True,,7.2976055,0.0238189
3,129,LinearSchedule,md4,gibbs_argmax,64,8,4.0,True,,7.305519,0.023244098
4,129,LinearSchedule,md4,gibbs_argmax,64,8,4.0,True,,7.43624,0.023527568
0,129,LinearSchedule,md4,gibbs_argmax,64,16,0.01,True,,4.870439,0.042031497
1,129,LinearSchedule,md4,gibbs_argmax,64,16,0.01,True,,4.8453646,0.04213385
2,129,LinearSchedule,md4,gibbs_argmax,64,16,0.01,True,,4.860267,0.042031497
3,129,LinearSchedule,md4,gibbs_argmax,64,16,0.01,True,,4.8935275,0.041992124
4,129,LinearSchedule,md4,gibbs_argmax,64,16,0.01,True,,4.833837,0.043283466
0,129,LinearSchedule,md4,gibbs_argmax,64,16,0.1,True,,4.86119,0.042000003
1,129,LinearSchedule,md4,gibbs_argmax,64,16,0.1,True,,4.926867,0.041511815
2,129,LinearSchedule,md4,gibbs_argmax,64,16,0.1,True,,4.789164,0.042543307
3,129,LinearSchedule,md4,gibbs_argmax,64,16,0.1,True,,4.9036508,0.04194489
4,129,LinearSchedule,md4,gibbs_argmax,64,16,0.1,True,,4.830006,0.042976372
0,129,LinearSchedule,md4,gibbs_argmax,64,16,0.5,True,,4.896523,0.04248032
1,129,LinearSchedule,md4,gibbs_argmax,64,16,0.5,True,,4.8884816,0.041763775
2,129,LinearSchedule,md4,gibbs_argmax,64,16,0.5,True,,4.8899755,0.04036221
3,129,LinearSchedule,md4,gibbs_argmax,64,16,0.5,True,,4.8864284,0.04202362
4,129,LinearSchedule,md4,gibbs_argmax,64,16,0.5,True,,4.8784204,0.041015744
0,129,LinearSchedule,md4,gibbs_argmax,64,16,1.0,True,,5.152564,0.03863779
1,129,LinearSchedule,md4,gibbs_argmax,64,16,1.0,True,,5.152564,0.038637787
2,129,LinearSchedule,md4,gibbs_argmax,64,16,1.0,True,,5.1004148,0.038779527
3,129,LinearSchedule,md4,gibbs_argmax,64,16,1.0,True,,5.1459355,0.039976377
4,129,LinearSchedule,md4,gibbs_argmax,64,16,1.0,True,,5.0695076,0.04015747
0,129,LinearSchedule,md4,gibbs_argmax,64,16,2.0,True,,5.4560957,0.036968503
1,129,LinearSchedule,md4,gibbs_argmax,64,16,2.0,True,,5.5165277,0.03659055
2,129,LinearSchedule,md4,gibbs_argmax,64,16,2.0,True,,5.369353,0.03834645
3,129,LinearSchedule,md4,gibbs_argmax,64,16,2.0,True,,5.5079823,0.03750393
4,129,LinearSchedule,md4,gibbs_argmax,64,16,2.0,True,,5.4637814,0.03666929
0,129,LinearSchedule,md4,gibbs_argmax,64,16,4.0,True,,5.633059,0.036472443
1,129,LinearSchedule,md4,gibbs_argmax,64,16,4.0,True,,5.7061343,0.035811026
2,129,LinearSchedule,md4,gibbs_argmax,64,16,4.0,True,,5.635539,0.03603937
3,129,LinearSchedule,md4,gibbs_argmax,64,16,4.0,True,,5.703592,0.036078744
4,129,LinearSchedule,md4,gibbs_argmax,64,16,4.0,True,,5.6427436,0.035322823
0,129,LinearSchedule,md4,gibbs_argmax,64,1,0.01,False,,15.156898,0.00044881878
1,129,LinearSchedule,md4,gibbs_argmax,64,1,0.01,False,,15.23628,0.00049606286
2,129,LinearSchedule,md4,gibbs_argmax,64,1,0.01,False,,15.209125,0.00048818885
3,129,LinearSchedule,md4,gibbs_argmax,64,1,0.01,False,,15.09078,0.00041732274
4,129,LinearSchedule,md4,gibbs_argmax,64,1,0.01,False,,15.384615,0.000543307
0,129,LinearSchedule,md4,gibbs_argmax,64,1,0.1,False,,15.292712,0.00044094474
1,129,LinearSchedule,md4,gibbs_argmax,64,1,0.1,False,,15.192879,0.000543307
2,129,LinearSchedule,md4,gibbs_argmax,64,1,0.1,False,,15.254439,0.0004330708
3,129,LinearSchedule,md4,gibbs_argmax,64,1,0.1,False,,14.928854,0.0005039369
4,129,LinearSchedule,md4,gibbs_argmax,64,1,0.1,False,,15.2945385,0.00040944872
0,129,LinearSchedule,md4,gibbs_argmax,64,1,0.5,False,,14.065934,0.00088976347
1,129,LinearSchedule,md4,gibbs_argmax,64,1,0.5,False,,14.292095,0.0007716533
2,129,LinearSchedule,md4,gibbs_argmax,64,1,0.5,False,,14.332102,0.00077952736
3,129,LinearSchedule,md4,gibbs_argmax,64,1,0.5,False,,14.178112,0.0010236218
4,129,LinearSchedule,md4,gibbs_argmax,64,1,0.5,False,,14.478,0.0009527557
0,129,LinearSchedule,md4,gibbs_argmax,64,1,1.0,False,,13.065224,0.0012834641
1,129,LinearSchedule,md4,gibbs_argmax,64,1,1.0,False,,13.341672,0.0012519682
2,129,LinearSchedule,md4,gibbs_argmax,64,1,1.0,False,,13.229975,0.001181102
3,129,LinearSchedule,md4,gibbs_argmax,64,1,1.0,False,,13.130898,0.0014173224
4,129,LinearSchedule,md4,gibbs_argmax,64,1,1.0,False,,13.236815,0.0012283461
0,129,LinearSchedule,md4,gibbs_argmax,64,1,2.0,False,,11.877146,0.0019133852
1,129,LinearSchedule,md4,gibbs_argmax,64,1,2.0,False,,11.918063,0.0021338577
2,129,LinearSchedule,md4,gibbs_argmax,64,1,2.0,False,,11.95368,0.0018031491
3,129,LinearSchedule,md4,gibbs_argmax,64,1,2.0,False,,11.802674,0.0021023615
4,129,LinearSchedule,md4,gibbs_argmax,64,1,2.0,False,,11.913626,0.0020472435
0,129,LinearSchedule,md4,gibbs_argmax,64,1,4.0,False,,10.731953,0.0028740147
1,129,LinearSchedule,md4,gibbs_argmax,64,1,4.0,False,,10.559314,0.0028740147
2,129,LinearSchedule,md4,gibbs_argmax,64,1,4.0,False,,10.677344,0.0026377947
3,129,LinearSchedule,md4,gibbs_argmax,64,1,4.0,False,,10.6934,0.0025826762
4,129,LinearSchedule,md4,gibbs_argmax,64,1,4.0,False,,10.657784,0.0029842511
0,129,LinearSchedule,md4,gibbs_argmax,64,2,0.01,False,,12.865614,0.0014173223
1,129,LinearSchedule,md4,gibbs_argmax,64,2,0.01,False,,13.074565,0.0012440942
2,129,LinearSchedule,md4,gibbs_argmax,64,2,0.01,False,,13.047911,0.0013858264
3,129,LinearSchedule,md4,gibbs_argmax,64,2,0.01,False,,13.009452,0.0014330704
4,129,LinearSchedule,md4,gibbs_argmax,64,2,0.01,False,,13.046579,0.0013858263
0,129,LinearSchedule,md4,gibbs_argmax,64,2,0.1,False,,13.21495,0.00111811
1,129,LinearSchedule,md4,gibbs_argmax,64,2,0.1,False,,13.087934,0.0012992122
2,129,LinearSchedule,md4,gibbs_argmax,64,2,0.1,False,,13.051902,0.0012598422
3,129,LinearSchedule,md4,gibbs_argmax,64,2,0.1,False,,13.086597,0.0013149603
4,129,LinearSchedule,md4,gibbs_argmax,64,2,0.1,False,,13.3402815,0.0012125982
0,129,LinearSchedule,md4,gibbs_argmax,64,2,0.5,False,,13.149784,0.0013385824
1,129,LinearSchedule,md4,gibbs_argmax,64,2,0.5,False,,13.361169,0.0012992121
2,129,LinearSchedule,md4,gibbs_argmax,64,2,0.5,False,,13.189078,0.0014566926
3,129,LinearSchedule,md4,gibbs_argmax,64,2,0.5,False,,13.341672,0.0014803145
4,129,LinearSchedule,md4,gibbs_argmax,64,2,0.5,False,,13.57514,0.0012677162
0,129,LinearSchedule,md4,gibbs_argmax,64,2,1.0,False,,12.914943,0.0013385823
1,129,LinearSchedule,md4,gibbs_argmax,64,2,1.0,False,,12.806403,0.0016692908
2,129,LinearSchedule,md4,gibbs_argmax,64,2,1.0,False,,12.977797,0.0014094485
3,129,LinearSchedule,md4,gibbs_argmax,64,2,1.0,False,,13.090612,0.0016535429
4,129,LinearSchedule,md4,gibbs_argmax,64,2,1.0,False,,13.014744,0.0015669287
0,129,LinearSchedule,md4,gibbs_argmax,64,2,2.0,False,,11.833225,0.0020944874
1,129,LinearSchedule,md4,gibbs_argmax,64,2,2.0,False,,11.7972355,0.001748031
2,129,LinearSchedule,md4,gibbs_argmax,64,2,2.0,False,,12.125805,0.0018740152
3,129,LinearSchedule,md4,gibbs_argmax,64,2,2.0,False,,12.025554,0.0021811016
4,129,LinearSchedule,md4,gibbs_argmax,64,2,2.0,False,,11.796148,0.0019763773
0,129,LinearSchedule,md4,gibbs_argmax,64,2,4.0,False,,10.809897,0.0025669283
1,129,LinearSchedule,md4,gibbs_argmax,64,2,4.0,False,,10.770784,0.0026614168
2,129,LinearSchedule,md4,gibbs_argmax,64,2,4.0,False,,10.925231,0.0026299204
3,129,LinearSchedule,md4,gibbs_argmax,64,2,4.0,False,,10.876953,0.0024881882
4,129,LinearSchedule,md4,gibbs_argmax,64,2,4.0,False,,10.9617195,0.0026220465
0,129,LinearSchedule,md4,gibbs_argmax,64,4,0.01,False,,10.875106,0.0031574792
1,129,LinearSchedule,md4,gibbs_argmax,64,4,0.01,False,,10.959843,0.0031732274
2,129,LinearSchedule,md4,gibbs_argmax,64,4,0.01,False,,10.953278,0.0030078732
3,129,LinearSchedule,md4,gibbs_argmax,64,4,0.01,False,,10.919638,0.0029921252
4,129,LinearSchedule,md4,gibbs_argmax,64,4,0.01,False,,10.785305,0.0028346446
0,129,LinearSchedule,md4,gibbs_argmax,64,4,0.1,False,,11.033531,0.002905511
1,129,LinearSchedule,md4,gibbs_argmax,64,4,0.1,False,,10.886205,0.0031574795
2,129,LinearSchedule,md4,gibbs_argmax,64,4,0.1,False,,10.919638,0.002937007
3,129,LinearSchedule,md4,gibbs_argmax,64,4,0.1,False,,11.0440035,0.0027401566
4,129,LinearSchedule,md4,gibbs_argmax,64,4,0.1,False,,10.868643,0.002960629
0,129,LinearSchedule,md4,gibbs_argmax,64,4,0.5,False,,11.693769,0.0025748024
1,129,LinearSchedule,md4,gibbs_argmax,64,4,0.5,False,,11.6427145,0.0025590542
2,129,LinearSchedule,md4,gibbs_argmax,64,4,0.5,False,,11.674572,0.0025118103
3,129,LinearSchedule,md4,gibbs_argmax,64,4,0.5,False,,11.497351,0.0027401568
4,129,LinearSchedule,md4,gibbs_argmax,64,4,0.5,False,,11.792888,0.0023937002
0,129,LinearSchedule,md4,gibbs_argmax,64,4,1.0,False,,11.924725,0.0021732277
1,129,LinearSchedule,md4,gibbs_argmax,64,4,1.0,False,,11.977169,0.0020629915
2,129,LinearSchedule,md4,gibbs_argmax,64,4,1.0,False,,11.922503,0.0021496057
3,129,LinearSchedule,md4,gibbs_argmax,64,4,1.0,False,,11.894805,0.0022755899
4,129,LinearSchedule,md4,gibbs_argmax,64,4,1.0,False,,12.082311,0.0020472438
0,129,LinearSchedule,md4,gibbs_argmax,64,4,2.0,False,,11.528416,0.002322834
1,129,LinearSchedule,md4,gibbs_argmax,64,4,2.0,False,,11.453114,0.002401574
2,129,LinearSchedule,md4,gibbs_argmax,64,4,2.0,False,,11.469534,0.002259842
3,129,LinearSchedule,md4,gibbs_argmax,64,4,2.0,False,,11.636363,0.0021259836
4,129,LinearSchedule,md4,gibbs_argmax,64,4,2.0,False,,11.783116,0.0023700781
0,129,LinearSchedule,md4,gibbs_argmax,64,4,4.0,False,,10.684474,0.0027637787
1,129,LinearSchedule,md4,gibbs_argmax,64,4,4.0,False,,10.61624,0.002905511
2,129,LinearSchedule,md4,gibbs_argmax,64,4,4.0,False,,10.759016,0.0028031487
3,129,LinearSchedule,md4,gibbs_argmax,64,4,4.0,False,,10.650691,0.0027401566
4,129,LinearSchedule,md4,gibbs_argmax,64,4,4.0,False,,10.806248,0.0028503926
0,129,LinearSchedule,md4,gibbs_argmax,64,8,0.01,False,,8.379705,0.00702362
1,129,LinearSchedule,md4,gibbs_argmax,64,8,0.01,False,,8.208811,0.0066929115
2,129,LinearSchedule,md4,gibbs_argmax,64,8,0.01,False,,8.224108,0.0068031475
3,129,LinearSchedule,md4,gibbs_argmax,64,8,0.01,False,,8.278895,0.0072204703
4,129,LinearSchedule,md4,gibbs_argmax,64,8,0.01,False,,8.358911,0.007566927
0,129,LinearSchedule,md4,gibbs_argmax,64,8,0.1,False,,8.212499,0.006692911
1,129,LinearSchedule,md4,gibbs_argmax,64,8,0.1,False,,8.281038,0.0063858246
2,129,LinearSchedule,md4,gibbs_argmax,64,8,0.1,False,,8.219354,0.0071732257
3,129,LinearSchedule,md4,gibbs_argmax,64,8,0.1,False,,8.246891,0.0072913365
4,129,LinearSchedule,md4,gibbs_argmax,64,8,0.1,False,,8.291767,0.0072047217
0,129,LinearSchedule,md4,gibbs_argmax,64,8,0.5,False,,8.978046,0.0057874
1,129,LinearSchedule,md4,gibbs_argmax,64,8,0.5,False,,9.052974,0.006070864
2,129,LinearSchedule,md4,gibbs_argmax,64,8,0.5,False,,8.82211,0.006322833
3,129,LinearSchedule,md4,gibbs_argmax,64,8,0.5,False,,8.986871,0.006346455
4,129,LinearSchedule,md4,gibbs_argmax,64,8,0.5,False,,8.824543,0.005968502
0,129,LinearSchedule,md4,gibbs_argmax,64,8,1.0,False,,10.013299,0.0040078727
1,129,LinearSchedule,md4,gibbs_argmax,64,8,1.0,False,,10.138614,0.0039763767
2,129,LinearSchedule,md4,gibbs_argmax,64,8,1.0,False,,9.954117,0.0038346448
3,129,LinearSchedule,md4,gibbs_argmax,64,8,1.0,False,,10.062102,0.0038425184
4,129,LinearSchedule,md4,gibbs_argmax,64,8,1.0,False,,10.165184,0.0039842506
0,129,LinearSchedule,md4,gibbs_argmax,64,8,2.0,False,,10.164377,0.0034724397
1,129,LinearSchedule,md4,gibbs_argmax,64,8,2.0,False,,10.187028,0.0031732274
2,129,LinearSchedule,md4,gibbs_argmax,64,8,2.0,False,,9.992974,0.003480314
3,129,LinearSchedule,md4,gibbs_argmax,64,8,2.0,False,,10.253124,0.0033070857
4,129,LinearSchedule,md4,gibbs_argmax,64,8,2.0,False,,10.213853,0.0033228337
0,129,LinearSchedule,md4,gibbs_argmax,64,8,4.0,False,,9.683764,0.0038110225
1,129,LinearSchedule,md4,gibbs_argmax,64,8,4.0,False,,9.736061,0.003661416
2,129,LinearSchedule,md4,gibbs_argmax,64,8,4.0,False,,9.618998,0.003566928
3,129,LinearSchedule,md4,gibbs_argmax,64,8,4.0,False,,9.7168455,0.003779526
4,129,LinearSchedule,md4,gibbs_argmax,64,8,4.0,False,,9.805424,0.0037480304
0,129,LinearSchedule,md4,gibbs_argmax,64,16,0.01,False,,5.9136057,0.019102367
1,129,LinearSchedule,md4,gibbs_argmax,64,16,0.01,False,,5.8255963,0.018740159
2,129,LinearSchedule,md4,gibbs_argmax,64,16,0.01,False,,5.8455496,0.019000001
3,129,LinearSchedule,md4,gibbs_argmax,64,16,0.01,False,,5.9073286,0.018535437
4,129,LinearSchedule,md4,gibbs_argmax,64,16,0.01,False,,5.8645654,0.018755907
0,129,LinearSchedule,md4,gibbs_argmax,64,16,0.1,False,,5.858124,0.018700793
1,129,LinearSchedule,md4,gibbs_argmax,64,16,0.1,False,,5.916886,0.017732283
2,129,LinearSchedule,md4,gibbs_argmax,64,16,0.1,False,,5.7881885,0.017905513
3,129,LinearSchedule,md4,gibbs_argmax,64,16,0.1,False,,5.9185276,0.018629925
4,129,LinearSchedule,md4,gibbs_argmax,64,16,0.1,False,,5.8710213,0.018480318
0,129,LinearSchedule,md4,gibbs_argmax,64,16,0.5,False,,6.3637266,0.013795278
1,129,LinearSchedule,md4,gibbs_argmax,64,16,0.5,False,,6.5193033,0.013913389
2,129,LinearSchedule,md4,gibbs_argmax,64,16,0.5,False,,6.338516,0.013787403
3,129,LinearSchedule,md4,gibbs_argmax,64,16,0.5,False,,6.4535646,0.013834646
4,129,LinearSchedule,md4,gibbs_argmax,64,16,0.5,False,,6.2843676,0.014362209
0,129,LinearSchedule,md4,gibbs_argmax,64,16,1.0,False,,7.4915137,0.008133857
1,129,LinearSchedule,md4,gibbs_argmax,64,16,1.0,False,,7.5919333,0.008047242
2,129,LinearSchedule,md4,gibbs_argmax,64,16,1.0,False,,7.328524,0.008307084
3,129,LinearSchedule,md4,gibbs_argmax,64,16,1.0,False,,7.638143,0.007905509
4,129,LinearSchedule,md4,gibbs_argmax,64,16,1.0,False,,7.3834796,0.008244093
0,129,LinearSchedule,md4,gibbs_argmax,64,16,2.0,False,,7.9656477,0.006228344
1,129,LinearSchedule,md4,gibbs_argmax,64,16,2.0,False,,8.096654,0.006039368
2,129,LinearSchedule,md4,gibbs_argmax,64,16,2.0,False,,7.9542623,0.006456691
3,129,LinearSchedule,md4,gibbs_argmax,64,16,2.0,False,,8.051328,0.0062440922
4,129,LinearSchedule,md4,gibbs_argmax,64,16,2.0,False,,7.9320817,0.0063858246
0,129,LinearSchedule,md4,gibbs_argmax,64,16,4.0,False,,7.794897,0.0060157464
1,129,LinearSchedule,md4,gibbs_argmax,64,16,4.0,False,,7.9041624,0.0063700764
2,129,LinearSchedule,md4,gibbs_argmax,64,16,4.0,False,,7.804878,0.006472439
3,129,LinearSchedule,md4,gibbs_argmax,64,16,4.0,False,,7.9716005,0.0058976356
4,129,LinearSchedule,md4,gibbs_argmax,64,16,4.0,False,,7.848428,0.0063149584
0,128,LinearSchedule,maskgit,none,128,,,True,0.01,144.63277,0.0
1,128,LinearSchedule,maskgit,none,128,,,True,0.01,149.8829,0.0
2,128,LinearSchedule,maskgit,none,128,,,True,0.01,149.8829,0.0
3,128,LinearSchedule,maskgit,none,128,,,True,0.01,146.95752,0.0
4,128,LinearSchedule,maskgit,none,128,,,True,0.01,146.2857,0.0
0,128,LinearSchedule,maskgit,none,128,,,True,0.1,143.33707,0.0
1,128,LinearSchedule,maskgit,none,128,,,True,0.1,148.14815,0.0
2,128,LinearSchedule,maskgit,none,128,,,True,0.1,147.806,0.0
3,128,LinearSchedule,maskgit,none,128,,,True,0.1,145.78589,0.0
4,128,LinearSchedule,maskgit,none,128,,,True,0.1,145.78589,0.0
0,128,LinearSchedule,maskgit,none,128,,,True,0.5,18.478418,0.0
1,128,LinearSchedule,maskgit,none,128,,,True,0.5,18.473085,0.0
2,128,LinearSchedule,maskgit,none,128,,,True,0.5,18.171494,0.0
3,128,LinearSchedule,maskgit,none,128,,,True,0.5,18.1844,0.0
4,128,LinearSchedule,maskgit,none,128,,,True,0.5,18.14059,0.0
0,128,LinearSchedule,maskgit,none,128,,,True,1.0,14.115571,0.0
1,128,LinearSchedule,maskgit,none,128,,,True,1.0,14.1499,0.0
2,128,LinearSchedule,maskgit,none,128,,,True,1.0,14.002844,0.0
3,128,LinearSchedule,maskgit,none,128,,,True,1.0,14.140521,0.0
4,128,LinearSchedule,maskgit,none,128,,,True,1.0,13.975324,7.874016e-06
0,128,LinearSchedule,maskgit,none,128,,,True,2.0,12.2417755,0.0
1,128,LinearSchedule,maskgit,none,128,,,True,2.0,12.281712,0.0
2,128,LinearSchedule,maskgit,none,128,,,True,2.0,12.244117,0.0
3,128,LinearSchedule,maskgit,none,128,,,True,2.0,12.343298,0.0
4,128,LinearSchedule,maskgit,none,128,,,True,2.0,12.130401,7.874016e-06
0,128,LinearSchedule,maskgit,none,128,,,True,4.0,10.886205,0.0
1,128,LinearSchedule,maskgit,none,128,,,True,4.0,11.134308,0.0
2,128,LinearSchedule,maskgit,none,128,,,True,4.0,11.061182,0.0
3,128,LinearSchedule,maskgit,none,128,,,True,4.0,11.130434,0.0
4,128,LinearSchedule,maskgit,none,128,,,True,4.0,10.971115,7.874016e-06
0,128,LinearSchedule,maskgit,none,128,,,False,0.01,144.63277,0.0
1,128,LinearSchedule,maskgit,none,128,,,False,0.01,149.8829,0.0
2,128,LinearSchedule,maskgit,none,128,,,False,0.01,149.8829,0.0
3,128,LinearSchedule,maskgit,none,128,,,False,0.01,146.95752,0.0
4,128,LinearSchedule,maskgit,none,128,,,False,0.01,146.2857,0.0
0,128,LinearSchedule,maskgit,none,128,,,False,0.1,140.65933,0.0
1,128,LinearSchedule,maskgit,none,128,,,False,0.1,143.98201,0.0
2,128,LinearSchedule,maskgit,none,128,,,False,0.1,144.63277,0.0
3,128,LinearSchedule,maskgit,none,128,,,False,0.1,147.12643,0.0
4,128,LinearSchedule,maskgit,none,128,,,False,0.1,141.74971,0.0
0,128,LinearSchedule,maskgit,none,128,,,False,0.5,16.126999,0.0
1,128,LinearSchedule,maskgit,none,128,,,False,0.5,16.284986,0.0
2,128,LinearSchedule,maskgit,none,128,,,False,0.5,16.114819,0.0
3,128,LinearSchedule,maskgit,none,128,,,False,0.5,16.345295,0.0
4,128,LinearSchedule,maskgit,none,128,,,False,0.5,16.25397,7.874016e-06
0,128,LinearSchedule,maskgit,none,128,,,False,1.0,13.559321,0.0
1,128,LinearSchedule,maskgit,none,128,,,False,1.0,13.496415,0.0
2,128,LinearSchedule,maskgit,none,128,,,False,1.0,13.579461,0.0
3,128,LinearSchedule,maskgit,none,128,,,False,1.0,13.422819,0.0
4,128,LinearSchedule,maskgit,none,128,,,False,1.0,13.333334,7.874016e-06
0,128,LinearSchedule,maskgit,none,128,,,False,2.0,11.761463,0.0
1,128,LinearSchedule,maskgit,none,128,,,False,2.0,11.940298,0.0
2,128,LinearSchedule,maskgit,none,128,,,False,2.0,11.836509,0.0
3,128,LinearSchedule,maskgit,none,128,,,False,2.0,11.919173,0.0
4,128,LinearSchedule,maskgit,none,128,,,False,2.0,11.744197,1.5748032e-05
0,128,LinearSchedule,maskgit,none,128,,,False,4.0,10.604805,0.0
1,128,LinearSchedule,maskgit,none,128,,,False,4.0,10.843782,0.0
2,128,LinearSchedule,maskgit,none,128,,,False,4.0,10.763539,0.0
3,128,LinearSchedule,maskgit,none,128,,,False,4.0,10.8963995,0.0
4,128,LinearSchedule,maskgit,none,128,,,False,4.0,10.706818,1.5748032e-05
