seed,nfe,forward_process,predictor_type,corrector_type,num_steps,gibbs_k,gibbs_temperature,anneal_temperature,maskgit_temperature,corrector_step_size,avg_run_length,error_rate
0,16,CosineSchedule,md4,forward_backward,8,,,False,,0.01,5.3169394,0.020724408
1,16,CosineSchedule,md4,forward_backward,8,,,False,,0.01,5.2737837,0.020984255
2,16,CosineSchedule,md4,forward_backward,8,,,False,,0.01,5.2997684,0.02066142
3,16,CosineSchedule,md4,forward_backward,8,,,False,,0.01,5.34804,0.020464573
4,16,CosineSchedule,md4,forward_backward,8,,,False,,0.01,5.2644567,0.02087402
0,16,CosineSchedule,md4,forward_backward,8,,,False,,0.1,5.6002803,0.017779531
1,16,CosineSchedule,md4,forward_backward,8,,,False,,0.1,5.5336995,0.017960636
2,16,CosineSchedule,md4,forward_backward,8,,,False,,0.1,5.6152663,0.017433075
3,16,CosineSchedule,md4,forward_backward,8,,,False,,0.1,5.5946503,0.018157488
4,16,CosineSchedule,md4,forward_backward,8,,,False,,0.1,5.6000347,0.017275594
0,16,CosineSchedule,md4,forward_backward,8,,,False,,0.5,6.032898,0.012220476
1,16,CosineSchedule,md4,forward_backward,8,,,False,,0.5,6.002344,0.011732285
2,16,CosineSchedule,md4,forward_backward,8,,,False,,0.5,6.129975,0.012267717
3,16,CosineSchedule,md4,forward_backward,8,,,False,,0.5,6.0580244,0.012559057
4,16,CosineSchedule,md4,forward_backward,8,,,False,,0.5,6.1585836,0.011598427
0,16,CosineSchedule,md4,forward_backward,8,,,False,,1.0,5.9152455,0.011480316
1,16,CosineSchedule,md4,forward_backward,8,,,False,,1.0,5.9256516,0.012000002
2,16,CosineSchedule,md4,forward_backward,8,,,False,,1.0,5.9251027,0.011496063
3,16,CosineSchedule,md4,forward_backward,8,,,False,,1.0,5.9182544,0.0118582705
4,16,CosineSchedule,md4,forward_backward,8,,,False,,1.0,5.9198966,0.011377954
0,16,CosineSchedule,md4,forward_backward,8,,,False,,1.5,5.752809,0.012456694
1,16,CosineSchedule,md4,forward_backward,8,,,False,,1.5,5.6866145,0.013236222
2,16,CosineSchedule,md4,forward_backward,8,,,False,,1.5,5.7453213,0.012669294
3,16,CosineSchedule,md4,forward_backward,8,,,False,,1.5,5.7655063,0.012314962
4,16,CosineSchedule,md4,forward_backward,8,,,False,,1.5,5.6629653,0.012692914
0,16,CosineSchedule,md4,forward_backward,8,,,False,,2.0,5.53729,0.01389764
1,16,CosineSchedule,md4,forward_backward,8,,,False,,2.0,5.417531,0.014889767
2,16,CosineSchedule,md4,forward_backward,8,,,False,,2.0,5.522717,0.014519687
3,16,CosineSchedule,md4,forward_backward,8,,,False,,2.0,5.506561,0.014228346
4,16,CosineSchedule,md4,forward_backward,8,,,False,,2.0,5.374764,0.015220477
0,16,CosineSchedule,md4,forward_backward,8,,,False,,3.0,5.098383,0.018795274
1,16,CosineSchedule,md4,forward_backward,8,,,False,,3.0,5.0870357,0.019110238
2,16,CosineSchedule,md4,forward_backward,8,,,False,,3.0,5.119795,0.01953544
3,16,CosineSchedule,md4,forward_backward,8,,,False,,3.0,5.0894637,0.019322839
4,16,CosineSchedule,md4,forward_backward,8,,,False,,3.0,5.0687046,0.019165358
0,16,CosineSchedule,md4,forward_backward,8,,,False,,4.0,4.707613,0.025409453
1,16,CosineSchedule,md4,forward_backward,8,,,False,,4.0,4.73618,0.025543308
2,16,CosineSchedule,md4,forward_backward,8,,,False,,4.0,4.7426724,0.02480315
3,16,CosineSchedule,md4,forward_backward,8,,,False,,4.0,4.686756,0.026511807
4,16,CosineSchedule,md4,forward_backward,8,,,False,,4.0,4.68916,0.024740161
0,16,CosineSchedule,md4,forward_backward,8,,,False,,5.0,4.3777146,0.032440946
1,16,CosineSchedule,md4,forward_backward,8,,,False,,5.0,4.4086246,0.031834647
2,16,CosineSchedule,md4,forward_backward,8,,,False,,5.0,4.3807116,0.031952765
3,16,CosineSchedule,md4,forward_backward,8,,,False,,5.0,4.4275336,0.031897638
4,16,CosineSchedule,md4,forward_backward,8,,,False,,5.0,4.4156203,0.031590547
0,16,CosineSchedule,md4,forward_backward,8,,,False,,0.01,5.3169394,0.020724408
1,16,CosineSchedule,md4,forward_backward,8,,,False,,0.01,5.2737837,0.020984255
2,16,CosineSchedule,md4,forward_backward,8,,,False,,0.01,5.2997684,0.02066142
3,16,CosineSchedule,md4,forward_backward,8,,,False,,0.01,5.34804,0.020464573
4,16,CosineSchedule,md4,forward_backward,8,,,False,,0.01,5.2644567,0.02087402
0,16,CosineSchedule,md4,forward_backward,8,,,False,,0.1,5.6002803,0.017779531
1,16,CosineSchedule,md4,forward_backward,8,,,False,,0.1,5.5336995,0.017960636
2,16,CosineSchedule,md4,forward_backward,8,,,False,,0.1,5.6152663,0.017433075
3,16,CosineSchedule,md4,forward_backward,8,,,False,,0.1,5.5946503,0.018157488
4,16,CosineSchedule,md4,forward_backward,8,,,False,,0.1,5.6000347,0.017275594
0,16,CosineSchedule,md4,forward_backward,8,,,False,,0.5,6.032898,0.012220476
1,16,CosineSchedule,md4,forward_backward,8,,,False,,0.5,6.002344,0.011732285
2,16,CosineSchedule,md4,forward_backward,8,,,False,,0.5,6.129975,0.012267717
3,16,CosineSchedule,md4,forward_backward,8,,,False,,0.5,6.0580244,0.012559057
4,16,CosineSchedule,md4,forward_backward,8,,,False,,0.5,6.1585836,0.011598427
0,16,CosineSchedule,md4,forward_backward,8,,,False,,1.0,5.9152455,0.011480316
1,16,CosineSchedule,md4,forward_backward,8,,,False,,1.0,5.9256516,0.012000002
2,16,CosineSchedule,md4,forward_backward,8,,,False,,1.0,5.9251027,0.011496063
3,16,CosineSchedule,md4,forward_backward,8,,,False,,1.0,5.9182544,0.0118582705
4,16,CosineSchedule,md4,forward_backward,8,,,False,,1.0,5.9198966,0.011377954
0,16,CosineSchedule,md4,forward_backward,8,,,False,,1.5,5.752809,0.012456694
1,16,CosineSchedule,md4,forward_backward,8,,,False,,1.5,5.6866145,0.013236222
2,16,CosineSchedule,md4,forward_backward,8,,,False,,1.5,5.7453213,0.012669294
3,16,CosineSchedule,md4,forward_backward,8,,,False,,1.5,5.7655063,0.012314962
4,16,CosineSchedule,md4,forward_backward,8,,,False,,1.5,5.6629653,0.012692914
0,16,CosineSchedule,md4,forward_backward,8,,,False,,2.0,5.53729,0.01389764
1,16,CosineSchedule,md4,forward_backward,8,,,False,,2.0,5.417531,0.014889767
2,16,CosineSchedule,md4,forward_backward,8,,,False,,2.0,5.522717,0.014519687
3,16,CosineSchedule,md4,forward_backward,8,,,False,,2.0,5.506561,0.014228346
4,16,CosineSchedule,md4,forward_backward,8,,,False,,2.0,5.374764,0.015220477
0,16,CosineSchedule,md4,forward_backward,8,,,False,,3.0,5.098383,0.018795274
1,16,CosineSchedule,md4,forward_backward,8,,,False,,3.0,5.0870357,0.019110238
2,16,CosineSchedule,md4,forward_backward,8,,,False,,3.0,5.119795,0.01953544
3,16,CosineSchedule,md4,forward_backward,8,,,False,,3.0,5.0894637,0.019322839
4,16,CosineSchedule,md4,forward_backward,8,,,False,,3.0,5.0687046,0.019165358
0,16,CosineSchedule,md4,forward_backward,8,,,False,,4.0,4.707613,0.025409453
1,16,CosineSchedule,md4,forward_backward,8,,,False,,4.0,4.73618,0.025543308
2,16,CosineSchedule,md4,forward_backward,8,,,False,,4.0,4.7426724,0.02480315
3,16,CosineSchedule,md4,forward_backward,8,,,False,,4.0,4.686756,0.026511807
4,16,CosineSchedule,md4,forward_backward,8,,,False,,4.0,4.68916,0.024740161
0,16,CosineSchedule,md4,forward_backward,8,,,False,,5.0,4.3777146,0.032440946
1,16,CosineSchedule,md4,forward_backward,8,,,False,,5.0,4.4086246,0.031834647
2,16,CosineSchedule,md4,forward_backward,8,,,False,,5.0,4.3807116,0.031952765
3,16,CosineSchedule,md4,forward_backward,8,,,False,,5.0,4.4275336,0.031897638
4,16,CosineSchedule,md4,forward_backward,8,,,False,,5.0,4.4156203,0.031590547
0,16,CosineSchedule,md4,none,16,,,False,,,6.827759,0.00903937
1,16,CosineSchedule,md4,none,16,,,False,,,6.79983,0.009362206
2,16,CosineSchedule,md4,none,16,,,False,,,6.7800198,0.009370079
3,16,CosineSchedule,md4,none,16,,,False,,,6.885422,0.009181101
4,16,CosineSchedule,md4,none,16,,,False,,,6.73082,0.009543308
0,16,CosineSchedule,md4,none,16,,,False,,,6.827759,0.00903937
1,16,CosineSchedule,md4,none,16,,,False,,,6.79983,0.009362206
2,16,CosineSchedule,md4,none,16,,,False,,,6.7800198,0.009370079
3,16,CosineSchedule,md4,none,16,,,False,,,6.885422,0.009181101
4,16,CosineSchedule,md4,none,16,,,False,,,6.73082,0.009543308
0,16,CosineSchedule,md4,gibbs,8,1,0.01,True,,,6.5705047,0.016425202
1,16,CosineSchedule,md4,gibbs,8,1,0.01,True,,,6.3488913,0.0174252
2,16,CosineSchedule,md4,gibbs,8,1,0.01,True,,,6.528614,0.017188977
3,16,CosineSchedule,md4,gibbs,8,1,0.01,True,,,6.642794,0.016535435
4,16,CosineSchedule,md4,gibbs,8,1,0.01,True,,,6.483639,0.016582679
0,16,CosineSchedule,md4,gibbs,8,1,0.1,True,,,6.5506654,0.01628347
1,16,CosineSchedule,md4,gibbs,8,1,0.1,True,,,6.358353,0.01699213
2,16,CosineSchedule,md4,gibbs,8,1,0.1,True,,,6.506379,0.017236218
3,16,CosineSchedule,md4,gibbs,8,1,0.1,True,,,6.6184077,0.016503938
4,16,CosineSchedule,md4,gibbs,8,1,0.1,True,,,6.4767494,0.016629925
0,16,CosineSchedule,md4,gibbs,8,1,0.5,True,,,6.4102564,0.017007876
1,16,CosineSchedule,md4,gibbs,8,1,0.5,True,,,6.308215,0.017377956
2,16,CosineSchedule,md4,gibbs,8,1,0.5,True,,,6.4938364,0.016755907
3,16,CosineSchedule,md4,gibbs,8,1,0.5,True,,,6.573879,0.016472444
4,16,CosineSchedule,md4,gibbs,8,1,0.5,True,,,6.481341,0.016275594
0,16,CosineSchedule,md4,gibbs,8,1,1.0,True,,,6.3262987,0.017165357
1,16,CosineSchedule,md4,gibbs,8,1,1.0,True,,,6.1976466,0.017937012
2,16,CosineSchedule,md4,gibbs,8,1,1.0,True,,,6.4652996,0.016881892
3,16,CosineSchedule,md4,gibbs,8,1,1.0,True,,,6.504726,0.016527561
4,16,CosineSchedule,md4,gibbs,8,1,1.0,True,,,6.3748193,0.016944882
0,16,CosineSchedule,md4,gibbs,8,1,2.0,True,,,6.21812,0.017299214
1,16,CosineSchedule,md4,gibbs,8,1,2.0,True,,,6.065776,0.01822835
2,16,CosineSchedule,md4,gibbs,8,1,2.0,True,,,6.2720504,0.01728347
3,16,CosineSchedule,md4,gibbs,8,1,2.0,True,,,6.345115,0.01685827
4,16,CosineSchedule,md4,gibbs,8,1,2.0,True,,,6.2429886,0.017149609
0,16,CosineSchedule,md4,gibbs,8,1,4.0,True,,,6.0568776,0.017007878
1,16,CosineSchedule,md4,gibbs,8,1,4.0,True,,,5.9084196,0.018614175
2,16,CosineSchedule,md4,gibbs,8,1,4.0,True,,,6.125574,0.017125988
3,16,CosineSchedule,md4,gibbs,8,1,4.0,True,,,6.1994486,0.016236221
4,16,CosineSchedule,md4,gibbs,8,1,4.0,True,,,6.0830717,0.01684252
0,16,CosineSchedule,md4,gibbs,8,2,0.01,True,,,6.171649,0.020456694
1,16,CosineSchedule,md4,gibbs,8,2,0.01,True,,,5.997282,0.021551182
2,16,CosineSchedule,md4,gibbs,8,2,0.01,True,,,6.2417707,0.020212604
3,16,CosineSchedule,md4,gibbs,8,2,0.01,True,,,6.23326,0.020267721
4,16,CosineSchedule,md4,gibbs,8,2,0.01,True,,,6.1217656,0.02033071
0,16,CosineSchedule,md4,gibbs,8,2,0.1,True,,,6.1746264,0.02040158
1,16,CosineSchedule,md4,gibbs,8,2,0.1,True,,,6.0026264,0.021480313
2,16,CosineSchedule,md4,gibbs,8,2,0.1,True,,,6.1964464,0.020488193
3,16,CosineSchedule,md4,gibbs,8,2,0.1,True,,,6.237513,0.02007087
4,16,CosineSchedule,md4,gibbs,8,2,0.1,True,,,6.099014,0.02085827
0,16,CosineSchedule,md4,gibbs,8,2,0.5,True,,,6.1785007,0.020551186
1,16,CosineSchedule,md4,gibbs,8,2,0.5,True,,,6.030908,0.021007877
2,16,CosineSchedule,md4,gibbs,8,2,0.5,True,,,6.2078667,0.02075591
3,16,CosineSchedule,md4,gibbs,8,2,0.5,True,,,6.2973533,0.019535434
4,16,CosineSchedule,md4,gibbs,8,2,0.5,True,,,6.1010485,0.02047244
0,16,CosineSchedule,md4,gibbs,8,2,1.0,True,,,6.1582866,0.020984247
1,16,CosineSchedule,md4,gibbs,8,2,1.0,True,,,6.034889,0.021362206
2,16,CosineSchedule,md4,gibbs,8,2,1.0,True,,,6.154142,0.02095276
3,16,CosineSchedule,md4,gibbs,8,2,1.0,True,,,6.2778945,0.019527564
4,16,CosineSchedule,md4,gibbs,8,2,1.0,True,,,6.098723,0.020787407
0,16,CosineSchedule,md4,gibbs,8,2,2.0,True,,,6.119132,0.02034646
1,16,CosineSchedule,md4,gibbs,8,2,2.0,True,,,5.9832654,0.0216063
2,16,CosineSchedule,md4,gibbs,8,2,2.0,True,,,6.098723,0.02145669
3,16,CosineSchedule,md4,gibbs,8,2,2.0,True,,,6.2108784,0.019960633
4,16,CosineSchedule,md4,gibbs,8,2,2.0,True,,,6.0706663,0.020606302
0,16,CosineSchedule,md4,gibbs,8,2,4.0,True,,,6.0116477,0.020685045
1,16,CosineSchedule,md4,gibbs,8,2,4.0,True,,,5.833827,0.022181107
2,16,CosineSchedule,md4,gibbs,8,2,4.0,True,,,5.996439,0.021559063
3,16,CosineSchedule,md4,gibbs,8,2,4.0,True,,,6.0096717,0.020803152
4,16,CosineSchedule,md4,gibbs,8,2,4.0,True,,,5.9196224,0.02140945
0,16,CosineSchedule,md4,gibbs,8,4,0.01,True,,,6.063764,0.02697638
1,16,CosineSchedule,md4,gibbs,8,4,0.01,True,,,5.938573,0.027771655
2,16,CosineSchedule,md4,gibbs,8,4,0.01,True,,,5.9665318,0.028275594
3,16,CosineSchedule,md4,gibbs,8,4,0.01,True,,,6.0920467,0.026787402
4,16,CosineSchedule,md4,gibbs,8,4,0.01,True,,,5.990266,0.028039373
0,16,CosineSchedule,md4,gibbs,8,4,0.1,True,,,6.0414405,0.02699213
1,16,CosineSchedule,md4,gibbs,8,4,0.1,True,,,5.9095106,0.028188977
2,16,CosineSchedule,md4,gibbs,8,4,0.1,True,,,5.986064,0.028181102
3,16,CosineSchedule,md4,gibbs,8,4,0.1,True,,,6.0845175,0.027047245
4,16,CosineSchedule,md4,gibbs,8,4,0.1,True,,,6.0150375,0.027598424
0,16,CosineSchedule,md4,gibbs,8,4,0.5,True,,,5.986624,0.027259845
1,16,CosineSchedule,md4,gibbs,8,4,0.5,True,,,5.934443,0.028007869
2,16,CosineSchedule,md4,gibbs,8,4,0.5,True,,,5.937471,0.028685039
3,16,CosineSchedule,md4,gibbs,8,4,0.5,True,,,6.093207,0.026716534
4,16,CosineSchedule,md4,gibbs,8,4,0.5,True,,,5.9846644,0.028
0,16,CosineSchedule,md4,gibbs,8,4,1.0,True,,,6.0608926,0.026889764
1,16,CosineSchedule,md4,gibbs,8,4,1.0,True,,,5.9899855,0.027251974
2,16,CosineSchedule,md4,gibbs,8,4,1.0,True,,,5.916066,0.028456695
3,16,CosineSchedule,md4,gibbs,8,4,1.0,True,,,6.0946574,0.02677953
4,16,CosineSchedule,md4,gibbs,8,4,1.0,True,,,6.0040336,0.027771657
0,16,CosineSchedule,md4,gibbs,8,4,2.0,True,,,5.988865,0.027566928
1,16,CosineSchedule,md4,gibbs,8,4,2.0,True,,,5.974329,0.027338581
2,16,CosineSchedule,md4,gibbs,8,4,2.0,True,,,5.8864107,0.028055117
3,16,CosineSchedule,md4,gibbs,8,4,2.0,True,,,6.0272164,0.027149612
4,16,CosineSchedule,md4,gibbs,8,4,2.0,True,,,6.052009,0.0267874
0,16,CosineSchedule,md4,gibbs,8,4,4.0,True,,,5.9095106,0.028015755
1,16,CosineSchedule,md4,gibbs,8,4,4.0,True,,,5.831435,0.028015753
2,16,CosineSchedule,md4,gibbs,8,4,4.0,True,,,5.8629537,0.027551185
3,16,CosineSchedule,md4,gibbs,8,4,4.0,True,,,5.94464,0.027165351
4,16,CosineSchedule,md4,gibbs,8,4,4.0,True,,,5.933068,0.027204724
0,16,CosineSchedule,md4,gibbs,8,8,0.01,True,,,5.1748533,0.035125982
1,16,CosineSchedule,md4,gibbs,8,8,0.01,True,,,5.1380863,0.03467716
2,16,CosineSchedule,md4,gibbs,8,8,0.01,True,,,5.2072735,0.034606297
3,16,CosineSchedule,md4,gibbs,8,8,0.01,True,,,5.274218,0.03441733
4,16,CosineSchedule,md4,gibbs,8,8,0.01,True,,,5.231323,0.034724403
0,16,CosineSchedule,md4,gibbs,8,8,0.1,True,,,5.187016,0.034897637
1,16,CosineSchedule,md4,gibbs,8,8,0.1,True,,,5.1354065,0.035385825
2,16,CosineSchedule,md4,gibbs,8,8,0.1,True,,,5.229826,0.03398425
3,16,CosineSchedule,md4,gibbs,8,8,0.1,True,,,5.2726974,0.034425206
4,16,CosineSchedule,md4,gibbs,8,8,0.1,True,,,5.241176,0.03475591
0,16,CosineSchedule,md4,gibbs,8,8,0.5,True,,,5.2172494,0.034362204
1,16,CosineSchedule,md4,gibbs,8,8,0.5,True,,,5.1971254,0.035149615
2,16,CosineSchedule,md4,gibbs,8,8,0.5,True,,,5.243967,0.034141734
3,16,CosineSchedule,md4,gibbs,8,8,0.5,True,,,5.3587875,0.033803154
4,16,CosineSchedule,md4,gibbs,8,8,0.5,True,,,5.259049,0.034834646
0,16,CosineSchedule,md4,gibbs,8,8,1.0,True,,,5.310322,0.03318898
1,16,CosineSchedule,md4,gibbs,8,8,1.0,True,,,5.275522,0.033811025
2,16,CosineSchedule,md4,gibbs,8,8,1.0,True,,,5.3030615,0.03386614
3,16,CosineSchedule,md4,gibbs,8,8,1.0,True,,,5.4637814,0.033181097
4,16,CosineSchedule,md4,gibbs,8,8,1.0,True,,,5.3754406,0.033763777
0,16,CosineSchedule,md4,gibbs,8,8,2.0,True,,,5.459586,0.031645667
1,16,CosineSchedule,md4,gibbs,8,8,2.0,True,,,5.400844,0.033425204
2,16,CosineSchedule,md4,gibbs,8,8,2.0,True,,,5.459586,0.032259844
3,16,CosineSchedule,md4,gibbs,8,8,2.0,True,,,5.5647335,0.03222047
4,16,CosineSchedule,md4,gibbs,8,8,2.0,True,,,5.448663,0.032889765
0,16,CosineSchedule,md4,gibbs,8,8,4.0,True,,,5.5224786,0.031425197
1,16,CosineSchedule,md4,gibbs,8,8,4.0,True,,,5.450752,0.031913392
2,16,CosineSchedule,md4,gibbs,8,8,4.0,True,,,5.4829726,0.03136221
3,16,CosineSchedule,md4,gibbs,8,8,4.0,True,,,5.6577086,0.03054331
4,16,CosineSchedule,md4,gibbs,8,8,4.0,True,,,5.5625567,0.031307086
0,16,CosineSchedule,md4,gibbs,8,16,0.01,True,,,4.119332,0.04678739
1,16,CosineSchedule,md4,gibbs,8,16,0.01,True,,,4.0709877,0.04751181
2,16,CosineSchedule,md4,gibbs,8,16,0.01,True,,,4.147898,0.04631495
3,16,CosineSchedule,md4,gibbs,8,16,0.01,True,,,4.1681595,0.045464568
4,16,CosineSchedule,md4,gibbs,8,16,0.01,True,,,4.0712466,0.04809449
0,16,CosineSchedule,md4,gibbs,8,16,0.1,True,,,4.138243,0.046503942
1,16,CosineSchedule,md4,gibbs,8,16,0.1,True,,,4.064008,0.048039373
2,16,CosineSchedule,md4,gibbs,8,16,0.1,True,,,4.1536865,0.046031494
3,16,CosineSchedule,md4,gibbs,8,16,0.1,True,,,4.180411,0.04512598
4,16,CosineSchedule,md4,gibbs,8,16,0.1,True,,,4.067107,0.048157483
0,16,CosineSchedule,md4,gibbs,8,16,0.5,True,,,4.1935587,0.046078727
1,16,CosineSchedule,md4,gibbs,8,16,0.5,True,,,4.1143003,0.04726771
2,16,CosineSchedule,md4,gibbs,8,16,0.5,True,,,4.2219143,0.044952754
3,16,CosineSchedule,md4,gibbs,8,16,0.5,True,,,4.236587,0.04497638
4,16,CosineSchedule,md4,gibbs,8,16,0.5,True,,,4.1488395,0.046850387
0,16,CosineSchedule,md4,gibbs,8,16,1.0,True,,,4.2809362,0.045535434
1,16,CosineSchedule,md4,gibbs,8,16,1.0,True,,,4.2406573,0.046133857
2,16,CosineSchedule,md4,gibbs,8,16,1.0,True,,,4.301654,0.04438582
3,16,CosineSchedule,md4,gibbs,8,16,1.0,True,,,4.3799615,0.043039367
4,16,CosineSchedule,md4,gibbs,8,16,1.0,True,,,4.288682,0.045094483
0,16,CosineSchedule,md4,gibbs,8,16,2.0,True,,,4.5089474,0.04145669
1,16,CosineSchedule,md4,gibbs,8,16,2.0,True,,,4.457445,0.04268504
2,16,CosineSchedule,md4,gibbs,8,16,2.0,True,,,4.507836,0.041283473
3,16,CosineSchedule,md4,gibbs,8,16,2.0,True,,,4.59094,0.0406378
4,16,CosineSchedule,md4,gibbs,8,16,2.0,True,,,4.4953294,0.042598423
0,16,CosineSchedule,md4,gibbs,8,16,4.0,True,,,4.693803,0.038574807
1,16,CosineSchedule,md4,gibbs,8,16,4.0,True,,,4.6674447,0.039291345
2,16,CosineSchedule,md4,gibbs,8,16,4.0,True,,,4.7509465,0.037559062
3,16,CosineSchedule,md4,gibbs,8,16,4.0,True,,,4.8176446,0.03708661
4,16,CosineSchedule,md4,gibbs,8,16,4.0,True,,,4.726212,0.038393706
0,16,CosineSchedule,md4,gibbs,8,1,0.01,False,,,7.839294,0.00062204717
1,16,CosineSchedule,md4,gibbs,8,1,0.01,False,,,7.644073,0.0005039369
2,16,CosineSchedule,md4,gibbs,8,1,0.01,False,,,7.862891,0.0006220471
3,16,CosineSchedule,md4,gibbs,8,1,0.01,False,,,7.959704,0.00059055106
4,16,CosineSchedule,md4,gibbs,8,1,0.01,False,,,7.7632213,0.00059842505
0,16,CosineSchedule,md4,gibbs,8,1,0.1,False,,,7.76228,0.0006456692
1,16,CosineSchedule,md4,gibbs,8,1,0.1,False,,,7.6254025,0.000543307
2,16,CosineSchedule,md4,gibbs,8,1,0.1,False,,,7.833058,0.0006220471
3,16,CosineSchedule,md4,gibbs,8,1,0.1,False,,,7.9075804,0.00057480304
4,16,CosineSchedule,md4,gibbs,8,1,0.1,False,,,7.763693,0.000566929
0,16,CosineSchedule,md4,gibbs,8,1,0.5,False,,,7.6018524,0.00068503927
1,16,CosineSchedule,md4,gibbs,8,1,0.5,False,,,7.4994144,0.00053543295
2,16,CosineSchedule,md4,gibbs,8,1,0.5,False,,,7.7524076,0.000606299
3,16,CosineSchedule,md4,gibbs,8,1,0.5,False,,,7.782101,0.00061417307
4,16,CosineSchedule,md4,gibbs,8,1,0.5,False,,,7.674782,0.000582677
0,16,CosineSchedule,md4,gibbs,8,1,1.0,False,,,7.391154,0.0006535431
1,16,CosineSchedule,md4,gibbs,8,1,1.0,False,,,7.3134503,0.00055118103
2,16,CosineSchedule,md4,gibbs,8,1,1.0,False,,,7.5373926,0.000606299
3,16,CosineSchedule,md4,gibbs,8,1,1.0,False,,,7.569038,0.000551181
4,16,CosineSchedule,md4,gibbs,8,1,1.0,False,,,7.4293337,0.00063779514
0,16,CosineSchedule,md4,gibbs,8,1,2.0,False,,,7.09495,0.00059842505
1,16,CosineSchedule,md4,gibbs,8,1,2.0,False,,,7.0663576,0.00048031486
2,16,CosineSchedule,md4,gibbs,8,1,2.0,False,,,7.2570586,0.00066141714
3,16,CosineSchedule,md4,gibbs,8,1,2.0,False,,,7.2406383,0.00057480304
4,16,CosineSchedule,md4,gibbs,8,1,2.0,False,,,7.119417,0.0006692912
0,16,CosineSchedule,md4,gibbs,8,1,4.0,False,,,6.744652,0.00061417307
1,16,CosineSchedule,md4,gibbs,8,1,4.0,False,,,6.668056,0.0005039369
2,16,CosineSchedule,md4,gibbs,8,1,4.0,False,,,6.8485823,0.00076377933
3,16,CosineSchedule,md4,gibbs,8,1,4.0,False,,,6.825938,0.00057480304
4,16,CosineSchedule,md4,gibbs,8,1,4.0,False,,,6.731174,0.00067716517
0,16,CosineSchedule,md4,gibbs,8,2,0.01,False,,,7.616781,0.0007480313
1,16,CosineSchedule,md4,gibbs,8,2,0.01,False,,,7.463557,0.0006220471
2,16,CosineSchedule,md4,gibbs,8,2,0.01,False,,,7.6867642,0.0008582674
3,16,CosineSchedule,md4,gibbs,8,2,0.01,False,,,7.6720214,0.0008110234
4,16,CosineSchedule,md4,gibbs,8,2,0.01,False,,,7.552514,0.00074015727
0,16,CosineSchedule,md4,gibbs,8,2,0.1,False,,,7.6231313,0.00075590535
1,16,CosineSchedule,md4,gibbs,8,2,0.1,False,,,7.457469,0.00066141714
2,16,CosineSchedule,md4,gibbs,8,2,0.1,False,,,7.640878,0.00092913356
3,16,CosineSchedule,md4,gibbs,8,2,0.1,False,,,7.658251,0.00077165326
4,16,CosineSchedule,md4,gibbs,8,2,0.1,False,,,7.555188,0.0007322832
0,16,CosineSchedule,md4,gibbs,8,2,0.5,False,,,7.601402,0.00079527544
1,16,CosineSchedule,md4,gibbs,8,2,0.5,False,,,7.42072,0.0006456691
2,16,CosineSchedule,md4,gibbs,8,2,0.5,False,,,7.660084,0.0008897635
3,16,CosineSchedule,md4,gibbs,8,2,0.5,False,,,7.6821513,0.0007559053
4,16,CosineSchedule,md4,gibbs,8,2,0.5,False,,,7.5055704,0.00065354316
0,16,CosineSchedule,md4,gibbs,8,2,1.0,False,,,7.512178,0.0007165353
1,16,CosineSchedule,md4,gibbs,8,2,1.0,False,,,7.383054,0.0006062991
2,16,CosineSchedule,md4,gibbs,8,2,1.0,False,,,7.5717244,0.0007716533
3,16,CosineSchedule,md4,gibbs,8,2,1.0,False,,,7.5959883,0.0006456691
4,16,CosineSchedule,md4,gibbs,8,2,1.0,False,,,7.4831924,0.0006614172
0,16,CosineSchedule,md4,gibbs,8,2,2.0,False,,,7.3230734,0.000566929
1,16,CosineSchedule,md4,gibbs,8,2,2.0,False,,,7.1914153,0.00059055106
2,16,CosineSchedule,md4,gibbs,8,2,2.0,False,,,7.3419757,0.00074803125
3,16,CosineSchedule,md4,gibbs,8,2,2.0,False,,,7.312614,0.00061417307
4,16,CosineSchedule,md4,gibbs,8,2,2.0,False,,,7.2619996,0.0007086612
0,16,CosineSchedule,md4,gibbs,8,2,4.0,False,,,6.9987426,0.000543307
1,16,CosineSchedule,md4,gibbs,8,2,4.0,False,,,6.8223004,0.000566929
2,16,CosineSchedule,md4,gibbs,8,2,4.0,False,,,7.0546737,0.00071653526
3,16,CosineSchedule,md4,gibbs,8,2,4.0,False,,,6.976237,0.000582677
4,16,CosineSchedule,md4,gibbs,8,2,4.0,False,,,6.906599,0.0007480313
0,16,CosineSchedule,md4,gibbs,8,4,0.01,False,,,8.037172,0.0015590547
1,16,CosineSchedule,md4,gibbs,8,4,0.01,False,,,7.884687,0.0015826768
2,16,CosineSchedule,md4,gibbs,8,4,0.01,False,,,7.9666395,0.0016850389
3,16,CosineSchedule,md4,gibbs,8,4,0.01,False,,,8.014526,0.0018740152
4,16,CosineSchedule,md4,gibbs,8,4,0.01,False,,,8.00901,0.0014881886
0,16,CosineSchedule,md4,gibbs,8,4,0.1,False,,,8.010012,0.0015275587
1,16,CosineSchedule,md4,gibbs,8,4,0.1,False,,,7.8759537,0.0015511807
2,16,CosineSchedule,md4,gibbs,8,4,0.1,False,,,8.011015,0.0017874009
3,16,CosineSchedule,md4,gibbs,8,4,0.1,False,,,7.9900126,0.0019133852
4,16,CosineSchedule,md4,gibbs,8,4,0.1,False,,,8.003502,0.0015984246
0,16,CosineSchedule,md4,gibbs,8,4,0.5,False,,,7.966143,0.0014094485
1,16,CosineSchedule,md4,gibbs,8,4,0.5,False,,,8.0,0.0014251965
2,16,CosineSchedule,md4,gibbs,8,4,0.5,False,,,7.95278,0.0015590546
3,16,CosineSchedule,md4,gibbs,8,4,0.5,False,,,8.034145,0.0014724405
4,16,CosineSchedule,md4,gibbs,8,4,0.5,False,,,8.069092,0.0014803145
0,16,CosineSchedule,md4,gibbs,8,4,1.0,False,,,8.047784,0.0010472438
1,16,CosineSchedule,md4,gibbs,8,4,1.0,False,,,7.9370003,0.0009527556
2,16,CosineSchedule,md4,gibbs,8,4,1.0,False,,,7.9478416,0.001173228
3,16,CosineSchedule,md4,gibbs,8,4,1.0,False,,,8.047278,0.0010787398
4,16,CosineSchedule,md4,gibbs,8,4,1.0,False,,,8.059946,0.0010708658
0,16,CosineSchedule,md4,gibbs,8,4,2.0,False,,,7.808211,0.0008740155
1,16,CosineSchedule,md4,gibbs,8,4,2.0,False,,,7.739283,0.0008031495
2,16,CosineSchedule,md4,gibbs,8,4,2.0,False,,,7.7632213,0.0008661415
3,16,CosineSchedule,md4,gibbs,8,4,2.0,False,,,7.859029,0.0008031494
4,16,CosineSchedule,md4,gibbs,8,4,2.0,False,,,7.8585463,0.0007952754
0,16,CosineSchedule,md4,gibbs,8,4,4.0,False,,,7.3992715,0.00074015727
1,16,CosineSchedule,md4,gibbs,8,4,4.0,False,,,7.332722,0.00073228334
2,16,CosineSchedule,md4,gibbs,8,4,4.0,False,,,7.424164,0.00074015727
3,16,CosineSchedule,md4,gibbs,8,4,4.0,False,,,7.391581,0.00082677155
4,16,CosineSchedule,md4,gibbs,8,4,4.0,False,,,7.409123,0.00076377933
0,16,CosineSchedule,md4,gibbs,8,8,0.01,False,,,6.8226643,0.0042204713
1,16,CosineSchedule,md4,gibbs,8,8,0.01,False,,,6.7592545,0.004173227
2,16,CosineSchedule,md4,gibbs,8,8,0.01,False,,,6.8828306,0.0042913374
3,16,CosineSchedule,md4,gibbs,8,8,0.01,False,,,6.9403024,0.004338581
4,16,CosineSchedule,md4,gibbs,8,8,0.01,False,,,6.865848,0.0045275576
0,16,CosineSchedule,md4,gibbs,8,8,0.1,False,,,6.8544497,0.0040314947
1,16,CosineSchedule,md4,gibbs,8,8,0.1,False,,,6.807424,0.004204723
2,16,CosineSchedule,md4,gibbs,8,8,0.1,False,,,6.8676896,0.0042992113
3,16,CosineSchedule,md4,gibbs,8,8,0.1,False,,,6.9739566,0.0043228334
4,16,CosineSchedule,md4,gibbs,8,8,0.1,False,,,6.918171,0.0045275576
0,16,CosineSchedule,md4,gibbs,8,8,0.5,False,,,7.098885,0.0033149596
1,16,CosineSchedule,md4,gibbs,8,8,0.5,False,,,7.037607,0.003566928
2,16,CosineSchedule,md4,gibbs,8,8,0.5,False,,,7.0918055,0.003582676
3,16,CosineSchedule,md4,gibbs,8,8,0.5,False,,,7.230005,0.003559054
4,16,CosineSchedule,md4,gibbs,8,8,0.5,False,,,7.21696,0.0033700778
0,16,CosineSchedule,md4,gibbs,8,8,1.0,False,,,7.376246,0.0021181095
1,16,CosineSchedule,md4,gibbs,8,8,1.0,False,,,7.3297825,0.0022755899
2,16,CosineSchedule,md4,gibbs,8,8,1.0,False,,,7.380499,0.0022677158
3,16,CosineSchedule,md4,gibbs,8,8,1.0,False,,,7.498535,0.0021811016
4,16,CosineSchedule,md4,gibbs,8,8,1.0,False,,,7.4500904,0.0022598421
0,16,CosineSchedule,md4,gibbs,8,8,2.0,False,,,7.4509573,0.0014015745
1,16,CosineSchedule,md4,gibbs,8,8,2.0,False,,,7.4005547,0.0014488185
2,16,CosineSchedule,md4,gibbs,8,8,2.0,False,,,7.4237328,0.0015433066
3,16,CosineSchedule,md4,gibbs,8,8,2.0,False,,,7.552068,0.0014960626
4,16,CosineSchedule,md4,gibbs,8,8,2.0,False,,,7.4866934,0.0015590547
0,16,CosineSchedule,md4,gibbs,8,8,4.0,False,,,7.255824,0.0011023618
1,16,CosineSchedule,md4,gibbs,8,8,4.0,False,,,7.180926,0.001173228
2,16,CosineSchedule,md4,gibbs,8,8,4.0,False,,,7.209237,0.00111811
3,16,CosineSchedule,md4,gibbs,8,8,4.0,False,,,7.2847304,0.00111811
4,16,CosineSchedule,md4,gibbs,8,8,4.0,False,,,7.2830725,0.0013779524
0,16,CosineSchedule,md4,gibbs,8,16,0.01,False,,,5.147591,0.011889764
1,16,CosineSchedule,md4,gibbs,8,16,0.01,False,,,5.108149,0.011850394
2,16,CosineSchedule,md4,gibbs,8,16,0.01,False,,,5.1635804,0.011748032
3,16,CosineSchedule,md4,gibbs,8,16,0.01,False,,,5.1863856,0.011377955
4,16,CosineSchedule,md4,gibbs,8,16,0.01,False,,,5.1101885,0.012141735
0,16,CosineSchedule,md4,gibbs,8,16,0.1,False,,,5.1929083,0.011763781
1,16,CosineSchedule,md4,gibbs,8,16,0.1,False,,,5.142834,0.011787402
2,16,CosineSchedule,md4,gibbs,8,16,0.1,False,,,5.182186,0.0116771655
3,16,CosineSchedule,md4,gibbs,8,16,0.1,False,,,5.233675,0.011283467
4,16,CosineSchedule,md4,gibbs,8,16,0.1,False,,,5.09818,0.011913387
0,16,CosineSchedule,md4,gibbs,8,16,0.5,False,,,5.5579677,0.008811022
1,16,CosineSchedule,md4,gibbs,8,16,0.5,False,,,5.4796867,0.008944882
2,16,CosineSchedule,md4,gibbs,8,16,0.5,False,,,5.5282025,0.009125983
3,16,CosineSchedule,md4,gibbs,8,16,0.5,False,,,5.6268682,0.008622046
4,16,CosineSchedule,md4,gibbs,8,16,0.5,False,,,5.535614,0.009070864
0,16,CosineSchedule,md4,gibbs,8,16,1.0,False,,,6.021546,0.004858266
1,16,CosineSchedule,md4,gibbs,8,16,1.0,False,,,5.9193487,0.00494488
2,16,CosineSchedule,md4,gibbs,8,16,1.0,False,,,6.0167346,0.0049291323
3,16,CosineSchedule,md4,gibbs,8,16,1.0,False,,,6.10454,0.004913384
4,16,CosineSchedule,md4,gibbs,8,16,1.0,False,,,6.0232453,0.0051023606
0,16,CosineSchedule,md4,gibbs,8,16,2.0,False,,,6.245121,0.0034645658
1,16,CosineSchedule,md4,gibbs,8,16,2.0,False,,,6.2250757,0.0032362193
2,16,CosineSchedule,md4,gibbs,8,16,2.0,False,,,6.313505,0.0031338574
3,16,CosineSchedule,md4,gibbs,8,16,2.0,False,,,6.3504663,0.003086613
4,16,CosineSchedule,md4,gibbs,8,16,2.0,False,,,6.2822084,0.0031181092
0,16,CosineSchedule,md4,gibbs,8,16,4.0,False,,,6.2484746,0.0026062985
1,16,CosineSchedule,md4,gibbs,8,16,4.0,False,,,6.25061,0.0024566923
2,16,CosineSchedule,md4,gibbs,8,16,4.0,False,,,6.3216124,0.0025511803
3,16,CosineSchedule,md4,gibbs,8,16,4.0,False,,,6.3593006,0.002377952
4,16,CosineSchedule,md4,gibbs,8,16,4.0,False,,,6.257944,0.0025275585
0,16,CosineSchedule,maskgit,none,16,,,True,0.01,,13.136289,0.016582679
1,16,CosineSchedule,maskgit,none,16,,,True,0.01,,13.223141,0.016960634
2,16,CosineSchedule,maskgit,none,16,,,True,0.01,,13.066557,0.017078742
3,16,CosineSchedule,maskgit,none,16,,,True,0.01,,12.890232,0.017354337
4,16,CosineSchedule,maskgit,none,16,,,True,0.01,,12.946293,0.017606303
0,16,CosineSchedule,maskgit,none,16,,,True,0.1,,13.500685,0.01577953
1,16,CosineSchedule,maskgit,none,16,,,True,0.1,,13.219044,0.016629925
2,16,CosineSchedule,maskgit,none,16,,,True,0.1,,13.163308,0.016511813
3,16,CosineSchedule,maskgit,none,16,,,True,0.1,,13.245033,0.016149605
4,16,CosineSchedule,maskgit,none,16,,,True,0.1,,13.389122,0.016472444
0,16,CosineSchedule,maskgit,none,16,,,True,0.5,,17.24835,0.001787401
1,16,CosineSchedule,maskgit,none,16,,,True,0.5,,16.958134,0.0020944874
2,16,CosineSchedule,maskgit,none,16,,,True,0.5,,17.36535,0.0016850389
3,16,CosineSchedule,maskgit,none,16,,,True,0.5,,17.250673,0.0019527553
4,16,CosineSchedule,maskgit,none,16,,,True,0.5,,17.048481,0.0019291333
0,16,CosineSchedule,maskgit,none,16,,,True,1.0,,12.894128,0.0012677162
1,16,CosineSchedule,maskgit,none,16,,,True,1.0,,12.784659,0.0012834643
2,16,CosineSchedule,maskgit,none,16,,,True,1.0,,12.803842,0.0012913382
3,16,CosineSchedule,maskgit,none,16,,,True,1.0,,12.9764805,0.0012913382
4,16,CosineSchedule,maskgit,none,16,,,True,1.0,,12.815378,0.0009842516
0,16,CosineSchedule,maskgit,none,16,,,True,2.0,,10.55409,0.002267716
1,16,CosineSchedule,maskgit,none,16,,,True,2.0,,10.486646,0.0022992122
2,16,CosineSchedule,maskgit,none,16,,,True,2.0,,10.679126,0.00227559
3,16,CosineSchedule,maskgit,none,16,,,True,2.0,,10.536715,0.0022834637
4,16,CosineSchedule,maskgit,none,16,,,True,2.0,,10.581136,0.0020629915
0,16,CosineSchedule,maskgit,none,16,,,True,4.0,,9.074796,0.0038818885
1,16,CosineSchedule,maskgit,none,16,,,True,4.0,,9.145471,0.0038818885
2,16,CosineSchedule,maskgit,none,16,,,True,4.0,,9.253904,0.0039291326
3,16,CosineSchedule,maskgit,none,16,,,True,4.0,,9.131769,0.00362992
4,16,CosineSchedule,maskgit,none,16,,,True,4.0,,9.13894,0.003543306
0,16,CosineSchedule,maskgit,none,16,,,False,0.01,,13.083921,0.016393702
1,16,CosineSchedule,maskgit,none,16,,,False,0.01,,13.114754,0.016968507
2,16,CosineSchedule,maskgit,none,16,,,False,0.01,,12.964651,0.017118113
3,16,CosineSchedule,maskgit,none,16,,,False,0.01,,12.842381,0.017299216
4,16,CosineSchedule,maskgit,none,16,,,False,0.01,,12.930599,0.017488189
0,16,CosineSchedule,maskgit,none,16,,,False,0.1,,17.616295,0.007874013
1,16,CosineSchedule,maskgit,none,16,,,False,0.1,,17.558298,0.007606297
2,16,CosineSchedule,maskgit,none,16,,,False,0.1,,17.42682,0.0077165333
3,16,CosineSchedule,maskgit,none,16,,,False,0.1,,17.500683,0.0078031467
4,16,CosineSchedule,maskgit,none,16,,,False,0.1,,17.762976,0.0073858243
0,16,CosineSchedule,maskgit,none,16,,,False,0.5,,13.714775,0.0018425192
1,16,CosineSchedule,maskgit,none,16,,,False,0.5,,13.688375,0.0020157474
2,16,CosineSchedule,maskgit,none,16,,,False,0.5,,13.298701,0.0021496057
3,16,CosineSchedule,maskgit,none,16,,,False,0.5,,13.803515,0.0018897632
4,16,CosineSchedule,maskgit,none,16,,,False,0.5,,13.589553,0.001708661
0,16,CosineSchedule,maskgit,none,16,,,False,1.0,,10.742762,0.003574802
1,16,CosineSchedule,maskgit,none,16,,,False,1.0,,10.749979,0.0033149596
2,16,CosineSchedule,maskgit,none,16,,,False,1.0,,10.883429,0.0032755896
3,16,CosineSchedule,maskgit,none,16,,,False,1.0,,10.865874,0.0031653536
4,16,CosineSchedule,maskgit,none,16,,,False,1.0,,10.79167,0.0030944874
0,16,CosineSchedule,maskgit,none,16,,,False,2.0,,9.135679,0.0049606287
1,16,CosineSchedule,maskgit,none,16,,,False,2.0,,9.234543,0.004913384
2,16,CosineSchedule,maskgit,none,16,,,False,2.0,,9.336251,0.004889762
3,16,CosineSchedule,maskgit,none,16,,,False,2.0,,9.255912,0.0046614157
4,16,CosineSchedule,maskgit,none,16,,,False,2.0,,9.233211,0.0044409432
0,16,CosineSchedule,maskgit,none,16,,,False,4.0,,8.284789,0.0060629905
1,16,CosineSchedule,maskgit,none,16,,,False,4.0,,8.31871,0.006149604
2,16,CosineSchedule,maskgit,none,16,,,False,4.0,,8.3682,0.00594488
3,16,CosineSchedule,maskgit,none,16,,,False,4.0,,8.23893,0.0059999977
4,16,CosineSchedule,maskgit,none,16,,,False,4.0,,8.306834,0.0057322816
0,32,CosineSchedule,md4,forward_backward,16,,,False,,0.01,6.8706384,0.008937006
1,32,CosineSchedule,md4,forward_backward,16,,,False,,0.01,6.825211,0.009149605
2,32,CosineSchedule,md4,forward_backward,16,,,False,,0.01,6.795498,0.009299213
3,32,CosineSchedule,md4,forward_backward,16,,,False,,0.01,6.8743286,0.0091811
4,32,CosineSchedule,md4,forward_backward,16,,,False,,0.01,6.778584,0.009330708
0,32,CosineSchedule,md4,forward_backward,16,,,False,,0.1,7.079646,0.00798425
1,32,CosineSchedule,md4,forward_backward,16,,,False,,0.1,7.0410914,0.007803147
2,32,CosineSchedule,md4,forward_backward,16,,,False,,0.1,6.996447,0.0077480287
3,32,CosineSchedule,md4,forward_backward,16,,,False,,0.1,6.9903336,0.008007872
4,32,CosineSchedule,md4,forward_backward,16,,,False,,0.1,6.9949174,0.007905509
0,32,CosineSchedule,md4,forward_backward,16,,,False,,0.5,7.470526,0.0051181084
1,32,CosineSchedule,md4,forward_backward,16,,,False,,0.5,7.4224415,0.005354329
2,32,CosineSchedule,md4,forward_backward,16,,,False,,0.5,7.4414277,0.0053464547
3,32,CosineSchedule,md4,forward_backward,16,,,False,,0.5,7.5560803,0.0051889746
4,32,CosineSchedule,md4,forward_backward,16,,,False,,0.5,7.310526,0.005685038
0,32,CosineSchedule,md4,forward_backward,16,,,False,,1.0,7.1946487,0.0052362187
1,32,CosineSchedule,md4,forward_backward,16,,,False,,1.0,7.2455564,0.005338581
2,32,CosineSchedule,md4,forward_backward,16,,,False,,1.0,7.2599397,0.005401573
3,32,CosineSchedule,md4,forward_backward,16,,,False,,1.0,7.218588,0.0055039357
4,32,CosineSchedule,md4,forward_backward,16,,,False,,1.0,7.1813283,0.005401573
0,32,CosineSchedule,md4,forward_backward,16,,,False,,1.5,6.8813505,0.0058110217
1,32,CosineSchedule,md4,forward_backward,16,,,False,,1.5,6.9640913,0.0061889743
2,32,CosineSchedule,md4,forward_backward,16,,,False,,1.5,6.9968295,0.0058897617
3,32,CosineSchedule,md4,forward_backward,16,,,False,,1.5,6.93955,0.006165352
4,32,CosineSchedule,md4,forward_backward,16,,,False,,1.5,6.9523654,0.0059212577
0,32,CosineSchedule,md4,forward_backward,16,,,False,,2.0,6.5550265,0.006637793
1,32,CosineSchedule,md4,forward_backward,16,,,False,,2.0,6.5863953,0.0072362176
2,32,CosineSchedule,md4,forward_backward,16,,,False,,2.0,6.719866,0.0065118093
3,32,CosineSchedule,md4,forward_backward,16,,,False,,2.0,6.589446,0.0072519663
4,32,CosineSchedule,md4,forward_backward,16,,,False,,2.0,6.6966624,0.0070866123
0,32,CosineSchedule,md4,forward_backward,16,,,False,,3.0,6.20125,0.008456692
1,32,CosineSchedule,md4,forward_backward,16,,,False,,3.0,6.176116,0.008566928
2,32,CosineSchedule,md4,forward_backward,16,,,False,,3.0,6.235082,0.008913386
3,32,CosineSchedule,md4,forward_backward,16,,,False,,3.0,6.261006,0.008716534
4,32,CosineSchedule,md4,forward_backward,16,,,False,,3.0,6.2567215,0.008582677
0,32,CosineSchedule,md4,forward_backward,16,,,False,,4.0,5.916066,0.011181102
1,32,CosineSchedule,md4,forward_backward,16,,,False,,4.0,5.9130597,0.010480315
2,32,CosineSchedule,md4,forward_backward,16,,,False,,4.0,5.861074,0.010787403
3,32,CosineSchedule,md4,forward_backward,16,,,False,,4.0,5.8279834,0.010740157
4,32,CosineSchedule,md4,forward_backward,16,,,False,,4.0,5.812897,0.01144882
0,32,CosineSchedule,md4,forward_backward,16,,,False,,5.0,5.635291,0.013102365
1,32,CosineSchedule,md4,forward_backward,16,,,False,,5.0,5.63678,0.0136929145
2,32,CosineSchedule,md4,forward_backward,16,,,False,,5.0,5.587324,0.013685041
3,32,CosineSchedule,md4,forward_backward,16,,,False,,5.0,5.6147738,0.013417326
4,32,CosineSchedule,md4,forward_backward,16,,,False,,5.0,5.614281,0.012960632
0,32,CosineSchedule,md4,forward_backward,16,,,False,,0.01,6.8706384,0.008937006
1,32,CosineSchedule,md4,forward_backward,16,,,False,,0.01,6.825211,0.009149605
2,32,CosineSchedule,md4,forward_backward,16,,,False,,0.01,6.795498,0.009299213
3,32,CosineSchedule,md4,forward_backward,16,,,False,,0.01,6.8743286,0.0091811
4,32,CosineSchedule,md4,forward_backward,16,,,False,,0.01,6.778584,0.009330708
0,32,CosineSchedule,md4,forward_backward,16,,,False,,0.1,7.079646,0.00798425
1,32,CosineSchedule,md4,forward_backward,16,,,False,,0.1,7.0410914,0.007803147
2,32,CosineSchedule,md4,forward_backward,16,,,False,,0.1,6.996447,0.0077480287
3,32,CosineSchedule,md4,forward_backward,16,,,False,,0.1,6.9903336,0.008007872
4,32,CosineSchedule,md4,forward_backward,16,,,False,,0.1,6.9949174,0.007905509
0,32,CosineSchedule,md4,forward_backward,16,,,False,,0.5,7.470526,0.0051181084
1,32,CosineSchedule,md4,forward_backward,16,,,False,,0.5,7.4224415,0.005354329
2,32,CosineSchedule,md4,forward_backward,16,,,False,,0.5,7.4414277,0.0053464547
3,32,CosineSchedule,md4,forward_backward,16,,,False,,0.5,7.5560803,0.0051889746
4,32,CosineSchedule,md4,forward_backward,16,,,False,,0.5,7.310526,0.005685038
0,32,CosineSchedule,md4,forward_backward,16,,,False,,1.0,7.1946487,0.0052362187
1,32,CosineSchedule,md4,forward_backward,16,,,False,,1.0,7.2455564,0.005338581
2,32,CosineSchedule,md4,forward_backward,16,,,False,,1.0,7.2599397,0.005401573
3,32,CosineSchedule,md4,forward_backward,16,,,False,,1.0,7.218588,0.0055039357
4,32,CosineSchedule,md4,forward_backward,16,,,False,,1.0,7.1813283,0.005401573
0,32,CosineSchedule,md4,forward_backward,16,,,False,,1.5,6.8813505,0.0058110217
1,32,CosineSchedule,md4,forward_backward,16,,,False,,1.5,6.9640913,0.0061889743
2,32,CosineSchedule,md4,forward_backward,16,,,False,,1.5,6.9968295,0.0058897617
3,32,CosineSchedule,md4,forward_backward,16,,,False,,1.5,6.93955,0.006165352
4,32,CosineSchedule,md4,forward_backward,16,,,False,,1.5,6.9523654,0.0059212577
0,32,CosineSchedule,md4,forward_backward,16,,,False,,2.0,6.5550265,0.006637793
1,32,CosineSchedule,md4,forward_backward,16,,,False,,2.0,6.5863953,0.0072362176
2,32,CosineSchedule,md4,forward_backward,16,,,False,,2.0,6.719866,0.0065118093
3,32,CosineSchedule,md4,forward_backward,16,,,False,,2.0,6.589446,0.0072519663
4,32,CosineSchedule,md4,forward_backward,16,,,False,,2.0,6.6966624,0.0070866123
0,32,CosineSchedule,md4,forward_backward,16,,,False,,3.0,6.20125,0.008456692
1,32,CosineSchedule,md4,forward_backward,16,,,False,,3.0,6.176116,0.008566928
2,32,CosineSchedule,md4,forward_backward,16,,,False,,3.0,6.235082,0.008913386
3,32,CosineSchedule,md4,forward_backward,16,,,False,,3.0,6.261006,0.008716534
4,32,CosineSchedule,md4,forward_backward,16,,,False,,3.0,6.2567215,0.008582677
0,32,CosineSchedule,md4,forward_backward,16,,,False,,4.0,5.916066,0.011181102
1,32,CosineSchedule,md4,forward_backward,16,,,False,,4.0,5.9130597,0.010480315
2,32,CosineSchedule,md4,forward_backward,16,,,False,,4.0,5.861074,0.010787403
3,32,CosineSchedule,md4,forward_backward,16,,,False,,4.0,5.8279834,0.010740157
4,32,CosineSchedule,md4,forward_backward,16,,,False,,4.0,5.812897,0.01144882
0,32,CosineSchedule,md4,forward_backward,16,,,False,,5.0,5.635291,0.013102365
1,32,CosineSchedule,md4,forward_backward,16,,,False,,5.0,5.63678,0.0136929145
2,32,CosineSchedule,md4,forward_backward,16,,,False,,5.0,5.587324,0.013685041
3,32,CosineSchedule,md4,forward_backward,16,,,False,,5.0,5.6147738,0.013417326
4,32,CosineSchedule,md4,forward_backward,16,,,False,,5.0,5.614281,0.012960632
0,32,CosineSchedule,md4,none,32,,,False,,,8.049302,0.004307085
1,32,CosineSchedule,md4,none,32,,,False,,,7.885172,0.0043543293
2,32,CosineSchedule,md4,none,32,,,False,,,7.808687,0.0045118094
3,32,CosineSchedule,md4,none,32,,,False,,,7.872563,0.004338581
4,32,CosineSchedule,md4,none,32,,,False,,,7.9755754,0.0044015734
0,32,CosineSchedule,md4,none,32,,,False,,,8.049302,0.004307085
1,32,CosineSchedule,md4,none,32,,,False,,,7.885172,0.0043543293
2,32,CosineSchedule,md4,none,32,,,False,,,7.808687,0.0045118094
3,32,CosineSchedule,md4,none,32,,,False,,,7.872563,0.004338581
4,32,CosineSchedule,md4,none,32,,,False,,,7.9755754,0.0044015734
0,32,CosineSchedule,md4,gibbs,16,1,0.01,True,,,8.700972,0.017181106
1,32,CosineSchedule,md4,gibbs,16,1,0.01,True,,,8.540166,0.018023625
2,32,CosineSchedule,md4,gibbs,16,1,0.01,True,,,8.732432,0.017220473
3,32,CosineSchedule,md4,gibbs,16,1,0.01,True,,,8.721723,0.017535435
4,32,CosineSchedule,md4,gibbs,16,1,0.01,True,,,8.595219,0.017905515
0,32,CosineSchedule,md4,gibbs,16,1,0.1,True,,,8.618368,0.017551182
1,32,CosineSchedule,md4,gibbs,16,1,0.1,True,,,8.495388,0.01797638
2,32,CosineSchedule,md4,gibbs,16,1,0.1,True,,,8.7491455,0.016968504
3,32,CosineSchedule,md4,gibbs,16,1,0.1,True,,,8.756927,0.01764567
4,32,CosineSchedule,md4,gibbs,16,1,0.1,True,,,8.536749,0.017716538
0,32,CosineSchedule,md4,gibbs,16,1,0.5,True,,,8.486938,0.01774016
1,32,CosineSchedule,md4,gibbs,16,1,0.5,True,,,8.349097,0.017842524
2,32,CosineSchedule,md4,gibbs,16,1,0.5,True,,,8.472894,0.01772441
3,32,CosineSchedule,md4,gibbs,16,1,0.5,True,,,8.500464,0.017779533
4,32,CosineSchedule,md4,gibbs,16,1,0.5,True,,,8.380254,0.01789764
0,32,CosineSchedule,md4,gibbs,16,1,1.0,True,,,8.234689,0.018417325
1,32,CosineSchedule,md4,gibbs,16,1,1.0,True,,,8.181005,0.018031498
2,32,CosineSchedule,md4,gibbs,16,1,1.0,True,,,8.246891,0.018173229
3,32,CosineSchedule,md4,gibbs,16,1,1.0,True,,,8.134214,0.018944884
4,32,CosineSchedule,md4,gibbs,16,1,1.0,True,,,8.071636,0.018842522
0,32,CosineSchedule,md4,gibbs,16,1,2.0,True,,,7.860476,0.018866142
1,32,CosineSchedule,md4,gibbs,16,1,2.0,True,,,7.6793857,0.019377956
2,32,CosineSchedule,md4,gibbs,16,1,2.0,True,,,7.771706,0.019543309
3,32,CosineSchedule,md4,gibbs,16,1,2.0,True,,,7.790153,0.020220477
4,32,CosineSchedule,md4,gibbs,16,1,2.0,True,,,7.701101,0.019692915
0,32,CosineSchedule,md4,gibbs,16,1,4.0,True,,,7.3302026,0.02034646
1,32,CosineSchedule,md4,gibbs,16,1,4.0,True,,,7.127743,0.020937007
2,32,CosineSchedule,md4,gibbs,16,1,4.0,True,,,7.255824,0.021031497
3,32,CosineSchedule,md4,gibbs,16,1,4.0,True,,,7.318049,0.02138583
4,32,CosineSchedule,md4,gibbs,16,1,4.0,True,,,7.151637,0.021472437
0,32,CosineSchedule,md4,gibbs,16,2,0.01,True,,,7.9036736,0.019283466
1,32,CosineSchedule,md4,gibbs,16,2,0.01,True,,,7.7238717,0.020590553
2,32,CosineSchedule,md4,gibbs,16,2,0.01,True,,,7.948335,0.019519689
3,32,CosineSchedule,md4,gibbs,16,2,0.01,True,,,7.7566357,0.020047247
4,32,CosineSchedule,md4,gibbs,16,2,0.01,True,,,7.7599273,0.019661421
0,32,CosineSchedule,md4,gibbs,16,2,0.1,True,,,7.8633733,0.019480316
1,32,CosineSchedule,md4,gibbs,16,2,0.1,True,,,7.717352,0.020511813
2,32,CosineSchedule,md4,gibbs,16,2,0.1,True,,,7.9453754,0.019732282
3,32,CosineSchedule,md4,gibbs,16,2,0.1,True,,,7.7168865,0.020291343
4,32,CosineSchedule,md4,gibbs,16,2,0.1,True,,,7.8292246,0.019212602
0,32,CosineSchedule,md4,gibbs,16,2,0.5,True,,,7.736476,0.020204734
1,32,CosineSchedule,md4,gibbs,16,2,0.5,True,,,7.679847,0.020228345
2,32,CosineSchedule,md4,gibbs,16,2,0.5,True,,,7.960694,0.019440945
3,32,CosineSchedule,md4,gibbs,16,2,0.5,True,,,7.7731223,0.020047246
4,32,CosineSchedule,md4,gibbs,16,2,0.5,True,,,7.825875,0.019692916
0,32,CosineSchedule,md4,gibbs,16,2,1.0,True,,,7.66513,0.020574808
1,32,CosineSchedule,md4,gibbs,16,2,1.0,True,,,7.624948,0.020220479
2,32,CosineSchedule,md4,gibbs,16,2,1.0,True,,,7.842656,0.019330712
3,32,CosineSchedule,md4,gibbs,16,2,1.0,True,,,7.7764277,0.019771652
4,32,CosineSchedule,md4,gibbs,16,2,1.0,True,,,7.699248,0.020291341
0,32,CosineSchedule,md4,gibbs,16,2,2.0,True,,,7.5077715,0.020622049
1,32,CosineSchedule,md4,gibbs,16,2,2.0,True,,,7.452693,0.020606304
2,32,CosineSchedule,md4,gibbs,16,2,2.0,True,,,7.698785,0.02032284
3,32,CosineSchedule,md4,gibbs,16,2,2.0,True,,,7.4652977,0.021322839
4,32,CosineSchedule,md4,gibbs,16,2,2.0,True,,,7.5471697,0.02047244
0,32,CosineSchedule,md4,gibbs,16,2,4.0,True,,,7.2578816,0.02147244
1,32,CosineSchedule,md4,gibbs,16,2,4.0,True,,,7.147643,0.021622049
2,32,CosineSchedule,md4,gibbs,16,2,4.0,True,,,7.310526,0.021527562
3,32,CosineSchedule,md4,gibbs,16,2,4.0,True,,,7.172074,0.022181105
4,32,CosineSchedule,md4,gibbs,16,2,4.0,True,,,7.1898,0.021661416
0,32,CosineSchedule,md4,gibbs,16,4,0.01,True,,,7.320142,0.023062993
1,32,CosineSchedule,md4,gibbs,16,4,0.01,True,,,7.012546,0.024874015
2,32,CosineSchedule,md4,gibbs,16,4,0.01,True,,,7.290954,0.022850394
3,32,CosineSchedule,md4,gibbs,16,4,0.01,True,,,7.223884,0.023629924
4,32,CosineSchedule,md4,gibbs,16,4,0.01,True,,,7.112296,0.023913385
0,32,CosineSchedule,md4,gibbs,16,4,0.1,True,,,7.270249,0.023149604
1,32,CosineSchedule,md4,gibbs,16,4,0.1,True,,,7.007939,0.024881896
2,32,CosineSchedule,md4,gibbs,16,4,0.1,True,,,7.3067703,0.02283465
3,32,CosineSchedule,md4,gibbs,16,4,0.1,True,,,7.258293,0.023535434
4,32,CosineSchedule,md4,gibbs,16,4,0.1,True,,,7.14964,0.024047248
0,32,CosineSchedule,md4,gibbs,16,4,0.5,True,,,7.2084246,0.023519685
1,32,CosineSchedule,md4,gibbs,16,4,0.5,True,,,7.1293306,0.023826772
2,32,CosineSchedule,md4,gibbs,16,4,0.5,True,,,7.328524,0.023157481
3,32,CosineSchedule,md4,gibbs,16,4,0.5,True,,,7.2402287,0.023125987
4,32,CosineSchedule,md4,gibbs,16,4,0.5,True,,,7.1456485,0.023929134
0,32,CosineSchedule,md4,gibbs,16,4,1.0,True,,,7.225515,0.023125982
1,32,CosineSchedule,md4,gibbs,16,4,1.0,True,,,7.1520367,0.023653544
2,32,CosineSchedule,md4,gibbs,16,4,1.0,True,,,7.2251067,0.02379528
3,32,CosineSchedule,md4,gibbs,16,4,1.0,True,,,7.182537,0.023661422
4,32,CosineSchedule,md4,gibbs,16,4,1.0,True,,,7.190607,0.023307089
0,32,CosineSchedule,md4,gibbs,16,4,2.0,True,,,7.230821,0.022984255
1,32,CosineSchedule,md4,gibbs,16,4,2.0,True,,,7.2381816,0.023165358
2,32,CosineSchedule,md4,gibbs,16,4,2.0,True,,,7.273141,0.023590554
3,32,CosineSchedule,md4,gibbs,16,4,2.0,True,,,7.126949,0.023826776
4,32,CosineSchedule,md4,gibbs,16,4,2.0,True,,,7.094164,0.0240315
0,32,CosineSchedule,md4,gibbs,16,4,4.0,True,,,6.9930067,0.023937013
1,32,CosineSchedule,md4,gibbs,16,4,4.0,True,,,6.971298,0.024070865
2,32,CosineSchedule,md4,gibbs,16,4,4.0,True,,,7.1162505,0.023724414
3,32,CosineSchedule,md4,gibbs,16,4,4.0,True,,,6.867321,0.024519684
4,32,CosineSchedule,md4,gibbs,16,4,4.0,True,,,7.0403166,0.023992129
0,32,CosineSchedule,md4,gibbs,16,8,0.01,True,,,5.7081695,0.031039368
1,32,CosineSchedule,md4,gibbs,16,8,0.01,True,,,5.713011,0.03182677
2,32,CosineSchedule,md4,gibbs,16,8,0.01,True,,,5.730916,0.031551182
3,32,CosineSchedule,md4,gibbs,16,8,0.01,True,,,5.7199035,0.031582672
4,32,CosineSchedule,md4,gibbs,16,8,0.01,True,,,5.673507,0.031582672
0,32,CosineSchedule,md4,gibbs,16,8,0.1,True,,,5.7140307,0.031212596
1,32,CosineSchedule,md4,gibbs,16,8,0.1,True,,,5.7079153,0.032047257
2,32,CosineSchedule,md4,gibbs,16,8,0.1,True,,,5.7373376,0.031629913
3,32,CosineSchedule,md4,gibbs,16,8,0.1,True,,,5.7430005,0.0316378
4,32,CosineSchedule,md4,gibbs,16,8,0.1,True,,,5.669989,0.03107087
0,32,CosineSchedule,md4,gibbs,16,8,0.5,True,,,5.81105,0.031228345
1,32,CosineSchedule,md4,gibbs,16,8,0.5,True,,,5.8245363,0.031023627
2,32,CosineSchedule,md4,gibbs,16,8,0.5,True,,,5.8287797,0.031677168
3,32,CosineSchedule,md4,gibbs,16,8,0.5,True,,,5.7989397,0.03055118
4,32,CosineSchedule,md4,gibbs,16,8,0.5,True,,,5.788712,0.030897638
0,32,CosineSchedule,md4,gibbs,16,8,1.0,True,,,5.974887,0.029858273
1,32,CosineSchedule,md4,gibbs,16,8,1.0,True,,,6.015886,0.030212598
2,32,CosineSchedule,md4,gibbs,16,8,1.0,True,,,5.8999767,0.030748036
3,32,CosineSchedule,md4,gibbs,16,8,1.0,True,,,5.933068,0.030251972
4,32,CosineSchedule,md4,gibbs,16,8,1.0,True,,,6.0141897,0.029543309
0,32,CosineSchedule,md4,gibbs,16,8,2.0,True,,,6.2369046,0.028543312
1,32,CosineSchedule,md4,gibbs,16,8,2.0,True,,,6.257944,0.02813386
2,32,CosineSchedule,md4,gibbs,16,8,2.0,True,,,6.181484,0.028787402
3,32,CosineSchedule,md4,gibbs,16,8,2.0,True,,,6.229923,0.028897638
4,32,CosineSchedule,md4,gibbs,16,8,2.0,True,,,6.136146,0.0291811
0,32,CosineSchedule,md4,gibbs,16,8,4.0,True,,,6.3504663,0.027354332
1,32,CosineSchedule,md4,gibbs,16,8,4.0,True,,,6.324736,0.028062988
2,32,CosineSchedule,md4,gibbs,16,8,4.0,True,,,6.3429136,0.027724413
3,32,CosineSchedule,md4,gibbs,16,8,4.0,True,,,6.278819,0.027921267
4,32,CosineSchedule,md4,gibbs,16,8,4.0,True,,,6.2241673,0.028401576
0,32,CosineSchedule,md4,gibbs,16,16,0.01,True,,,4.266382,0.04666929
1,32,CosineSchedule,md4,gibbs,16,16,0.01,True,,,4.2845187,0.046409447
2,32,CosineSchedule,md4,gibbs,16,16,0.01,True,,,4.30556,0.045409437
3,32,CosineSchedule,md4,gibbs,16,16,0.01,True,,,4.3022323,0.04548032
4,32,CosineSchedule,md4,gibbs,16,16,0.01,True,,,4.2410793,0.046803154
0,32,CosineSchedule,md4,gibbs,16,16,0.1,True,,,4.258859,0.04692914
1,32,CosineSchedule,md4,gibbs,16,16,0.1,True,,,4.3065743,0.04582677
2,32,CosineSchedule,md4,gibbs,16,16,0.1,True,,,4.289975,0.04646456
3,32,CosineSchedule,md4,gibbs,16,16,0.1,True,,,4.329297,0.04525985
4,32,CosineSchedule,md4,gibbs,16,16,0.1,True,,,4.249386,0.04618897
0,32,CosineSchedule,md4,gibbs,16,16,0.5,True,,,4.387619,0.045527562
1,32,CosineSchedule,md4,gibbs,16,16,0.5,True,,,4.4086246,0.04392126
2,32,CosineSchedule,md4,gibbs,16,16,0.5,True,,,4.3464975,0.04574803
3,32,CosineSchedule,md4,gibbs,16,16,0.5,True,,,4.4137936,0.044566922
4,32,CosineSchedule,md4,gibbs,16,16,0.5,True,,,4.374274,0.04381889
0,32,CosineSchedule,md4,gibbs,16,16,1.0,True,,,4.5745325,0.043535426
1,32,CosineSchedule,md4,gibbs,16,16,1.0,True,,,4.50863,0.04363779
2,32,CosineSchedule,md4,gibbs,16,16,1.0,True,,,4.5333805,0.044645675
3,32,CosineSchedule,md4,gibbs,16,16,1.0,True,,,4.562304,0.04251968
4,32,CosineSchedule,md4,gibbs,16,16,1.0,True,,,4.5577555,0.042440943
0,32,CosineSchedule,md4,gibbs,16,16,2.0,True,,,4.8685865,0.040267725
1,32,CosineSchedule,md4,gibbs,16,16,2.0,True,,,4.8080535,0.040787403
2,32,CosineSchedule,md4,gibbs,16,16,2.0,True,,,4.844631,0.04062992
3,32,CosineSchedule,md4,gibbs,16,16,2.0,True,,,4.851057,0.040322833
4,32,CosineSchedule,md4,gibbs,16,16,2.0,True,,,4.8004804,0.039850384
0,32,CosineSchedule,md4,gibbs,16,16,4.0,True,,,5.186806,0.036370076
1,32,CosineSchedule,md4,gibbs,16,16,4.0,True,,,5.139323,0.03637008
2,32,CosineSchedule,md4,gibbs,16,16,4.0,True,,,5.108149,0.03737796
3,32,CosineSchedule,md4,gibbs,16,16,4.0,True,,,5.1243043,0.03662992
4,32,CosineSchedule,md4,gibbs,16,16,4.0,True,,,5.0469203,0.037598424
0,32,CosineSchedule,md4,gibbs,16,1,0.01,False,,,11.84856,8.661416e-05
1,32,CosineSchedule,md4,gibbs,16,1,0.01,False,,,11.715175,0.0001023622
2,32,CosineSchedule,md4,gibbs,16,1,0.01,False,,,11.9985,5.511811e-05
3,32,CosineSchedule,md4,gibbs,16,1,0.01,False,,,11.968209,7.086614e-05
4,32,CosineSchedule,md4,gibbs,16,1,0.01,False,,,11.847464,6.299213e-05
0,32,CosineSchedule,md4,gibbs,16,1,0.1,False,,,11.789629,5.511811e-05
1,32,CosineSchedule,md4,gibbs,16,1,0.1,False,,,11.63848,7.086614e-05
2,32,CosineSchedule,md4,gibbs,16,1,0.1,False,,,11.918063,5.511811e-05
3,32,CosineSchedule,md4,gibbs,16,1,0.1,False,,,11.962617,5.511811e-05
4,32,CosineSchedule,md4,gibbs,16,1,0.1,False,,,11.705533,7.874015e-05
0,32,CosineSchedule,md4,gibbs,16,1,0.5,False,,,11.419395,6.299213e-05
1,32,CosineSchedule,md4,gibbs,16,1,0.5,False,,,11.092815,8.661418e-05
2,32,CosineSchedule,md4,gibbs,16,1,0.5,False,,,11.374744,7.874016e-05
3,32,CosineSchedule,md4,gibbs,16,1,0.5,False,,,11.283497,5.511811e-05
4,32,CosineSchedule,md4,gibbs,16,1,0.5,False,,,11.172209,3.937008e-05
0,32,CosineSchedule,md4,gibbs,16,1,1.0,False,,,10.7554,6.299213e-05
1,32,CosineSchedule,md4,gibbs,16,1,1.0,False,,,10.467779,8.661418e-05
2,32,CosineSchedule,md4,gibbs,16,1,1.0,False,,,10.753592,5.511811e-05
3,32,CosineSchedule,md4,gibbs,16,1,1.0,False,,,10.630346,7.086614e-05
4,32,CosineSchedule,md4,gibbs,16,1,1.0,False,,,10.512484,7.086614e-05
0,32,CosineSchedule,md4,gibbs,16,1,2.0,False,,,9.829519,1.5748032e-05
1,32,CosineSchedule,md4,gibbs,16,1,2.0,False,,,9.553665,9.448819e-05
2,32,CosineSchedule,md4,gibbs,16,1,2.0,False,,,9.767264,3.937008e-05
3,32,CosineSchedule,md4,gibbs,16,1,2.0,False,,,9.849184,8.661416e-05
4,32,CosineSchedule,md4,gibbs,16,1,2.0,False,,,9.594483,5.511811e-05
0,32,CosineSchedule,md4,gibbs,16,1,4.0,False,,,8.907446,3.1496063e-05
1,32,CosineSchedule,md4,gibbs,16,1,4.0,False,,,8.779149,9.448819e-05
2,32,CosineSchedule,md4,gibbs,16,1,4.0,False,,,8.936051,3.937008e-05
3,32,CosineSchedule,md4,gibbs,16,1,4.0,False,,,9.06323,7.874015e-05
4,32,CosineSchedule,md4,gibbs,16,1,4.0,False,,,8.83185,0.0001023622
0,32,CosineSchedule,md4,gibbs,16,2,0.01,False,,,10.679126,0.00021259839
1,32,CosineSchedule,md4,gibbs,16,2,0.01,False,,,10.580261,0.0003464566
2,32,CosineSchedule,md4,gibbs,16,2,0.01,False,,,10.815378,0.00029133854
3,32,CosineSchedule,md4,gibbs,16,2,0.01,False,,,10.544525,0.00048031486
4,32,CosineSchedule,md4,gibbs,16,2,0.01,False,,,10.492663,0.00033858258
0,32,CosineSchedule,md4,gibbs,16,2,0.1,False,,,10.656011,0.00020472438
1,32,CosineSchedule,md4,gibbs,16,2,0.1,False,,,10.614479,0.00037007863
2,32,CosineSchedule,md4,gibbs,16,2,0.1,False,,,10.819949,0.00034645663
3,32,CosineSchedule,md4,gibbs,16,2,0.1,False,,,10.556701,0.00041732276
4,32,CosineSchedule,md4,gibbs,16,2,0.1,False,,,10.579387,0.00031496055
0,32,CosineSchedule,md4,gibbs,16,2,0.5,False,,,10.57327,0.00025196845
1,32,CosineSchedule,md4,gibbs,16,2,0.5,False,,,10.52545,0.00020472439
2,32,CosineSchedule,md4,gibbs,16,2,0.5,False,,,10.740958,0.00015748027
3,32,CosineSchedule,md4,gibbs,16,2,0.5,False,,,10.569777,0.00023622042
4,32,CosineSchedule,md4,gibbs,16,2,0.5,False,,,10.607442,0.0002913385
0,32,CosineSchedule,md4,gibbs,16,2,1.0,False,,,10.393828,0.00017322833
1,32,CosineSchedule,md4,gibbs,16,2,1.0,False,,,10.178117,0.00017322833
2,32,CosineSchedule,md4,gibbs,16,2,1.0,False,,,10.539316,0.0001023622
3,32,CosineSchedule,md4,gibbs,16,2,1.0,False,,,10.314262,0.00014173228
4,32,CosineSchedule,md4,gibbs,16,2,1.0,False,,,10.268752,0.00022834641
0,32,CosineSchedule,md4,gibbs,16,2,2.0,False,,,9.772484,7.874015e-05
1,32,CosineSchedule,md4,gibbs,16,2,2.0,False,,,9.565803,8.661418e-05
2,32,CosineSchedule,md4,gibbs,16,2,2.0,False,,,9.908655,9.448818e-05
3,32,CosineSchedule,md4,gibbs,16,2,2.0,False,,,9.750152,7.874015e-05
4,32,CosineSchedule,md4,gibbs,16,2,2.0,False,,,9.739766,0.000118110234
0,32,CosineSchedule,md4,gibbs,16,2,4.0,False,,,9.158558,6.299213e-05
1,32,CosineSchedule,md4,gibbs,16,2,4.0,False,,,8.969238,0.00013385825
2,32,CosineSchedule,md4,gibbs,16,2,4.0,False,,,9.182209,8.661416e-05
3,32,CosineSchedule,md4,gibbs,16,2,4.0,False,,,9.110969,0.00010236219
4,32,CosineSchedule,md4,gibbs,16,2,4.0,False,,,9.135679,0.00013385825
0,32,CosineSchedule,md4,gibbs,16,4,0.01,False,,,10.004689,0.0012204722
1,32,CosineSchedule,md4,gibbs,16,4,0.01,False,,,9.713158,0.001086614
2,32,CosineSchedule,md4,gibbs,16,4,0.01,False,,,9.911723,0.0011811021
3,32,CosineSchedule,md4,gibbs,16,4,0.01,False,,,9.876544,0.0011102359
4,32,CosineSchedule,md4,gibbs,16,4,0.01,False,,,9.748667,0.001173228
0,32,CosineSchedule,md4,gibbs,16,4,0.1,False,,,10.012516,0.0011023618
1,32,CosineSchedule,md4,gibbs,16,4,0.1,False,,,9.83405,0.0011102359
2,32,CosineSchedule,md4,gibbs,16,4,0.1,False,,,9.943292,0.0012125982
3,32,CosineSchedule,md4,gibbs,16,4,0.1,False,,,9.950249,0.001094488
4,32,CosineSchedule,md4,gibbs,16,4,0.1,False,,,9.824239,0.001173228
0,32,CosineSchedule,md4,gibbs,16,4,0.5,False,,,10.098619,0.00094488164
1,32,CosineSchedule,md4,gibbs,16,4,0.5,False,,,10.038428,0.0008582675
2,32,CosineSchedule,md4,gibbs,16,4,0.5,False,,,10.081121,0.0009527556
3,32,CosineSchedule,md4,gibbs,16,4,0.5,False,,,10.110584,0.00077952736
4,32,CosineSchedule,md4,gibbs,16,4,0.5,False,,,10.04473,0.0008976375
0,32,CosineSchedule,md4,gibbs,16,4,1.0,False,,,10.179737,0.00048818887
1,32,CosineSchedule,md4,gibbs,16,4,1.0,False,,,10.137812,0.00048818887
2,32,CosineSchedule,md4,gibbs,16,4,1.0,False,,,10.24,0.00052755896
3,32,CosineSchedule,md4,gibbs,16,4,1.0,False,,,10.047096,0.00031496058
4,32,CosineSchedule,md4,gibbs,16,4,1.0,False,,,10.116978,0.0006141731
0,32,CosineSchedule,md4,gibbs,16,4,2.0,False,,,9.745698,0.00025984246
1,32,CosineSchedule,md4,gibbs,16,4,2.0,False,,,9.73162,0.00023622045
2,32,CosineSchedule,md4,gibbs,16,4,2.0,False,,,9.951022,0.00023622041
3,32,CosineSchedule,md4,gibbs,16,4,2.0,False,,,9.613217,0.00032283453
4,32,CosineSchedule,md4,gibbs,16,4,2.0,False,,,9.763538,0.00032283456
0,32,CosineSchedule,md4,gibbs,16,4,4.0,False,,,9.151355,0.00019685036
1,32,CosineSchedule,md4,gibbs,16,4,4.0,False,,,9.090909,0.00020472438
2,32,CosineSchedule,md4,gibbs,16,4,4.0,False,,,9.190121,0.0001574803
3,32,CosineSchedule,md4,gibbs,16,4,4.0,False,,,8.995712,0.00023622042
4,32,CosineSchedule,md4,gibbs,16,4,4.0,False,,,9.16118,0.00023622045
0,32,CosineSchedule,md4,gibbs,16,8,0.01,False,,,7.6127043,0.0037086604
1,32,CosineSchedule,md4,gibbs,16,8,0.01,False,,,7.588333,0.003692912
2,32,CosineSchedule,md4,gibbs,16,8,0.01,False,,,7.6431594,0.004015747
3,32,CosineSchedule,md4,gibbs,16,8,0.01,False,,,7.6724806,0.003622046
4,32,CosineSchedule,md4,gibbs,16,8,0.01,False,,,7.528526,0.003527558
0,32,CosineSchedule,md4,gibbs,16,8,0.1,False,,,7.6399665,0.0037795263
1,32,CosineSchedule,md4,gibbs,16,8,0.1,False,,,7.698322,0.00359055
2,32,CosineSchedule,md4,gibbs,16,8,0.1,False,,,7.6927695,0.0036614162
3,32,CosineSchedule,md4,gibbs,16,8,0.1,False,,,7.6858406,0.003582676
4,32,CosineSchedule,md4,gibbs,16,8,0.1,False,,,7.5560803,0.0036062982
0,32,CosineSchedule,md4,gibbs,16,8,0.5,False,,,8.201974,0.0028346449
1,32,CosineSchedule,md4,gibbs,16,8,0.5,False,,,8.26553,0.0029448809
2,32,CosineSchedule,md4,gibbs,16,8,0.5,False,,,8.11359,0.0029370068
3,32,CosineSchedule,md4,gibbs,16,8,0.5,False,,,8.110505,0.002874015
4,32,CosineSchedule,md4,gibbs,16,8,0.5,False,,,8.10845,0.0026771647
0,32,CosineSchedule,md4,gibbs,16,8,1.0,False,,,8.69447,0.001188976
1,32,CosineSchedule,md4,gibbs,16,8,1.0,False,,,8.855067,0.0012283461
2,32,CosineSchedule,md4,gibbs,16,8,1.0,False,,,8.69152,0.0012519682
3,32,CosineSchedule,md4,gibbs,16,8,1.0,False,,,8.735413,0.0012440942
4,32,CosineSchedule,md4,gibbs,16,8,1.0,False,,,8.606777,0.0013700784
0,32,CosineSchedule,md4,gibbs,16,8,2.0,False,,,8.875329,0.00059842505
1,32,CosineSchedule,md4,gibbs,16,8,2.0,False,,,8.750341,0.00076377933
2,32,CosineSchedule,md4,gibbs,16,8,2.0,False,,,8.756328,0.00063779514
3,32,CosineSchedule,md4,gibbs,16,8,2.0,False,,,8.869794,0.000582677
4,32,CosineSchedule,md4,gibbs,16,8,2.0,False,,,8.659181,0.0007716533
0,32,CosineSchedule,md4,gibbs,16,8,4.0,False,,,8.515168,0.00053543295
1,32,CosineSchedule,md4,gibbs,16,8,4.0,False,,,8.609673,0.00051181094
2,32,CosineSchedule,md4,gibbs,16,8,4.0,False,,,8.479067,0.00047244085
3,32,CosineSchedule,md4,gibbs,16,8,4.0,False,,,8.576214,0.00046456684
4,32,CosineSchedule,md4,gibbs,16,8,4.0,False,,,8.417729,0.0004960629
0,32,CosineSchedule,md4,gibbs,16,16,0.01,False,,,5.3935614,0.011952757
1,32,CosineSchedule,md4,gibbs,16,16,0.01,False,,,5.423499,0.011984253
2,32,CosineSchedule,md4,gibbs,16,16,0.01,False,,,5.4140935,0.011779528
3,32,CosineSchedule,md4,gibbs,16,16,0.01,False,,,5.4186773,0.011889766
4,32,CosineSchedule,md4,gibbs,16,16,0.01,False,,,5.343129,0.011826773
0,32,CosineSchedule,md4,gibbs,16,16,0.1,False,,,5.4363985,0.01158268
1,32,CosineSchedule,md4,gibbs,16,16,0.1,False,,,5.44936,0.011732282
2,32,CosineSchedule,md4,gibbs,16,16,0.1,False,,,5.4111185,0.012141733
3,32,CosineSchedule,md4,gibbs,16,16,0.1,False,,,5.4586554,0.011826774
4,32,CosineSchedule,md4,gibbs,16,16,0.1,False,,,5.402439,0.011519686
0,32,CosineSchedule,md4,gibbs,16,16,0.5,False,,,6.0497212,0.008188974
1,32,CosineSchedule,md4,gibbs,16,16,0.5,False,,,6.0445786,0.007771651
2,32,CosineSchedule,md4,gibbs,16,16,0.5,False,,,6.00939,0.008716534
3,32,CosineSchedule,md4,gibbs,16,16,0.5,False,,,6.036882,0.008259841
4,32,CosineSchedule,md4,gibbs,16,16,0.5,False,,,5.991107,0.007881887
0,32,CosineSchedule,md4,gibbs,16,16,1.0,False,,,6.8186655,0.0037086601
1,32,CosineSchedule,md4,gibbs,16,16,1.0,False,,,6.8212094,0.0037165342
2,32,CosineSchedule,md4,gibbs,16,16,1.0,False,,,6.800553,0.004078739
3,32,CosineSchedule,md4,gibbs,16,16,1.0,False,,,6.698064,0.0038503923
4,32,CosineSchedule,md4,gibbs,16,16,1.0,False,,,6.680236,0.0037952745
0,32,CosineSchedule,md4,gibbs,16,16,2.0,False,,,7.255002,0.0018976373
1,32,CosineSchedule,md4,gibbs,16,16,2.0,False,,,7.109926,0.002133858
2,32,CosineSchedule,md4,gibbs,16,16,2.0,False,,,7.174485,0.0021417316
3,32,CosineSchedule,md4,gibbs,16,16,2.0,False,,,7.041479,0.0023070858
4,32,CosineSchedule,md4,gibbs,16,16,2.0,False,,,6.9968295,0.0024645664
0,32,CosineSchedule,md4,gibbs,16,16,4.0,False,,,7.2145185,0.0013779524
1,32,CosineSchedule,md4,gibbs,16,16,4.0,False,,,7.0496225,0.0015669287
2,32,CosineSchedule,md4,gibbs,16,16,4.0,False,,,7.160839,0.0014409445
3,32,CosineSchedule,md4,gibbs,16,16,4.0,False,,,7.0867014,0.0015039366
4,32,CosineSchedule,md4,gibbs,16,16,4.0,False,,,7.022164,0.0016535429
0,32,CosineSchedule,maskgit,none,32,,,True,0.01,,43.65621,0.001141732
1,32,CosineSchedule,maskgit,none,32,,,True,0.01,,45.22968,0.001141732
2,32,CosineSchedule,maskgit,none,32,,,True,0.01,,44.755245,0.0011338579
3,32,CosineSchedule,maskgit,none,32,,,True,0.01,,44.321327,0.001165354
4,32,CosineSchedule,maskgit,none,32,,,True,0.01,,45.535397,0.0010866139
0,32,CosineSchedule,maskgit,none,32,,,True,0.1,,42.624043,0.001173228
1,32,CosineSchedule,maskgit,none,32,,,True,0.1,,44.630405,0.0010787399
2,32,CosineSchedule,maskgit,none,32,,,True,0.1,,43.15576,0.001094488
3,32,CosineSchedule,maskgit,none,32,,,True,0.1,,43.257854,0.0012440942
4,32,CosineSchedule,maskgit,none,32,,,True,0.1,,43.054157,0.0012913382
0,32,CosineSchedule,maskgit,none,32,,,True,0.5,,21.761305,7.874015e-05
1,32,CosineSchedule,maskgit,none,32,,,True,0.5,,21.654541,7.086614e-05
2,32,CosineSchedule,maskgit,none,32,,,True,0.5,,21.94035,8.661416e-05
3,32,CosineSchedule,maskgit,none,32,,,True,0.5,,21.223677,0.00014173226
4,32,CosineSchedule,maskgit,none,32,,,True,0.5,,21.574245,6.299213e-05
0,32,CosineSchedule,maskgit,none,32,,,True,1.0,,14.784015,0.0001653543
1,32,CosineSchedule,maskgit,none,32,,,True,1.0,,14.892379,0.00026771647
2,32,CosineSchedule,maskgit,none,32,,,True,1.0,,14.749943,0.00021259836
3,32,CosineSchedule,maskgit,none,32,,,True,1.0,,14.739751,0.00025196845
4,32,CosineSchedule,maskgit,none,32,,,True,1.0,,14.81653,0.0001653543
0,32,CosineSchedule,maskgit,none,32,,,True,2.0,,12.301778,0.00048818885
1,32,CosineSchedule,maskgit,none,32,,,True,2.0,,12.34568,0.0007322833
2,32,CosineSchedule,maskgit,none,32,,,True,2.0,,12.202097,0.00057480304
3,32,CosineSchedule,maskgit,none,32,,,True,2.0,,12.041391,0.00066141714
4,32,CosineSchedule,maskgit,none,32,,,True,2.0,,12.237093,0.000551181
0,32,CosineSchedule,maskgit,none,32,,,True,4.0,,10.768972,0.0010393698
1,32,CosineSchedule,maskgit,none,32,,,True,4.0,,10.731053,0.00123622
2,32,CosineSchedule,maskgit,none,32,,,True,4.0,,10.78894,0.00096850365
3,32,CosineSchedule,maskgit,none,32,,,True,4.0,,10.559314,0.0012913384
4,32,CosineSchedule,maskgit,none,32,,,True,4.0,,10.717575,0.0010078738
0,32,CosineSchedule,maskgit,none,32,,,False,0.01,,42.95302,0.0011811021
1,32,CosineSchedule,maskgit,none,32,,,False,0.01,,44.66155,0.0011574801
2,32,CosineSchedule,maskgit,none,32,,,False,0.01,,44.0468,0.0011732279
3,32,CosineSchedule,maskgit,none,32,,,False,0.01,,43.06864,0.0012519682
4,32,CosineSchedule,maskgit,none,32,,,False,0.01,,44.290657,0.0011968501
0,32,CosineSchedule,maskgit,none,32,,,False,0.1,,38.92944,0.0009842517
1,32,CosineSchedule,maskgit,none,32,,,False,0.1,,41.250404,0.0008897635
2,32,CosineSchedule,maskgit,none,32,,,False,0.1,,39.7639,0.0009291336
3,32,CosineSchedule,maskgit,none,32,,,False,0.1,,40.025013,0.00092125963
4,32,CosineSchedule,maskgit,none,32,,,False,0.1,,39.66532,0.0009370076
0,32,CosineSchedule,maskgit,none,32,,,False,0.5,,15.355087,0.00049606286
1,32,CosineSchedule,maskgit,none,32,,,False,0.5,,15.404982,0.00048818882
2,32,CosineSchedule,maskgit,none,32,,,False,0.5,,15.5528555,0.00056692894
3,32,CosineSchedule,maskgit,none,32,,,False,0.5,,15.3330145,0.00050393684
4,32,CosineSchedule,maskgit,none,32,,,False,0.5,,15.672829,0.00040944872
0,32,CosineSchedule,maskgit,none,32,,,False,1.0,,12.573673,0.00094488164
1,32,CosineSchedule,maskgit,none,32,,,False,1.0,,12.658227,0.001133858
2,32,CosineSchedule,maskgit,none,32,,,False,1.0,,12.556406,0.001165354
3,32,CosineSchedule,maskgit,none,32,,,False,1.0,,12.508552,0.001086614
4,32,CosineSchedule,maskgit,none,32,,,False,1.0,,12.542871,0.0009999997
0,32,CosineSchedule,maskgit,none,32,,,False,2.0,,10.942041,0.0015354326
1,32,CosineSchedule,maskgit,none,32,,,False,2.0,,10.998454,0.0018110231
2,32,CosineSchedule,maskgit,none,32,,,False,2.0,,10.948593,0.0014803145
3,32,CosineSchedule,maskgit,none,32,,,False,2.0,,10.770784,0.0018818893
4,32,CosineSchedule,maskgit,none,32,,,False,2.0,,10.886205,0.0016850389
0,32,CosineSchedule,maskgit,none,32,,,False,4.0,,9.875781,0.0019370073
1,32,CosineSchedule,maskgit,none,32,,,False,4.0,,9.791173,0.0022283457
2,32,CosineSchedule,maskgit,none,32,,,False,4.0,,10.01565,0.0018425192
3,32,CosineSchedule,maskgit,none,32,,,False,4.0,,9.746441,0.002338582
4,32,CosineSchedule,maskgit,none,32,,,False,4.0,,9.845396,0.0020236215
0,64,CosineSchedule,md4,forward_backward,32,,,False,,0.01,8.082849,0.004204723
1,64,CosineSchedule,md4,forward_backward,32,,,False,,0.01,7.912958,0.004181101
2,64,CosineSchedule,md4,forward_backward,32,,,False,,0.01,7.8595114,0.0045039356
3,64,CosineSchedule,md4,forward_backward,32,,,False,,0.01,7.9360166,0.004204723
4,64,CosineSchedule,md4,forward_backward,32,,,False,,0.01,8.028603,0.004141731
0,64,CosineSchedule,md4,forward_backward,32,,,False,,0.1,8.234689,0.0034015737
1,64,CosineSchedule,md4,forward_backward,32,,,False,,0.1,8.034649,0.0036062982
2,64,CosineSchedule,md4,forward_backward,32,,,False,,0.1,7.8793473,0.004212597
3,64,CosineSchedule,md4,forward_backward,32,,,False,,0.1,8.086424,0.0033779514
4,64,CosineSchedule,md4,forward_backward,32,,,False,,0.1,8.031625,0.0038897628
0,64,CosineSchedule,md4,forward_backward,32,,,False,,0.5,8.18938,0.0027322825
1,64,CosineSchedule,md4,forward_backward,32,,,False,,0.5,8.264462,0.00243307
2,64,CosineSchedule,md4,forward_backward,32,,,False,,0.5,8.201448,0.0027559046
3,64,CosineSchedule,md4,forward_backward,32,,,False,,0.5,8.358911,0.002417322
4,64,CosineSchedule,md4,forward_backward,32,,,False,,0.5,8.355091,0.0024566923
0,64,CosineSchedule,md4,forward_backward,32,,,False,,1.0,8.209865,0.0025118103
1,64,CosineSchedule,md4,forward_backward,32,,,False,,1.0,8.344198,0.002259842
2,64,CosineSchedule,md4,forward_backward,32,,,False,,1.0,8.098702,0.0025511805
3,64,CosineSchedule,md4,forward_backward,32,,,False,,1.0,8.224108,0.0024724402
4,64,CosineSchedule,md4,forward_backward,32,,,False,,1.0,8.249549,0.0025433064
0,64,CosineSchedule,md4,forward_backward,32,,,False,,1.5,8.000501,0.0027637787
1,64,CosineSchedule,md4,forward_backward,32,,,False,,1.5,7.993006,0.0029133852
2,64,CosineSchedule,md4,forward_backward,32,,,False,,1.5,7.9532743,0.0027559048
3,64,CosineSchedule,md4,forward_backward,32,,,False,,1.5,8.027092,0.002842519
4,64,CosineSchedule,md4,forward_backward,32,,,False,,1.5,8.033136,0.002999999
0,64,CosineSchedule,md4,forward_backward,32,,,False,,2.0,7.6481833,0.0033779517
1,64,CosineSchedule,md4,forward_backward,32,,,False,,2.0,7.7986965,0.0032677157
2,64,CosineSchedule,md4,forward_backward,32,,,False,,2.0,7.642703,0.0034488179
3,64,CosineSchedule,md4,forward_backward,32,,,False,,2.0,7.719213,0.003622046
4,64,CosineSchedule,md4,forward_backward,32,,,False,,2.0,7.786362,0.0034330697
0,64,CosineSchedule,md4,forward_backward,32,,,False,,3.0,7.305519,0.0040629907
1,64,CosineSchedule,md4,forward_backward,32,,,False,,3.0,7.183747,0.004070865
2,64,CosineSchedule,md4,forward_backward,32,,,False,,3.0,7.2340903,0.0044724396
3,64,CosineSchedule,md4,forward_backward,32,,,False,,3.0,7.250892,0.004188975
4,64,CosineSchedule,md4,forward_backward,32,,,False,,3.0,7.223884,0.0040314947
0,64,CosineSchedule,md4,forward_backward,32,,,False,,4.0,6.8390675,0.005496061
1,64,CosineSchedule,md4,forward_backward,32,,,False,,4.0,6.8179398,0.004968502
2,64,CosineSchedule,md4,forward_backward,32,,,False,,4.0,6.70473,0.005535431
3,64,CosineSchedule,md4,forward_backward,32,,,False,,4.0,6.877653,0.005251967
4,64,CosineSchedule,md4,forward_backward,32,,,False,,4.0,6.8706384,0.0050551165
0,64,CosineSchedule,md4,forward_backward,32,,,False,,5.0,6.5600657,0.0065196827
1,64,CosineSchedule,md4,forward_backward,32,,,False,,5.0,6.530946,0.006314959
2,64,CosineSchedule,md4,forward_backward,32,,,False,,5.0,6.6393485,0.0061338567
3,64,CosineSchedule,md4,forward_backward,32,,,False,,5.0,6.4888983,0.006425195
4,64,CosineSchedule,md4,forward_backward,32,,,False,,5.0,6.5796237,0.0059212577
0,64,CosineSchedule,md4,forward_backward,32,,,False,,0.01,8.082849,0.004204723
1,64,CosineSchedule,md4,forward_backward,32,,,False,,0.01,7.912958,0.004181101
2,64,CosineSchedule,md4,forward_backward,32,,,False,,0.01,7.8595114,0.0045039356
3,64,CosineSchedule,md4,forward_backward,32,,,False,,0.01,7.9360166,0.004204723
4,64,CosineSchedule,md4,forward_backward,32,,,False,,0.01,8.028603,0.004141731
0,64,CosineSchedule,md4,forward_backward,32,,,False,,0.1,8.234689,0.0034015737
1,64,CosineSchedule,md4,forward_backward,32,,,False,,0.1,8.034649,0.0036062982
2,64,CosineSchedule,md4,forward_backward,32,,,False,,0.1,7.8793473,0.004212597
3,64,CosineSchedule,md4,forward_backward,32,,,False,,0.1,8.086424,0.0033779514
4,64,CosineSchedule,md4,forward_backward,32,,,False,,0.1,8.031625,0.0038897628
0,64,CosineSchedule,md4,forward_backward,32,,,False,,0.5,8.18938,0.0027322825
1,64,CosineSchedule,md4,forward_backward,32,,,False,,0.5,8.264462,0.00243307
2,64,CosineSchedule,md4,forward_backward,32,,,False,,0.5,8.201448,0.0027559046
3,64,CosineSchedule,md4,forward_backward,32,,,False,,0.5,8.358911,0.002417322
4,64,CosineSchedule,md4,forward_backward,32,,,False,,0.5,8.355091,0.0024566923
0,64,CosineSchedule,md4,forward_backward,32,,,False,,1.0,8.209865,0.0025118103
1,64,CosineSchedule,md4,forward_backward,32,,,False,,1.0,8.344198,0.002259842
2,64,CosineSchedule,md4,forward_backward,32,,,False,,1.0,8.098702,0.0025511805
3,64,CosineSchedule,md4,forward_backward,32,,,False,,1.0,8.224108,0.0024724402
4,64,CosineSchedule,md4,forward_backward,32,,,False,,1.0,8.249549,0.0025433064
0,64,CosineSchedule,md4,forward_backward,32,,,False,,1.5,8.000501,0.0027637787
1,64,CosineSchedule,md4,forward_backward,32,,,False,,1.5,7.993006,0.0029133852
2,64,CosineSchedule,md4,forward_backward,32,,,False,,1.5,7.9532743,0.0027559048
3,64,CosineSchedule,md4,forward_backward,32,,,False,,1.5,8.027092,0.002842519
4,64,CosineSchedule,md4,forward_backward,32,,,False,,1.5,8.033136,0.002999999
0,64,CosineSchedule,md4,forward_backward,32,,,False,,2.0,7.6481833,0.0033779517
1,64,CosineSchedule,md4,forward_backward,32,,,False,,2.0,7.7986965,0.0032677157
2,64,CosineSchedule,md4,forward_backward,32,,,False,,2.0,7.642703,0.0034488179
3,64,CosineSchedule,md4,forward_backward,32,,,False,,2.0,7.719213,0.003622046
4,64,CosineSchedule,md4,forward_backward,32,,,False,,2.0,7.786362,0.0034330697
0,64,CosineSchedule,md4,forward_backward,32,,,False,,3.0,7.305519,0.0040629907
1,64,CosineSchedule,md4,forward_backward,32,,,False,,3.0,7.183747,0.004070865
2,64,CosineSchedule,md4,forward_backward,32,,,False,,3.0,7.2340903,0.0044724396
3,64,CosineSchedule,md4,forward_backward,32,,,False,,3.0,7.250892,0.004188975
4,64,CosineSchedule,md4,forward_backward,32,,,False,,3.0,7.223884,0.0040314947
0,64,CosineSchedule,md4,forward_backward,32,,,False,,4.0,6.8390675,0.005496061
1,64,CosineSchedule,md4,forward_backward,32,,,False,,4.0,6.8179398,0.004968502
2,64,CosineSchedule,md4,forward_backward,32,,,False,,4.0,6.70473,0.005535431
3,64,CosineSchedule,md4,forward_backward,32,,,False,,4.0,6.877653,0.005251967
4,64,CosineSchedule,md4,forward_backward,32,,,False,,4.0,6.8706384,0.0050551165
0,64,CosineSchedule,md4,forward_backward,32,,,False,,5.0,6.5600657,0.0065196827
1,64,CosineSchedule,md4,forward_backward,32,,,False,,5.0,6.530946,0.006314959
2,64,CosineSchedule,md4,forward_backward,32,,,False,,5.0,6.6393485,0.0061338567
3,64,CosineSchedule,md4,forward_backward,32,,,False,,5.0,6.4888983,0.006425195
4,64,CosineSchedule,md4,forward_backward,32,,,False,,5.0,6.5796237,0.0059212577
0,64,CosineSchedule,md4,none,64,,,False,,,8.6986065,0.0020472435
1,64,CosineSchedule,md4,none,64,,,False,,,8.742573,0.0021811018
2,64,CosineSchedule,md4,none,64,,,False,,,8.708076,0.0020708656
3,64,CosineSchedule,md4,none,64,,,False,,,8.747951,0.0021023615
4,64,CosineSchedule,md4,none,64,,,False,,,8.66211,0.0021102356
0,64,CosineSchedule,md4,none,64,,,False,,,8.6986065,0.0020472435
1,64,CosineSchedule,md4,none,64,,,False,,,8.742573,0.0021811018
2,64,CosineSchedule,md4,none,64,,,False,,,8.708076,0.0020708656
3,64,CosineSchedule,md4,none,64,,,False,,,8.747951,0.0021023615
4,64,CosineSchedule,md4,none,64,,,False,,,8.66211,0.0021102356
0,64,CosineSchedule,md4,gibbs,32,1,0.01,True,,,9.974285,0.015960634
1,64,CosineSchedule,md4,gibbs,32,1,0.01,True,,,9.981286,0.01618898
2,64,CosineSchedule,md4,gibbs,32,1,0.01,True,,,9.968848,0.015850397
3,64,CosineSchedule,md4,gibbs,32,1,0.01,True,,,9.915563,0.016574804
4,64,CosineSchedule,md4,gibbs,32,1,0.01,True,,,10.083504,0.015566931
0,64,CosineSchedule,md4,gibbs,32,1,0.1,True,,,10.048674,0.015566928
1,64,CosineSchedule,md4,gibbs,32,1,0.1,True,,,10.097026,0.015629923
2,64,CosineSchedule,md4,gibbs,32,1,0.1,True,,,10.046307,0.015574808
3,64,CosineSchedule,md4,gibbs,32,1,0.1,True,,,9.955667,0.016220473
4,64,CosineSchedule,md4,gibbs,32,1,0.1,True,,,9.961864,0.015748031
0,64,CosineSchedule,md4,gibbs,32,1,0.5,True,,,9.784437,0.016015751
1,64,CosineSchedule,md4,gibbs,32,1,0.5,True,,,9.76652,0.016259847
2,64,CosineSchedule,md4,gibbs,32,1,0.5,True,,,9.74941,0.01640945
3,64,CosineSchedule,md4,gibbs,32,1,0.5,True,,,9.859047,0.016125986
4,64,CosineSchedule,md4,gibbs,32,1,0.5,True,,,9.770992,0.0156063
0,64,CosineSchedule,md4,gibbs,32,1,1.0,True,,,9.379351,0.016984256
1,64,CosineSchedule,md4,gibbs,32,1,1.0,True,,,9.514606,0.0164252
2,64,CosineSchedule,md4,gibbs,32,1,1.0,True,,,9.163147,0.017464569
3,64,CosineSchedule,md4,gibbs,32,1,1.0,True,,,9.436745,0.016614174
4,64,CosineSchedule,md4,gibbs,32,1,1.0,True,,,9.266634,0.01711024
0,64,CosineSchedule,md4,gibbs,32,1,2.0,True,,,8.619528,0.018551182
1,64,CosineSchedule,md4,gibbs,32,1,2.0,True,,,8.7491455,0.01818898
2,64,CosineSchedule,md4,gibbs,32,1,2.0,True,,,8.5430155,0.018724414
3,64,CosineSchedule,md4,gibbs,32,1,2.0,True,,,8.784572,0.0176378
4,64,CosineSchedule,md4,gibbs,32,1,2.0,True,,,8.607356,0.018574804
0,64,CosineSchedule,md4,gibbs,32,1,4.0,True,,,8.044748,0.020283468
1,64,CosineSchedule,md4,gibbs,32,1,4.0,True,,,8.034145,0.019787403
2,64,CosineSchedule,md4,gibbs,32,1,4.0,True,,,7.8633733,0.020551184
3,64,CosineSchedule,md4,gibbs,32,1,4.0,True,,,7.922754,0.020456696
4,64,CosineSchedule,md4,gibbs,32,1,4.0,True,,,7.9212823,0.019976381
0,64,CosineSchedule,md4,gibbs,32,2,0.01,True,,,9.002672,0.017496062
1,64,CosineSchedule,md4,gibbs,32,2,0.01,True,,,9.009644,0.017803157
2,64,CosineSchedule,md4,gibbs,32,2,0.01,True,,,9.042741,0.017598428
3,64,CosineSchedule,md4,gibbs,32,2,0.01,True,,,8.91489,0.017858265
4,64,CosineSchedule,md4,gibbs,32,2,0.01,True,,,9.078013,0.017362209
0,64,CosineSchedule,md4,gibbs,32,2,0.1,True,,,9.122006,0.017322836
1,64,CosineSchedule,md4,gibbs,32,2,0.1,True,,,8.977417,0.017834648
2,64,CosineSchedule,md4,gibbs,32,2,0.1,True,,,9.162491,0.017157482
3,64,CosineSchedule,md4,gibbs,32,2,0.1,True,,,9.003939,0.017952763
4,64,CosineSchedule,md4,gibbs,32,2,0.1,True,,,9.046576,0.017606303
0,64,CosineSchedule,md4,gibbs,32,2,0.5,True,,,8.966725,0.018259842
1,64,CosineSchedule,md4,gibbs,32,2,0.5,True,,,8.846499,0.018598426
2,64,CosineSchedule,md4,gibbs,32,2,0.5,True,,,9.148085,0.016874019
3,64,CosineSchedule,md4,gibbs,32,2,0.5,True,,,9.046576,0.017472444
4,64,CosineSchedule,md4,gibbs,32,2,0.5,True,,,8.907446,0.018157482
0,64,CosineSchedule,md4,gibbs,32,2,1.0,True,,,8.911787,0.018212603
1,64,CosineSchedule,md4,gibbs,32,2,1.0,True,,,8.961702,0.017811028
2,64,CosineSchedule,md4,gibbs,32,2,1.0,True,,,8.919239,0.017456697
3,64,CosineSchedule,md4,gibbs,32,2,1.0,True,,,8.905587,0.017692916
4,64,CosineSchedule,md4,gibbs,32,2,1.0,True,,,8.839779,0.018023625
0,64,CosineSchedule,md4,gibbs,32,2,2.0,True,,,8.570472,0.018795276
1,64,CosineSchedule,md4,gibbs,32,2,2.0,True,,,8.634646,0.018157484
2,64,CosineSchedule,md4,gibbs,32,2,2.0,True,,,8.493696,0.019417329
3,64,CosineSchedule,md4,gibbs,32,2,2.0,True,,,8.641642,0.018220473
4,64,CosineSchedule,md4,gibbs,32,2,2.0,True,,,8.518001,0.018370084
0,64,CosineSchedule,md4,gibbs,32,2,4.0,True,,,7.971104,0.020000007
1,64,CosineSchedule,md4,gibbs,32,2,4.0,True,,,8.041211,0.020015752
2,64,CosineSchedule,md4,gibbs,32,2,4.0,True,,,8.077239,0.019622048
3,64,CosineSchedule,md4,gibbs,32,2,4.0,True,,,8.155983,0.019472444
4,64,CosineSchedule,md4,gibbs,32,2,4.0,True,,,7.9701114,0.019708669
0,64,CosineSchedule,md4,gibbs,32,4,0.01,True,,,7.959704,0.020724412
1,64,CosineSchedule,md4,gibbs,32,4,0.01,True,,,7.712702,0.022023624
2,64,CosineSchedule,md4,gibbs,32,4,0.01,True,,,7.921773,0.020771656
3,64,CosineSchedule,md4,gibbs,32,4,0.01,True,,,7.775955,0.021779532
4,64,CosineSchedule,md4,gibbs,32,4,0.01,True,,,7.796321,0.021692915
0,64,CosineSchedule,md4,gibbs,32,4,0.1,True,,,7.8340163,0.021362202
1,64,CosineSchedule,md4,gibbs,32,4,0.1,True,,,7.797271,0.021188976
2,64,CosineSchedule,md4,gibbs,32,4,0.1,True,,,7.8817735,0.020968508
3,64,CosineSchedule,md4,gibbs,32,4,0.1,True,,,7.7444344,0.021826774
4,64,CosineSchedule,md4,gibbs,32,4,0.1,True,,,7.764164,0.02180315
0,64,CosineSchedule,md4,gibbs,32,4,0.5,True,,,7.933557,0.020724412
1,64,CosineSchedule,md4,gibbs,32,4,0.5,True,,,7.861442,0.021220475
2,64,CosineSchedule,md4,gibbs,32,4,0.5,True,,,7.9980006,0.020826772
3,64,CosineSchedule,md4,gibbs,32,4,0.5,True,,,7.861925,0.021543313
4,64,CosineSchedule,md4,gibbs,32,4,0.5,True,,,7.836895,0.021488197
0,64,CosineSchedule,md4,gibbs,32,4,1.0,True,,,8.012519,0.0204252
1,64,CosineSchedule,md4,gibbs,32,4,1.0,True,,,7.897335,0.021299213
2,64,CosineSchedule,md4,gibbs,32,4,1.0,True,,,8.131631,0.020259844
3,64,CosineSchedule,md4,gibbs,32,4,1.0,True,,,8.081828,0.020141734
4,64,CosineSchedule,md4,gibbs,32,4,1.0,True,,,7.9193215,0.021086616
0,64,CosineSchedule,md4,gibbs,32,4,2.0,True,,,8.058424,0.020409452
1,64,CosineSchedule,md4,gibbs,32,4,2.0,True,,,8.035154,0.020700788
2,64,CosineSchedule,md4,gibbs,32,4,2.0,True,,,7.9626746,0.021401577
3,64,CosineSchedule,md4,gibbs,32,4,2.0,True,,,7.952286,0.021015752
4,64,CosineSchedule,md4,gibbs,32,4,2.0,True,,,7.8321,0.021921262
0,64,CosineSchedule,md4,gibbs,32,4,4.0,True,,,7.6213164,0.02168504
1,64,CosineSchedule,md4,gibbs,32,4,4.0,True,,,7.7887306,0.021496067
2,64,CosineSchedule,md4,gibbs,32,4,4.0,True,,,7.740219,0.021433074
3,64,CosineSchedule,md4,gibbs,32,4,4.0,True,,,7.668345,0.022078738
4,64,CosineSchedule,md4,gibbs,32,4,4.0,True,,,7.580244,0.02222835
0,64,CosineSchedule,md4,gibbs,32,8,0.01,True,,,5.990546,0.03020472
1,64,CosineSchedule,md4,gibbs,32,8,0.01,True,,,5.9604187,0.030275593
2,64,CosineSchedule,md4,gibbs,32,8,0.01,True,,,6.04087,0.029448824
3,64,CosineSchedule,md4,gibbs,32,8,0.01,True,,,5.9908266,0.02994488
4,64,CosineSchedule,md4,gibbs,32,8,0.01,True,,,6.062328,0.029905511
0,64,CosineSchedule,md4,gibbs,32,8,0.1,True,,,5.92154,0.030393705
1,64,CosineSchedule,md4,gibbs,32,8,0.1,True,,,6.0232453,0.029559055
2,64,CosineSchedule,md4,gibbs,32,8,0.1,True,,,6.0706663,0.02926772
3,64,CosineSchedule,md4,gibbs,32,8,0.1,True,,,5.9989686,0.029984256
4,64,CosineSchedule,md4,gibbs,32,8,0.1,True,,,6.06319,0.029094491
0,64,CosineSchedule,md4,gibbs,32,8,0.5,True,,,6.033467,0.02955119
1,64,CosineSchedule,md4,gibbs,32,8,0.5,True,,,6.163922,0.028755907
2,64,CosineSchedule,md4,gibbs,32,8,0.5,True,,,6.204857,0.028393706
3,64,CosineSchedule,md4,gibbs,32,8,0.5,True,,,6.046006,0.02952756
4,64,CosineSchedule,md4,gibbs,32,8,0.5,True,,,6.1973467,0.028748028
0,64,CosineSchedule,md4,gibbs,32,8,1.0,True,,,6.2561097,0.028385831
1,64,CosineSchedule,md4,gibbs,32,8,1.0,True,,,6.4032016,0.028181104
2,64,CosineSchedule,md4,gibbs,32,8,1.0,True,,,6.3404,0.02858268
3,64,CosineSchedule,md4,gibbs,32,8,1.0,True,,,6.213291,0.028204722
4,64,CosineSchedule,md4,gibbs,32,8,1.0,True,,,6.3653092,0.028157488
0,64,CosineSchedule,md4,gibbs,32,8,2.0,True,,,6.629033,0.026425201
1,64,CosineSchedule,md4,gibbs,32,8,2.0,True,,,6.7492747,0.026141737
2,64,CosineSchedule,md4,gibbs,32,8,2.0,True,,,6.633499,0.027519684
3,64,CosineSchedule,md4,gibbs,32,8,2.0,True,,,6.6143036,0.02637795
4,64,CosineSchedule,md4,gibbs,32,8,2.0,True,,,6.563766,0.02776378
0,64,CosineSchedule,md4,gibbs,32,8,4.0,True,,,6.727989,0.026440943
1,64,CosineSchedule,md4,gibbs,32,8,4.0,True,,,6.852248,0.02570866
2,64,CosineSchedule,md4,gibbs,32,8,4.0,True,,,6.7897305,0.02619685
3,64,CosineSchedule,md4,gibbs,32,8,4.0,True,,,6.7290506,0.026417324
4,64,CosineSchedule,md4,gibbs,32,8,4.0,True,,,6.64176,0.027204724
0,64,CosineSchedule,md4,gibbs,32,16,0.01,True,,,4.3497467,0.04607875
1,64,CosineSchedule,md4,gibbs,32,16,0.01,True,,,4.4321327,0.044787392
2,64,CosineSchedule,md4,gibbs,32,16,0.01,True,,,4.396359,0.04582677
3,64,CosineSchedule,md4,gibbs,32,16,0.01,True,,,4.4273806,0.04464567
4,64,CosineSchedule,md4,gibbs,32,16,0.01,True,,,4.43459,0.045330703
0,64,CosineSchedule,md4,gibbs,32,16,0.1,True,,,4.3290043,0.046338584
1,64,CosineSchedule,md4,gibbs,32,16,0.1,True,,,4.4282994,0.044724412
2,64,CosineSchedule,md4,gibbs,32,16,0.1,True,,,4.4162297,0.04491339
3,64,CosineSchedule,md4,gibbs,32,16,0.1,True,,,4.431366,0.045173228
4,64,CosineSchedule,md4,gibbs,32,16,0.1,True,,,4.4246254,0.045338575
0,64,CosineSchedule,md4,gibbs,32,16,0.5,True,,,4.424014,0.04503149
1,64,CosineSchedule,md4,gibbs,32,16,0.5,True,,,4.5292096,0.04394488
2,64,CosineSchedule,md4,gibbs,32,16,0.5,True,,,4.4789696,0.044188976
3,64,CosineSchedule,md4,gibbs,32,16,0.5,True,,,4.514195,0.043299217
4,64,CosineSchedule,md4,gibbs,32,16,0.5,True,,,4.5348263,0.044464562
0,64,CosineSchedule,md4,gibbs,32,16,1.0,True,,,4.6061387,0.044015747
1,64,CosineSchedule,md4,gibbs,32,16,1.0,True,,,4.6754575,0.042314958
2,64,CosineSchedule,md4,gibbs,32,16,1.0,True,,,4.6076317,0.043543313
3,64,CosineSchedule,md4,gibbs,32,16,1.0,True,,,4.6553917,0.042496063
4,64,CosineSchedule,md4,gibbs,32,16,1.0,True,,,4.6686363,0.042999994
0,64,CosineSchedule,md4,gibbs,32,16,2.0,True,,,4.9647036,0.040401578
1,64,CosineSchedule,md4,gibbs,32,16,2.0,True,,,4.8968973,0.041125987
2,64,CosineSchedule,md4,gibbs,32,16,2.0,True,,,4.9871426,0.040291343
3,64,CosineSchedule,md4,gibbs,32,16,2.0,True,,,4.940559,0.040811013
4,64,CosineSchedule,md4,gibbs,32,16,2.0,True,,,4.975511,0.040039368
0,64,CosineSchedule,md4,gibbs,32,16,4.0,True,,,5.22449,0.0375748
1,64,CosineSchedule,md4,gibbs,32,16,4.0,True,,,5.179041,0.03837007
2,64,CosineSchedule,md4,gibbs,32,16,4.0,True,,,5.225556,0.03886614
3,64,CosineSchedule,md4,gibbs,32,16,4.0,True,,,5.2110896,0.038590543
4,64,CosineSchedule,md4,gibbs,32,16,4.0,True,,,5.2677064,0.038007878
0,64,CosineSchedule,md4,gibbs,32,1,0.01,False,,,14.225384,1.5748032e-05
1,64,CosineSchedule,md4,gibbs,32,1,0.01,False,,,14.324082,0.0
2,64,CosineSchedule,md4,gibbs,32,1,0.01,False,,,14.252311,7.874016e-06
3,64,CosineSchedule,md4,gibbs,32,1,0.01,False,,,14.228546,0.0
4,64,CosineSchedule,md4,gibbs,32,1,0.01,False,,,14.320877,1.5748032e-05
0,64,CosineSchedule,md4,gibbs,32,1,0.1,False,,,14.134275,7.874016e-06
1,64,CosineSchedule,md4,gibbs,32,1,0.1,False,,,14.282526,7.874016e-06
2,64,CosineSchedule,md4,gibbs,32,1,0.1,False,,,14.193834,0.0
3,64,CosineSchedule,md4,gibbs,32,1,0.1,False,,,14.314472,7.874016e-06
4,64,CosineSchedule,md4,gibbs,32,1,0.1,False,,,14.062843,1.5748032e-05
0,64,CosineSchedule,md4,gibbs,32,1,0.5,False,,,13.483621,7.874016e-06
1,64,CosineSchedule,md4,gibbs,32,1,0.5,False,,,13.573701,0.0
2,64,CosineSchedule,md4,gibbs,32,1,0.5,False,,,13.28352,7.874016e-06
3,64,CosineSchedule,md4,gibbs,32,1,0.5,False,,,13.456686,7.874016e-06
4,64,CosineSchedule,md4,gibbs,32,1,0.5,False,,,13.35002,0.0
0,64,CosineSchedule,md4,gibbs,32,1,1.0,False,,,12.336161,1.5748032e-05
1,64,CosineSchedule,md4,gibbs,32,1,1.0,False,,,12.381505,7.874016e-06
2,64,CosineSchedule,md4,gibbs,32,1,1.0,False,,,12.202097,7.874016e-06
3,64,CosineSchedule,md4,gibbs,32,1,1.0,False,,,12.465914,0.0
4,64,CosineSchedule,md4,gibbs,32,1,1.0,False,,,12.265235,0.0
0,64,CosineSchedule,md4,gibbs,32,1,2.0,False,,,11.325429,2.3622048e-05
1,64,CosineSchedule,md4,gibbs,32,1,2.0,False,,,11.180016,1.5748032e-05
2,64,CosineSchedule,md4,gibbs,32,1,2.0,False,,,11.130434,0.0
3,64,CosineSchedule,md4,gibbs,32,1,2.0,False,,,11.149825,0.0
4,64,CosineSchedule,md4,gibbs,32,1,2.0,False,,,11.176111,1.5748032e-05
0,64,CosineSchedule,md4,gibbs,32,1,4.0,False,,,10.258876,1.5748032e-05
1,64,CosineSchedule,md4,gibbs,32,1,4.0,False,,,10.19839,1.5748032e-05
2,64,CosineSchedule,md4,gibbs,32,1,4.0,False,,,10.002344,0.0
3,64,CosineSchedule,md4,gibbs,32,1,4.0,False,,,10.122579,0.0
4,64,CosineSchedule,md4,gibbs,32,1,4.0,False,,,10.100213,2.3622048e-05
0,64,CosineSchedule,md4,gibbs,32,2,0.01,False,,,12.551481,0.00023622042
1,64,CosineSchedule,md4,gibbs,32,2,0.01,False,,,12.487804,0.00026771644
2,64,CosineSchedule,md4,gibbs,32,2,0.01,False,,,12.553944,0.00025196845
3,64,CosineSchedule,md4,gibbs,32,2,0.01,False,,,12.46106,0.00015748027
4,64,CosineSchedule,md4,gibbs,32,2,0.01,False,,,12.618297,0.00021259839
0,64,CosineSchedule,md4,gibbs,32,2,0.1,False,,,12.646972,0.00024409444
1,64,CosineSchedule,md4,gibbs,32,2,0.1,False,,,12.454996,0.00033858258
2,64,CosineSchedule,md4,gibbs,32,2,0.1,False,,,12.608353,0.00032283456
3,64,CosineSchedule,md4,gibbs,32,2,0.1,False,,,12.474418,0.00022834644
4,64,CosineSchedule,md4,gibbs,32,2,0.1,False,,,12.517113,0.00025984246
0,64,CosineSchedule,md4,gibbs,32,2,0.5,False,,,12.447729,0.00014173228
1,64,CosineSchedule,md4,gibbs,32,2,0.5,False,,,12.663238,0.00014960626
2,64,CosineSchedule,md4,gibbs,32,2,0.5,False,,,12.507329,0.0001102362
3,64,CosineSchedule,md4,gibbs,32,2,0.5,False,,,12.533047,0.00019685036
4,64,CosineSchedule,md4,gibbs,32,2,0.5,False,,,12.491461,0.00010236219
0,64,CosineSchedule,md4,gibbs,32,2,1.0,False,,,12.170772,8.661416e-05
1,64,CosineSchedule,md4,gibbs,32,2,1.0,False,,,12.162675,9.4488176e-05
2,64,CosineSchedule,md4,gibbs,32,2,1.0,False,,,12.140757,3.937008e-05
3,64,CosineSchedule,md4,gibbs,32,2,1.0,False,,,12.233584,6.299213e-05
4,64,CosineSchedule,md4,gibbs,32,2,1.0,False,,,12.042526,6.299213e-05
0,64,CosineSchedule,md4,gibbs,32,2,2.0,False,,,11.145942,3.1496063e-05
1,64,CosineSchedule,md4,gibbs,32,2,2.0,False,,,11.32643,2.3622048e-05
2,64,CosineSchedule,md4,gibbs,32,2,2.0,False,,,11.309419,2.3622048e-05
3,64,CosineSchedule,md4,gibbs,32,2,2.0,False,,,11.285487,3.1496063e-05
4,64,CosineSchedule,md4,gibbs,32,2,2.0,False,,,11.165387,2.3622048e-05
0,64,CosineSchedule,md4,gibbs,32,2,4.0,False,,,10.246558,3.937008e-05
1,64,CosineSchedule,md4,gibbs,32,2,4.0,False,,,10.261343,6.299213e-05
2,64,CosineSchedule,md4,gibbs,32,2,4.0,False,,,10.299324,1.5748032e-05
3,64,CosineSchedule,md4,gibbs,32,2,4.0,False,,,10.421756,7.874016e-06
4,64,CosineSchedule,md4,gibbs,32,2,4.0,False,,,10.120176,2.3622048e-05
0,64,CosineSchedule,md4,gibbs,32,4,0.01,False,,,10.82544,0.0010393698
1,64,CosineSchedule,md4,gibbs,32,4,0.01,False,,,10.64272,0.0008897635
2,64,CosineSchedule,md4,gibbs,32,4,0.01,False,,,10.8272705,0.0009212596
3,64,CosineSchedule,md4,gibbs,32,4,0.01,False,,,10.698763,0.0010078738
4,64,CosineSchedule,md4,gibbs,32,4,0.01,False,,,10.644491,0.00094488164
0,64,CosineSchedule,md4,gibbs,32,4,0.1,False,,,10.684474,0.0010236219
1,64,CosineSchedule,md4,gibbs,32,4,0.1,False,,,10.727456,0.0010393698
2,64,CosineSchedule,md4,gibbs,32,4,0.1,False,,,10.718473,0.0009999997
3,64,CosineSchedule,md4,gibbs,32,4,0.1,False,,,10.838273,0.0009921257
4,64,CosineSchedule,md4,gibbs,32,4,0.1,False,,,10.746369,0.0009921258
0,64,CosineSchedule,md4,gibbs,32,4,0.5,False,,,11.2537365,0.00086614146
1,64,CosineSchedule,md4,gibbs,32,4,0.5,False,,,11.2399025,0.0008346454
2,64,CosineSchedule,md4,gibbs,32,4,0.5,False,,,11.32643,0.0007007873
3,64,CosineSchedule,md4,gibbs,32,4,0.5,False,,,11.115935,0.0010314957
4,64,CosineSchedule,md4,gibbs,32,4,0.5,False,,,11.17416,0.0006456691
0,64,CosineSchedule,md4,gibbs,32,4,1.0,False,,,11.430613,0.00031496055
1,64,CosineSchedule,md4,gibbs,32,4,1.0,False,,,11.47159,0.00037795265
2,64,CosineSchedule,md4,gibbs,32,4,1.0,False,,,11.451065,0.00030708654
3,64,CosineSchedule,md4,gibbs,32,4,1.0,False,,,11.489094,0.00035433064
4,64,CosineSchedule,md4,gibbs,32,4,1.0,False,,,11.291461,0.0003385826
0,64,CosineSchedule,md4,gibbs,32,4,2.0,False,,,10.860344,0.00024409444
1,64,CosineSchedule,md4,gibbs,32,4,2.0,False,,,10.995619,0.00011811023
2,64,CosineSchedule,md4,gibbs,32,4,2.0,False,,,11.064051,0.00018110235
3,64,CosineSchedule,md4,gibbs,32,4,2.0,False,,,10.910331,0.00016535429
4,64,CosineSchedule,md4,gibbs,32,4,2.0,False,,,10.728354,0.00011811023
0,64,CosineSchedule,md4,gibbs,32,4,4.0,False,,,10.049462,0.00012598424
1,64,CosineSchedule,md4,gibbs,32,4,4.0,False,,,10.19027,6.299213e-05
2,64,CosineSchedule,md4,gibbs,32,4,4.0,False,,,10.314262,7.874015e-05
3,64,CosineSchedule,md4,gibbs,32,4,4.0,False,,,10.255589,0.00013385824
4,64,CosineSchedule,md4,gibbs,32,4,4.0,False,,,10.10819,5.511811e-05
0,64,CosineSchedule,md4,gibbs,32,8,0.01,False,,,7.9855266,0.003456692
1,64,CosineSchedule,md4,gibbs,32,8,0.01,False,,,7.98453,0.0032440936
2,64,CosineSchedule,md4,gibbs,32,8,0.01,False,,,8.029105,0.0033779517
3,64,CosineSchedule,md4,gibbs,32,8,0.01,False,,,7.9985,0.0035826762
4,64,CosineSchedule,md4,gibbs,32,8,0.01,False,,,8.085913,0.0036771642
0,64,CosineSchedule,md4,gibbs,32,8,0.1,False,,,7.9517913,0.0036220462
1,64,CosineSchedule,md4,gibbs,32,8,0.1,False,,,8.029105,0.0035826762
2,64,CosineSchedule,md4,gibbs,32,8,0.1,False,,,8.097678,0.0033070857
3,64,CosineSchedule,md4,gibbs,32,8,0.1,False,,,7.9706078,0.003692912
4,64,CosineSchedule,md4,gibbs,32,8,0.1,False,,,8.067566,0.0038818885
0,64,CosineSchedule,md4,gibbs,32,8,0.5,False,,,8.681498,0.0027007866
1,64,CosineSchedule,md4,gibbs,32,8,0.5,False,,,8.7695265,0.0027086607
2,64,CosineSchedule,md4,gibbs,32,8,0.5,False,,,8.731241,0.0026377947
3,64,CosineSchedule,md4,gibbs,32,8,0.5,False,,,8.635228,0.0025590544
4,64,CosineSchedule,md4,gibbs,32,8,0.5,False,,,8.92297,0.0026692904
0,64,CosineSchedule,md4,gibbs,32,8,1.0,False,,,9.554378,0.001102362
1,64,CosineSchedule,md4,gibbs,32,8,1.0,False,,,9.51956,0.0012440941
2,64,CosineSchedule,md4,gibbs,32,8,1.0,False,,,9.656006,0.0011338579
3,64,CosineSchedule,md4,gibbs,32,8,1.0,False,,,9.485698,0.0012047241
4,64,CosineSchedule,md4,gibbs,32,8,1.0,False,,,9.528772,0.0010314957
0,64,CosineSchedule,md4,gibbs,32,8,2.0,False,,,9.705793,0.0004409448
1,64,CosineSchedule,md4,gibbs,32,8,2.0,False,,,9.76801,0.000566929
2,64,CosineSchedule,md4,gibbs,32,8,2.0,False,,,9.619721,0.0004803148
3,64,CosineSchedule,md4,gibbs,32,8,2.0,False,,,9.619721,0.0006299211
4,64,CosineSchedule,md4,gibbs,32,8,2.0,False,,,9.590889,0.000551181
0,64,CosineSchedule,md4,gibbs,32,8,4.0,False,,,9.191441,0.00042519675
1,64,CosineSchedule,md4,gibbs,32,8,4.0,False,,,9.325367,0.00037007866
2,64,CosineSchedule,md4,gibbs,32,8,4.0,False,,,9.282089,0.0003385826
3,64,CosineSchedule,md4,gibbs,32,8,4.0,False,,,9.1070795,0.00039370073
4,64,CosineSchedule,md4,gibbs,32,8,4.0,False,,,9.208633,0.00034645663
0,64,CosineSchedule,md4,gibbs,32,16,0.01,False,,,5.476873,0.012299214
1,64,CosineSchedule,md4,gibbs,32,16,0.01,False,,,5.559416,0.012897639
2,64,CosineSchedule,md4,gibbs,32,16,0.01,False,,,5.5368114,0.011937009
3,64,CosineSchedule,md4,gibbs,32,16,0.01,False,,,5.554591,0.012511814
4,64,CosineSchedule,md4,gibbs,32,16,0.01,False,,,5.60543,0.012511813
0,64,CosineSchedule,md4,gibbs,32,16,0.1,False,,,5.4909697,0.011440946
1,64,CosineSchedule,md4,gibbs,32,16,0.1,False,,,5.543285,0.012574806
2,64,CosineSchedule,md4,gibbs,32,16,0.1,False,,,5.5120144,0.012133861
3,64,CosineSchedule,md4,gibbs,32,16,0.1,False,,,5.573699,0.012496065
4,64,CosineSchedule,md4,gibbs,32,16,0.1,False,,,5.6147738,0.012251969
0,64,CosineSchedule,md4,gibbs,32,16,0.5,False,,,6.203955,0.008472439
1,64,CosineSchedule,md4,gibbs,32,16,0.5,False,,,6.245121,0.00802362
2,64,CosineSchedule,md4,gibbs,32,16,0.5,False,,,6.2187243,0.008251967
3,64,CosineSchedule,md4,gibbs,32,16,0.5,False,,,6.237513,0.008031494
4,64,CosineSchedule,md4,gibbs,32,16,0.5,False,,,6.3063507,0.007921257
0,64,CosineSchedule,md4,gibbs,32,16,1.0,False,,,7.1036124,0.0031653536
1,64,CosineSchedule,md4,gibbs,32,16,1.0,False,,,7.178107,0.00347244
2,64,CosineSchedule,md4,gibbs,32,16,1.0,False,,,7.2595286,0.0033307078
3,64,CosineSchedule,md4,gibbs,32,16,1.0,False,,,7.1456485,0.0035984241
4,64,CosineSchedule,md4,gibbs,32,16,1.0,False,,,7.234908,0.003614172
0,64,CosineSchedule,md4,gibbs,32,16,2.0,False,,,7.525428,0.0020078735
1,64,CosineSchedule,md4,gibbs,32,16,2.0,False,,,7.593735,0.0020472435
2,64,CosineSchedule,md4,gibbs,32,16,2.0,False,,,7.6858406,0.0018188971
3,64,CosineSchedule,md4,gibbs,32,16,2.0,False,,,7.5815907,0.0019685032
4,64,CosineSchedule,md4,gibbs,32,16,2.0,False,,,7.690459,0.001748031
0,64,CosineSchedule,md4,gibbs,32,16,4.0,False,,,7.5694857,0.0013228343
1,64,CosineSchedule,md4,gibbs,32,16,4.0,False,,,7.5302978,0.0013937005
2,64,CosineSchedule,md4,gibbs,32,16,4.0,False,,,7.7467766,0.0012519682
3,64,CosineSchedule,md4,gibbs,32,16,4.0,False,,,7.5011725,0.0012992122
4,64,CosineSchedule,md4,gibbs,32,16,4.0,False,,,7.7196794,0.0012598422
0,64,CosineSchedule,maskgit,none,64,,,True,0.01,,70.79646,0.0
1,64,CosineSchedule,maskgit,none,64,,,True,0.01,,69.75476,3.937008e-05
2,64,CosineSchedule,maskgit,none,64,,,True,0.01,,72.03151,7.874016e-06
3,64,CosineSchedule,maskgit,none,64,,,True,0.01,,70.83563,1.5748032e-05
4,64,CosineSchedule,maskgit,none,64,,,True,0.01,,70.36833,7.874016e-06
0,64,CosineSchedule,maskgit,none,64,,,True,0.1,,69.640915,0.0
1,64,CosineSchedule,maskgit,none,64,,,True,0.1,,69.565216,3.937008e-05
2,64,CosineSchedule,maskgit,none,64,,,True,0.1,,71.50838,1.5748032e-05
3,64,CosineSchedule,maskgit,none,64,,,True,0.1,,70.252464,1.5748032e-05
4,64,CosineSchedule,maskgit,none,64,,,True,0.1,,69.26407,7.874016e-06
0,64,CosineSchedule,maskgit,none,64,,,True,0.5,,20.681854,0.0
1,64,CosineSchedule,maskgit,none,64,,,True,0.5,,20.765738,1.5748032e-05
2,64,CosineSchedule,maskgit,none,64,,,True,0.5,,20.823166,0.0
3,64,CosineSchedule,maskgit,none,64,,,True,0.5,,20.698578,0.0
4,64,CosineSchedule,maskgit,none,64,,,True,0.5,,20.77922,0.0
0,64,CosineSchedule,maskgit,none,64,,,True,1.0,,15.044664,4.7244095e-05
1,64,CosineSchedule,maskgit,none,64,,,True,1.0,,14.625228,3.1496063e-05
2,64,CosineSchedule,maskgit,none,64,,,True,1.0,,14.899313,3.1496063e-05
3,64,CosineSchedule,maskgit,none,64,,,True,1.0,,14.84058,1.5748032e-05
4,64,CosineSchedule,maskgit,none,64,,,True,1.0,,14.902782,3.1496063e-05
0,64,CosineSchedule,maskgit,none,64,,,True,2.0,,12.8140955,7.086614e-05
1,64,CosineSchedule,maskgit,none,64,,,True,2.0,,12.713548,8.661416e-05
2,64,CosineSchedule,maskgit,none,64,,,True,2.0,,12.650722,0.00013385825
3,64,CosineSchedule,maskgit,none,64,,,True,2.0,,12.537956,9.4488176e-05
4,64,CosineSchedule,maskgit,none,64,,,True,2.0,,12.602147,0.000110236215
0,64,CosineSchedule,maskgit,none,64,,,True,4.0,,11.484971,0.00013385824
1,64,CosineSchedule,maskgit,none,64,,,True,4.0,,11.503551,0.0001574803
2,64,CosineSchedule,maskgit,none,64,,,True,4.0,,11.254727,0.00018110234
3,64,CosineSchedule,maskgit,none,64,,,True,4.0,,11.34953,0.00021259839
4,64,CosineSchedule,maskgit,none,64,,,True,4.0,,11.245827,0.00014173225
0,64,CosineSchedule,maskgit,none,64,,,False,0.01,,70.40704,0.0
1,64,CosineSchedule,maskgit,none,64,,,False,0.01,,69.11447,3.937008e-05
2,64,CosineSchedule,maskgit,none,64,,,False,0.01,,71.66853,3.1496063e-05
3,64,CosineSchedule,maskgit,none,64,,,False,0.01,,70.60122,1.5748032e-05
4,64,CosineSchedule,maskgit,none,64,,,False,0.01,,69.640915,1.5748032e-05
0,64,CosineSchedule,maskgit,none,64,,,False,0.1,,63.397728,3.937008e-05
1,64,CosineSchedule,maskgit,none,64,,,False,0.1,,64.90872,4.7244095e-05
2,64,CosineSchedule,maskgit,none,64,,,False,0.1,,65.239555,2.3622048e-05
3,64,CosineSchedule,maskgit,none,64,,,False,0.1,,63.209877,3.937008e-05
4,64,CosineSchedule,maskgit,none,64,,,False,0.1,,65.139946,0.0
0,64,CosineSchedule,maskgit,none,64,,,False,0.5,,15.918417,0.00014960629
1,64,CosineSchedule,maskgit,none,64,,,False,0.5,,15.728681,0.00014960628
2,64,CosineSchedule,maskgit,none,64,,,False,0.5,,16.137165,7.874015e-05
3,64,CosineSchedule,maskgit,none,64,,,False,0.5,,15.98202,0.00015748029
4,64,CosineSchedule,maskgit,none,64,,,False,0.5,,15.974043,0.00016535431
0,64,CosineSchedule,maskgit,none,64,,,False,1.0,,13.549274,0.0002362204
1,64,CosineSchedule,maskgit,none,64,,,False,1.0,,13.370939,0.0002913385
2,64,CosineSchedule,maskgit,none,64,,,False,1.0,,13.51066,0.00025196845
3,64,CosineSchedule,maskgit,none,64,,,False,1.0,,13.280764,0.00019685033
4,64,CosineSchedule,maskgit,none,64,,,False,1.0,,13.455272,0.00024409444
0,64,CosineSchedule,maskgit,none,64,,,False,2.0,,11.9236145,0.0003307086
1,64,CosineSchedule,maskgit,none,64,,,False,2.0,,11.832132,0.00030708654
2,64,CosineSchedule,maskgit,none,64,,,False,2.0,,11.767951,0.00040944875
3,64,CosineSchedule,maskgit,none,64,,,False,2.0,,11.685229,0.0002992125
4,64,CosineSchedule,maskgit,none,64,,,False,2.0,,11.643774,0.0003700786
0,64,CosineSchedule,maskgit,none,64,,,False,4.0,,10.807159,0.00037795267
1,64,CosineSchedule,maskgit,none,64,,,False,4.0,,10.778948,0.00041732274
2,64,CosineSchedule,maskgit,none,64,,,False,4.0,,10.58201,0.00045669277
3,64,CosineSchedule,maskgit,none,64,,,False,4.0,,10.71937,0.00046456678
4,64,CosineSchedule,maskgit,none,64,,,False,4.0,,10.57327,0.00046456678
0,128,CosineSchedule,md4,forward_backward,64,,,False,,0.01,8.731241,0.0019763773
1,128,CosineSchedule,md4,forward_backward,64,,,False,,0.01,8.752735,0.0021811018
2,128,CosineSchedule,md4,forward_backward,64,,,False,,0.01,8.724695,0.0019685032
3,128,CosineSchedule,md4,forward_backward,64,,,False,,0.01,8.731837,0.0020708658
4,128,CosineSchedule,md4,forward_backward,64,,,False,,0.01,8.692109,0.0020866136
0,128,CosineSchedule,md4,forward_backward,64,,,False,,0.1,8.730051,0.001779527
1,128,CosineSchedule,md4,forward_backward,64,,,False,,0.1,8.761123,0.0018661412
2,128,CosineSchedule,md4,forward_backward,64,,,False,,0.1,8.823327,0.001787401
3,128,CosineSchedule,md4,forward_backward,64,,,False,,0.1,8.820894,0.0018346452
4,128,CosineSchedule,md4,forward_backward,64,,,False,,0.1,8.767724,0.001787401
0,128,CosineSchedule,md4,forward_backward,64,,,False,,0.5,8.734817,0.0014015745
1,128,CosineSchedule,md4,forward_backward,64,,,False,,0.5,8.826978,0.0012913382
2,128,CosineSchedule,md4,forward_backward,64,,,False,,0.5,8.788191,0.0013149602
3,128,CosineSchedule,md4,forward_backward,64,,,False,,0.5,8.968611,0.001125984
4,128,CosineSchedule,md4,forward_backward,64,,,False,,0.5,8.741379,0.0012755902
0,128,CosineSchedule,md4,forward_backward,64,,,False,,1.0,8.866108,0.0011811021
1,128,CosineSchedule,md4,forward_backward,64,,,False,,1.0,8.753333,0.0012519682
2,128,CosineSchedule,md4,forward_backward,64,,,False,,1.0,8.8784075,0.0011732279
3,128,CosineSchedule,md4,forward_backward,64,,,False,,1.0,8.807542,0.0013700784
4,128,CosineSchedule,md4,forward_backward,64,,,False,,1.0,8.659181,0.0011811021
0,128,CosineSchedule,md4,forward_backward,64,,,False,,1.5,8.627081,0.0016220468
1,128,CosineSchedule,md4,forward_backward,64,,,False,,1.5,8.74556,0.0013858264
2,128,CosineSchedule,md4,forward_backward,64,,,False,,1.5,8.735413,0.0013228343
3,128,CosineSchedule,md4,forward_backward,64,,,False,,1.5,8.730051,0.0014015745
4,128,CosineSchedule,md4,forward_backward,64,,,False,,1.5,8.593488,0.0014724405
0,128,CosineSchedule,md4,forward_backward,64,,,False,,2.0,8.527649,0.0015511807
1,128,CosineSchedule,md4,forward_backward,64,,,False,,2.0,8.5344715,0.0015511807
2,128,CosineSchedule,md4,forward_backward,64,,,False,,2.0,8.553863,0.0014251965
3,128,CosineSchedule,md4,forward_backward,64,,,False,,2.0,8.512336,0.001795275
4,128,CosineSchedule,md4,forward_backward,64,,,False,,2.0,8.48919,0.001787401
0,128,CosineSchedule,md4,forward_backward,64,,,False,,3.0,8.134214,0.0020866136
1,128,CosineSchedule,md4,forward_backward,64,,,False,,3.0,8.1378355,0.0019133853
2,128,CosineSchedule,md4,forward_backward,64,,,False,,3.0,8.094605,0.0019999994
3,128,CosineSchedule,md4,forward_backward,64,,,False,,3.0,8.078768,0.0022204716
4,128,CosineSchedule,md4,forward_backward,64,,,False,,3.0,8.067058,0.002299212
0,128,CosineSchedule,md4,forward_backward,64,,,False,,4.0,7.843137,0.002456692
1,128,CosineSchedule,md4,forward_backward,64,,,False,,4.0,7.7458396,0.0024645664
2,128,CosineSchedule,md4,forward_backward,64,,,False,,4.0,7.825396,0.0025196841
3,128,CosineSchedule,md4,forward_backward,64,,,False,,4.0,7.9537687,0.0024881882
4,128,CosineSchedule,md4,forward_backward,64,,,False,,4.0,7.8919783,0.0023385822
0,128,CosineSchedule,md4,forward_backward,64,,,False,,5.0,7.5373926,0.0031102353
1,128,CosineSchedule,md4,forward_backward,64,,,False,,5.0,7.481443,0.0031259833
2,128,CosineSchedule,md4,forward_backward,64,,,False,,5.0,7.5757575,0.0033543298
3,128,CosineSchedule,md4,forward_backward,64,,,False,,5.0,7.5668006,0.002826771
4,128,CosineSchedule,md4,forward_backward,64,,,False,,5.0,7.511737,0.0032677157
0,128,CosineSchedule,md4,forward_backward,64,,,False,,0.01,8.731241,0.0019763773
1,128,CosineSchedule,md4,forward_backward,64,,,False,,0.01,8.752735,0.0021811018
2,128,CosineSchedule,md4,forward_backward,64,,,False,,0.01,8.724695,0.0019685032
3,128,CosineSchedule,md4,forward_backward,64,,,False,,0.01,8.731837,0.0020708658
4,128,CosineSchedule,md4,forward_backward,64,,,False,,0.01,8.692109,0.0020866136
0,128,CosineSchedule,md4,forward_backward,64,,,False,,0.1,8.730051,0.001779527
1,128,CosineSchedule,md4,forward_backward,64,,,False,,0.1,8.761123,0.0018661412
2,128,CosineSchedule,md4,forward_backward,64,,,False,,0.1,8.823327,0.001787401
3,128,CosineSchedule,md4,forward_backward,64,,,False,,0.1,8.820894,0.0018346452
4,128,CosineSchedule,md4,forward_backward,64,,,False,,0.1,8.767724,0.001787401
0,128,CosineSchedule,md4,forward_backward,64,,,False,,0.5,8.734817,0.0014015745
1,128,CosineSchedule,md4,forward_backward,64,,,False,,0.5,8.826978,0.0012913382
2,128,CosineSchedule,md4,forward_backward,64,,,False,,0.5,8.788191,0.0013149602
3,128,CosineSchedule,md4,forward_backward,64,,,False,,0.5,8.968611,0.001125984
4,128,CosineSchedule,md4,forward_backward,64,,,False,,0.5,8.741379,0.0012755902
0,128,CosineSchedule,md4,forward_backward,64,,,False,,1.0,8.866108,0.0011811021
1,128,CosineSchedule,md4,forward_backward,64,,,False,,1.0,8.753333,0.0012519682
2,128,CosineSchedule,md4,forward_backward,64,,,False,,1.0,8.8784075,0.0011732279
3,128,CosineSchedule,md4,forward_backward,64,,,False,,1.0,8.807542,0.0013700784
4,128,CosineSchedule,md4,forward_backward,64,,,False,,1.0,8.659181,0.0011811021
0,128,CosineSchedule,md4,forward_backward,64,,,False,,1.5,8.627081,0.0016220468
1,128,CosineSchedule,md4,forward_backward,64,,,False,,1.5,8.74556,0.0013858264
2,128,CosineSchedule,md4,forward_backward,64,,,False,,1.5,8.735413,0.0013228343
3,128,CosineSchedule,md4,forward_backward,64,,,False,,1.5,8.730051,0.0014015745
4,128,CosineSchedule,md4,forward_backward,64,,,False,,1.5,8.593488,0.0014724405
0,128,CosineSchedule,md4,forward_backward,64,,,False,,2.0,8.527649,0.0015511807
1,128,CosineSchedule,md4,forward_backward,64,,,False,,2.0,8.5344715,0.0015511807
2,128,CosineSchedule,md4,forward_backward,64,,,False,,2.0,8.553863,0.0014251965
3,128,CosineSchedule,md4,forward_backward,64,,,False,,2.0,8.512336,0.001795275
4,128,CosineSchedule,md4,forward_backward,64,,,False,,2.0,8.48919,0.001787401
0,128,CosineSchedule,md4,forward_backward,64,,,False,,3.0,8.134214,0.0020866136
1,128,CosineSchedule,md4,forward_backward,64,,,False,,3.0,8.1378355,0.0019133853
2,128,CosineSchedule,md4,forward_backward,64,,,False,,3.0,8.094605,0.0019999994
3,128,CosineSchedule,md4,forward_backward,64,,,False,,3.0,8.078768,0.0022204716
4,128,CosineSchedule,md4,forward_backward,64,,,False,,3.0,8.067058,0.002299212
0,128,CosineSchedule,md4,forward_backward,64,,,False,,4.0,7.843137,0.002456692
1,128,CosineSchedule,md4,forward_backward,64,,,False,,4.0,7.7458396,0.0024645664
2,128,CosineSchedule,md4,forward_backward,64,,,False,,4.0,7.825396,0.0025196841
3,128,CosineSchedule,md4,forward_backward,64,,,False,,4.0,7.9537687,0.0024881882
4,128,CosineSchedule,md4,forward_backward,64,,,False,,4.0,7.8919783,0.0023385822
0,128,CosineSchedule,md4,forward_backward,64,,,False,,5.0,7.5373926,0.0031102353
1,128,CosineSchedule,md4,forward_backward,64,,,False,,5.0,7.481443,0.0031259833
2,128,CosineSchedule,md4,forward_backward,64,,,False,,5.0,7.5757575,0.0033543298
3,128,CosineSchedule,md4,forward_backward,64,,,False,,5.0,7.5668006,0.002826771
4,128,CosineSchedule,md4,forward_backward,64,,,False,,5.0,7.511737,0.0032677157
0,128,CosineSchedule,md4,none,128,,,False,,,9.099957,0.0010157478
1,128,CosineSchedule,md4,none,128,,,False,,,8.994449,0.0012125982
2,128,CosineSchedule,md4,none,128,,,False,,,9.121357,0.0010787398
3,128,CosineSchedule,md4,none,128,,,False,,,9.051054,0.0011023618
4,128,CosineSchedule,md4,none,128,,,False,,,9.076083,0.001086614
0,128,CosineSchedule,md4,none,128,,,False,,,9.099957,0.0010157478
1,128,CosineSchedule,md4,none,128,,,False,,,8.994449,0.0012125982
2,128,CosineSchedule,md4,none,128,,,False,,,9.121357,0.0010787398
3,128,CosineSchedule,md4,none,128,,,False,,,9.051054,0.0011023618
4,128,CosineSchedule,md4,none,128,,,False,,,9.076083,0.001086614
0,128,CosineSchedule,md4,gibbs,64,1,0.01,True,,,10.772598,0.014755908
1,128,CosineSchedule,md4,gibbs,64,1,0.01,True,,,10.819949,0.014433074
2,128,CosineSchedule,md4,gibbs,64,1,0.01,True,,,10.819035,0.014905513
3,128,CosineSchedule,md4,gibbs,64,1,0.01,True,,,10.886205,0.014622049
4,128,CosineSchedule,md4,gibbs,64,1,0.01,True,,,10.935497,0.014314965
0,128,CosineSchedule,md4,gibbs,64,1,0.1,True,,,10.843782,0.0145984255
1,128,CosineSchedule,md4,gibbs,64,1,0.1,True,,,10.94672,0.014275591
2,128,CosineSchedule,md4,gibbs,64,1,0.1,True,,,10.908471,0.01435433
3,128,CosineSchedule,md4,gibbs,64,1,0.1,True,,,10.944848,0.014598426
4,128,CosineSchedule,md4,gibbs,64,1,0.1,True,,,10.897326,0.014496064
0,128,CosineSchedule,md4,gibbs,64,1,0.5,True,,,10.5898905,0.014732288
1,128,CosineSchedule,md4,gibbs,64,1,0.5,True,,,10.585511,0.014795278
2,128,CosineSchedule,md4,gibbs,64,1,0.5,True,,,10.688044,0.014787404
3,128,CosineSchedule,md4,gibbs,64,1,0.5,True,,,10.744564,0.014472444
4,128,CosineSchedule,md4,gibbs,64,1,0.5,True,,,10.678234,0.014755909
0,128,CosineSchedule,md4,gibbs,64,1,1.0,True,,,10.143435,0.015614174
1,128,CosineSchedule,md4,gibbs,64,1,1.0,True,,,9.985178,0.016346456
2,128,CosineSchedule,md4,gibbs,64,1,1.0,True,,,10.2171135,0.015417325
3,128,CosineSchedule,md4,gibbs,64,1,1.0,True,,,10.345106,0.014984254
4,128,CosineSchedule,md4,gibbs,64,1,1.0,True,,,10.144238,0.015708664
0,128,CosineSchedule,md4,gibbs,64,1,2.0,True,,,9.3601465,0.017267719
1,128,CosineSchedule,md4,gibbs,64,1,2.0,True,,,9.372483,0.017283468
2,128,CosineSchedule,md4,gibbs,64,1,2.0,True,,,9.538003,0.016842522
3,128,CosineSchedule,md4,gibbs,64,1,2.0,True,,,9.494844,0.016606301
4,128,CosineSchedule,md4,gibbs,64,1,2.0,True,,,9.278724,0.017614178
0,128,CosineSchedule,md4,gibbs,64,1,4.0,True,,,8.555006,0.018984256
1,128,CosineSchedule,md4,gibbs,64,1,4.0,True,,,8.596373,0.01877953
2,128,CosineSchedule,md4,gibbs,64,1,4.0,True,,,8.518568,0.019165356
3,128,CosineSchedule,md4,gibbs,64,1,4.0,True,,,8.635228,0.018716536
4,128,CosineSchedule,md4,gibbs,64,1,4.0,True,,,8.511205,0.019125987
0,128,CosineSchedule,md4,gibbs,64,2,0.01,True,,,9.577254,0.016740162
1,128,CosineSchedule,md4,gibbs,64,2,0.01,True,,,9.661836,0.016496064
2,128,CosineSchedule,md4,gibbs,64,2,0.01,True,,,9.535161,0.017125988
3,128,CosineSchedule,md4,gibbs,64,2,0.01,True,,,9.726444,0.016314961
4,128,CosineSchedule,md4,gibbs,64,2,0.01,True,,,9.569378,0.016535435
0,128,CosineSchedule,md4,gibbs,64,2,0.1,True,,,9.713896,0.016023627
1,128,CosineSchedule,md4,gibbs,64,2,0.1,True,,,9.665483,0.016196853
2,128,CosineSchedule,md4,gibbs,64,2,0.1,True,,,9.610331,0.016464567
3,128,CosineSchedule,md4,gibbs,64,2,0.1,True,,,9.592325,0.016960632
4,128,CosineSchedule,md4,gibbs,64,2,0.1,True,,,9.69697,0.01630709
0,128,CosineSchedule,md4,gibbs,64,2,0.5,True,,,9.775469,0.015748031
1,128,CosineSchedule,md4,gibbs,64,2,0.5,True,,,9.656006,0.01637796
2,128,CosineSchedule,md4,gibbs,64,2,0.5,True,,,9.712421,0.016220473
3,128,CosineSchedule,md4,gibbs,64,2,0.5,True,,,9.700644,0.016354334
4,128,CosineSchedule,md4,gibbs,64,2,0.5,True,,,9.74941,0.016559057
0,128,CosineSchedule,md4,gibbs,64,2,1.0,True,,,9.670595,0.016070869
1,128,CosineSchedule,md4,gibbs,64,2,1.0,True,,,9.518144,0.016614174
2,128,CosineSchedule,md4,gibbs,64,2,1.0,True,,,9.661836,0.016551185
3,128,CosineSchedule,md4,gibbs,64,2,1.0,True,,,9.48851,0.01670079
4,128,CosineSchedule,md4,gibbs,64,2,1.0,True,,,9.379351,0.017228346
0,128,CosineSchedule,md4,gibbs,64,2,2.0,True,,,9.269988,0.017125985
1,128,CosineSchedule,md4,gibbs,64,2,2.0,True,,,9.256581,0.01717323
2,128,CosineSchedule,md4,gibbs,64,2,2.0,True,,,9.365625,0.016708665
3,128,CosineSchedule,md4,gibbs,64,2,2.0,True,,,9.334889,0.016803153
4,128,CosineSchedule,md4,gibbs,64,2,2.0,True,,,9.254573,0.017417328
0,128,CosineSchedule,md4,gibbs,64,2,4.0,True,,,8.656838,0.01827559
1,128,CosineSchedule,md4,gibbs,64,2,4.0,True,,,8.598105,0.01856693
2,128,CosineSchedule,md4,gibbs,64,2,4.0,True,,,8.600416,0.01884252
3,128,CosineSchedule,md4,gibbs,64,2,4.0,True,,,8.69329,0.018102366
4,128,CosineSchedule,md4,gibbs,64,2,4.0,True,,,8.565884,0.019055119
0,128,CosineSchedule,md4,gibbs,64,4,0.01,True,,,8.037676,0.020417323
1,128,CosineSchedule,md4,gibbs,64,4,0.01,True,,,7.933557,0.021228349
2,128,CosineSchedule,md4,gibbs,64,4,0.01,True,,,8.006004,0.020889767
3,128,CosineSchedule,md4,gibbs,64,4,0.01,True,,,7.9810452,0.02109449
4,128,CosineSchedule,md4,gibbs,64,4,0.01,True,,,7.9800506,0.020708665
0,128,CosineSchedule,md4,gibbs,64,4,0.1,True,,,8.035658,0.02080315
1,128,CosineSchedule,md4,gibbs,64,4,0.1,True,,,7.9850283,0.021346455
2,128,CosineSchedule,md4,gibbs,64,4,0.1,True,,,8.051328,0.020732285
3,128,CosineSchedule,md4,gibbs,64,4,0.1,True,,,8.090513,0.020968508
4,128,CosineSchedule,md4,gibbs,64,4,0.1,True,,,7.99101,0.02054331
0,128,CosineSchedule,md4,gibbs,64,4,0.5,True,,,8.193573,0.020031502
1,128,CosineSchedule,md4,gibbs,64,4,0.5,True,,,8.148714,0.020511813
2,128,CosineSchedule,md4,gibbs,64,4,0.5,True,,,8.221466,0.019661415
3,128,CosineSchedule,md4,gibbs,64,4,0.5,True,,,8.325203,0.019582678
4,128,CosineSchedule,md4,gibbs,64,4,0.5,True,,,8.22622,0.02055906
0,128,CosineSchedule,md4,gibbs,64,4,1.0,True,,,8.3600025,0.019645669
1,128,CosineSchedule,md4,gibbs,64,4,1.0,True,,,8.376415,0.019488191
2,128,CosineSchedule,md4,gibbs,64,4,1.0,True,,,8.328453,0.019968504
3,128,CosineSchedule,md4,gibbs,64,4,1.0,True,,,8.23893,0.020275597
4,128,CosineSchedule,md4,gibbs,64,4,1.0,True,,,8.306834,0.020377956
0,128,CosineSchedule,md4,gibbs,64,4,2.0,True,,,8.442158,0.019362208
1,128,CosineSchedule,md4,gibbs,64,4,2.0,True,,,8.380803,0.01979528
2,128,CosineSchedule,md4,gibbs,64,4,2.0,True,,,8.405569,0.019929137
3,128,CosineSchedule,md4,gibbs,64,4,2.0,True,,,8.302524,0.020291347
4,128,CosineSchedule,md4,gibbs,64,4,2.0,True,,,8.454984,0.019259842
0,128,CosineSchedule,md4,gibbs,64,4,4.0,True,,,8.145083,0.02030709
1,128,CosineSchedule,md4,gibbs,64,4,4.0,True,,,8.247423,0.019897643
2,128,CosineSchedule,md4,gibbs,64,4,4.0,True,,,8.21408,0.02015748
3,128,CosineSchedule,md4,gibbs,64,4,4.0,True,,,8.163786,0.01999213
4,128,CosineSchedule,md4,gibbs,64,4,4.0,True,,,8.0992155,0.020102363
0,128,CosineSchedule,md4,gibbs,64,8,0.01,True,,,6.1370277,0.029031502
1,128,CosineSchedule,md4,gibbs,64,8,0.01,True,,,6.265909,0.028637797
2,128,CosineSchedule,md4,gibbs,64,8,0.01,True,,,6.162142,0.028535439
3,128,CosineSchedule,md4,gibbs,64,8,0.01,True,,,6.1868625,0.028645674
4,128,CosineSchedule,md4,gibbs,64,8,0.01,True,,,6.1817827,0.028291337
0,128,CosineSchedule,md4,gibbs,64,8,0.1,True,,,6.1785007,0.028590554
1,128,CosineSchedule,md4,gibbs,64,8,0.1,True,,,6.2202353,0.028535428
2,128,CosineSchedule,md4,gibbs,64,8,0.1,True,,,6.3188033,0.027574807
3,128,CosineSchedule,md4,gibbs,64,8,0.1,True,,,6.147344,0.028889766
4,128,CosineSchedule,md4,gibbs,64,8,0.1,True,,,6.177904,0.028543308
0,128,CosineSchedule,md4,gibbs,64,8,0.5,True,,,6.1651096,0.028740158
1,128,CosineSchedule,md4,gibbs,64,8,0.5,True,,,6.3128824,0.028094484
2,128,CosineSchedule,md4,gibbs,64,8,0.5,True,,,6.2284074,0.028220471
3,128,CosineSchedule,md4,gibbs,64,8,0.5,True,,,6.2797427,0.028527565
4,128,CosineSchedule,md4,gibbs,64,8,0.5,True,,,6.342285,0.027338583
0,128,CosineSchedule,md4,gibbs,64,8,1.0,True,,,6.4757667,0.027472446
1,128,CosineSchedule,md4,gibbs,64,8,1.0,True,,,6.480028,0.026937008
2,128,CosineSchedule,md4,gibbs,64,8,1.0,True,,,6.581654,0.026283467
3,128,CosineSchedule,md4,gibbs,64,8,1.0,True,,,6.5212965,0.02715748
4,128,CosineSchedule,md4,gibbs,64,8,1.0,True,,,6.466606,0.02715748
0,128,CosineSchedule,md4,gibbs,64,8,2.0,True,,,6.891353,0.025212605
1,128,CosineSchedule,md4,gibbs,64,8,2.0,True,,,6.8824606,0.025456699
2,128,CosineSchedule,md4,gibbs,64,8,2.0,True,,,6.894323,0.026062993
3,128,CosineSchedule,md4,gibbs,64,8,2.0,True,,,6.9267817,0.025708668
4,128,CosineSchedule,md4,gibbs,64,8,2.0,True,,,6.942938,0.025826775
0,128,CosineSchedule,md4,gibbs,64,8,4.0,True,,,6.973197,0.025078747
1,128,CosineSchedule,md4,gibbs,64,8,4.0,True,,,7.079646,0.025000008
2,128,CosineSchedule,md4,gibbs,64,8,4.0,True,,,7.088271,0.025456699
3,128,CosineSchedule,md4,gibbs,64,8,4.0,True,,,7.179314,0.024125984
4,128,CosineSchedule,md4,gibbs,64,8,4.0,True,,,7.078863,0.024669297
0,128,CosineSchedule,md4,gibbs,64,16,0.01,True,,,4.527608,0.045055125
1,128,CosineSchedule,md4,gibbs,64,16,0.01,True,,,4.453413,0.046251968
2,128,CosineSchedule,md4,gibbs,64,16,0.01,True,,,4.5204124,0.043811034
3,128,CosineSchedule,md4,gibbs,64,16,0.01,True,,,4.5079947,0.04484252
4,128,CosineSchedule,md4,gibbs,64,16,0.01,True,,,4.5234475,0.04400786
0,128,CosineSchedule,md4,gibbs,64,16,0.1,True,,,4.505773,0.04527559
1,128,CosineSchedule,md4,gibbs,64,16,0.1,True,,,4.51324,0.04560629
2,128,CosineSchedule,md4,gibbs,64,16,0.1,True,,,4.528249,0.044881884
3,128,CosineSchedule,md4,gibbs,64,16,0.1,True,,,4.5288897,0.045385823
4,128,CosineSchedule,md4,gibbs,64,16,0.1,True,,,4.511013,0.045165345
0,128,CosineSchedule,md4,gibbs,64,16,0.5,True,,,4.557593,0.04476378
1,128,CosineSchedule,md4,gibbs,64,16,0.5,True,,,4.488866,0.04619684
2,128,CosineSchedule,md4,gibbs,64,16,0.5,True,,,4.551435,0.04419684
3,128,CosineSchedule,md4,gibbs,64,16,0.5,True,,,4.5614915,0.04416535
4,128,CosineSchedule,md4,gibbs,64,16,0.5,True,,,4.552568,0.04426771
0,128,CosineSchedule,md4,gibbs,64,16,1.0,True,,,4.7396874,0.042031497
1,128,CosineSchedule,md4,gibbs,64,16,1.0,True,,,4.6706805,0.043574795
2,128,CosineSchedule,md4,gibbs,64,16,1.0,True,,,4.701043,0.041078743
3,128,CosineSchedule,md4,gibbs,64,16,1.0,True,,,4.6672745,0.043677166
4,128,CosineSchedule,md4,gibbs,64,16,1.0,True,,,4.696558,0.043275595
0,128,CosineSchedule,md4,gibbs,64,16,2.0,True,,,5.014102,0.0405433
1,128,CosineSchedule,md4,gibbs,64,16,2.0,True,,,5.021971,0.040370077
2,128,CosineSchedule,md4,gibbs,64,16,2.0,True,,,5.050505,0.039763775
3,128,CosineSchedule,md4,gibbs,64,16,2.0,True,,,5.088047,0.03937008
4,128,CosineSchedule,md4,gibbs,64,16,2.0,True,,,5.016657,0.040039364
0,128,CosineSchedule,md4,gibbs,64,16,4.0,True,,,5.339117,0.037944887
1,128,CosineSchedule,md4,gibbs,64,16,4.0,True,,,5.3342223,0.03856693
2,128,CosineSchedule,md4,gibbs,64,16,4.0,True,,,5.310102,0.038031496
3,128,CosineSchedule,md4,gibbs,64,16,4.0,True,,,5.291443,0.039590545
4,128,CosineSchedule,md4,gibbs,64,16,4.0,True,,,5.3404536,0.03872441
0,128,CosineSchedule,md4,gibbs,64,1,0.01,False,,,15.560418,0.0
1,128,CosineSchedule,md4,gibbs,64,1,0.01,False,,,15.425404,7.874016e-06
2,128,CosineSchedule,md4,gibbs,64,1,0.01,False,,,15.642185,0.0
3,128,CosineSchedule,md4,gibbs,64,1,0.01,False,,,15.5869465,0.0
4,128,CosineSchedule,md4,gibbs,64,1,0.01,False,,,15.644097,1.5748032e-05
0,128,CosineSchedule,md4,gibbs,64,1,0.1,False,,,15.621186,0.0
1,128,CosineSchedule,md4,gibbs,64,1,0.1,False,,,15.65175,0.0
2,128,CosineSchedule,md4,gibbs,64,1,0.1,False,,,15.617374,0.0
3,128,CosineSchedule,md4,gibbs,64,1,0.1,False,,,15.703594,0.0
4,128,CosineSchedule,md4,gibbs,64,1,0.1,False,,,15.604047,1.5748032e-05
0,128,CosineSchedule,md4,gibbs,64,1,0.5,False,,,14.626901,0.0
1,128,CosineSchedule,md4,gibbs,64,1,0.5,False,,,14.576928,0.0
2,128,CosineSchedule,md4,gibbs,64,1,0.5,False,,,14.652015,0.0
3,128,CosineSchedule,md4,gibbs,64,1,0.5,False,,,14.746544,0.0
4,128,CosineSchedule,md4,gibbs,64,1,0.5,False,,,14.578588,1.5748032e-05
0,128,CosineSchedule,md4,gibbs,64,1,1.0,False,,,13.686912,0.0
1,128,CosineSchedule,md4,gibbs,64,1,1.0,False,,,13.469431,0.0
2,128,CosineSchedule,md4,gibbs,64,1,1.0,False,,,13.739802,7.874016e-06
3,128,CosineSchedule,md4,gibbs,64,1,1.0,False,,,13.663536,7.874016e-06
4,128,CosineSchedule,md4,gibbs,64,1,1.0,False,,,13.615574,0.0
0,128,CosineSchedule,md4,gibbs,64,1,2.0,False,,,12.255841,0.0
1,128,CosineSchedule,md4,gibbs,64,1,2.0,False,,,12.051597,0.0
2,128,CosineSchedule,md4,gibbs,64,1,2.0,False,,,12.129252,0.0
3,128,CosineSchedule,md4,gibbs,64,1,2.0,False,,,12.317167,0.0
4,128,CosineSchedule,md4,gibbs,64,1,2.0,False,,,12.101731,0.0
0,128,CosineSchedule,md4,gibbs,64,1,4.0,False,,,11.034482,0.0
1,128,CosineSchedule,md4,gibbs,64,1,4.0,False,,,10.887132,0.0
2,128,CosineSchedule,md4,gibbs,64,1,4.0,False,,,10.891764,0.0
3,128,CosineSchedule,md4,gibbs,64,1,4.0,False,,,11.071707,0.0
4,128,CosineSchedule,md4,gibbs,64,1,4.0,False,,,10.876953,0.0
0,128,CosineSchedule,md4,gibbs,64,2,0.01,False,,,13.352806,0.0001732283
1,128,CosineSchedule,md4,gibbs,64,2,0.01,False,,,13.452443,0.0001574803
2,128,CosineSchedule,md4,gibbs,64,2,0.01,False,,,13.455272,0.00019685036
3,128,CosineSchedule,md4,gibbs,64,2,0.01,False,,,13.57658,0.00024409441
4,128,CosineSchedule,md4,gibbs,64,2,0.01,False,,,13.275254,0.00019685036
0,128,CosineSchedule,md4,gibbs,64,2,0.1,False,,,13.480779,0.00021259839
1,128,CosineSchedule,md4,gibbs,64,2,0.1,False,,,13.691304,0.00020472438
2,128,CosineSchedule,md4,gibbs,64,2,0.1,False,,,13.424227,0.00017322831
3,128,CosineSchedule,md4,gibbs,64,2,0.1,False,,,13.4822,0.00024409447
4,128,CosineSchedule,md4,gibbs,64,2,0.1,False,,,13.380723,0.00023622042
0,128,CosineSchedule,md4,gibbs,64,2,0.5,False,,,13.695698,0.00014960626
1,128,CosineSchedule,md4,gibbs,64,2,0.5,False,,,13.686912,0.00015748029
2,128,CosineSchedule,md4,gibbs,64,2,0.5,False,,,13.540675,0.00018897634
3,128,CosineSchedule,md4,gibbs,64,2,0.5,False,,,13.802028,0.00012598422
4,128,CosineSchedule,md4,gibbs,64,2,0.5,False,,,13.748657,0.00024409444
0,128,CosineSchedule,md4,gibbs,64,2,1.0,False,,,13.143033,8.661416e-05
1,128,CosineSchedule,md4,gibbs,64,2,1.0,False,,,13.326392,5.511811e-05
2,128,CosineSchedule,md4,gibbs,64,2,1.0,False,,,13.250518,0.0001023622
3,128,CosineSchedule,md4,gibbs,64,2,1.0,False,,,13.2683735,5.511811e-05
4,128,CosineSchedule,md4,gibbs,64,2,1.0,False,,,13.206769,7.086614e-05
0,128,CosineSchedule,md4,gibbs,64,2,2.0,False,,,12.217237,3.937008e-05
1,128,CosineSchedule,md4,gibbs,64,2,2.0,False,,,12.206751,3.937008e-05
2,128,CosineSchedule,md4,gibbs,64,2,2.0,False,,,12.301778,5.511811e-05
3,128,CosineSchedule,md4,gibbs,64,2,2.0,False,,,12.2864275,2.3622048e-05
4,128,CosineSchedule,md4,gibbs,64,2,2.0,False,,,12.115475,1.5748032e-05
0,128,CosineSchedule,md4,gibbs,64,2,4.0,False,,,11.039241,2.3622048e-05
1,128,CosineSchedule,md4,gibbs,64,2,4.0,False,,,11.046864,3.1496063e-05
2,128,CosineSchedule,md4,gibbs,64,2,4.0,False,,,11.07458,7.874016e-06
3,128,CosineSchedule,md4,gibbs,64,2,4.0,False,,,11.03163,2.3622048e-05
4,128,CosineSchedule,md4,gibbs,64,2,4.0,False,,,11.037337,7.874016e-06
0,128,CosineSchedule,md4,gibbs,64,4,0.01,False,,,10.941106,0.0009133856
1,128,CosineSchedule,md4,gibbs,64,4,0.01,False,,,10.895471,0.00090551155
2,128,CosineSchedule,md4,gibbs,64,4,0.01,False,,,11.040193,0.0009606296
3,128,CosineSchedule,md4,gibbs,64,4,0.01,False,,,10.990898,0.00086614146
4,128,CosineSchedule,md4,gibbs,64,4,0.01,False,,,10.95609,0.0007480313
0,128,CosineSchedule,md4,gibbs,64,4,0.1,False,,,11.033531,0.0008976375
1,128,CosineSchedule,md4,gibbs,64,4,0.1,False,,,11.065964,0.0009527556
2,128,CosineSchedule,md4,gibbs,64,4,0.1,False,,,11.043051,0.00092125963
3,128,CosineSchedule,md4,gibbs,64,4,0.1,False,,,11.147883,0.0007559053
4,128,CosineSchedule,md4,gibbs,64,4,0.1,False,,,11.021182,0.00092125963
0,128,CosineSchedule,md4,gibbs,64,4,0.5,False,,,11.929171,0.0007007873
1,128,CosineSchedule,md4,gibbs,64,4,0.5,False,,,11.887073,0.00067716517
2,128,CosineSchedule,md4,gibbs,64,4,0.5,False,,,11.84308,0.0007086613
3,128,CosineSchedule,md4,gibbs,64,4,0.5,False,,,11.850754,0.00070078723
4,128,CosineSchedule,md4,gibbs,64,4,0.5,False,,,11.994002,0.00065354316
0,128,CosineSchedule,md4,gibbs,64,4,1.0,False,,,12.005253,0.00023622042
1,128,CosineSchedule,md4,gibbs,64,4,1.0,False,,,12.190476,0.0002913385
2,128,CosineSchedule,md4,gibbs,64,4,1.0,False,,,12.068641,0.00033858258
3,128,CosineSchedule,md4,gibbs,64,4,1.0,False,,,12.207916,0.00019685033
4,128,CosineSchedule,md4,gibbs,64,4,1.0,False,,,12.221904,0.0002755905
0,128,CosineSchedule,md4,gibbs,64,4,2.0,False,,,11.508722,0.00020472438
1,128,CosineSchedule,md4,gibbs,64,4,2.0,False,,,11.726981,0.00011811021
2,128,CosineSchedule,md4,gibbs,64,4,2.0,False,,,11.698044,0.00011811021
3,128,CosineSchedule,md4,gibbs,64,4,2.0,False,,,11.597354,7.874015e-05
4,128,CosineSchedule,md4,gibbs,64,4,2.0,False,,,11.577424,0.0001574803
0,128,CosineSchedule,md4,gibbs,64,4,4.0,False,,,10.690721,0.0001102362
1,128,CosineSchedule,md4,gibbs,64,4,4.0,False,,,10.874182,7.874015e-05
2,128,CosineSchedule,md4,gibbs,64,4,4.0,False,,,10.851135,8.661416e-05
3,128,CosineSchedule,md4,gibbs,64,4,4.0,False,,,10.743663,0.0001102362
4,128,CosineSchedule,md4,gibbs,64,4,4.0,False,,,10.743663,0.0001023622
0,128,CosineSchedule,md4,gibbs,64,8,0.01,False,,,8.129565,0.0037716525
1,128,CosineSchedule,md4,gibbs,64,8,0.01,False,,,8.260729,0.003519684
2,128,CosineSchedule,md4,gibbs,64,8,0.01,False,,,8.104343,0.00355118
3,128,CosineSchedule,md4,gibbs,64,8,0.01,False,,,8.15079,0.0036850383
4,128,CosineSchedule,md4,gibbs,64,8,0.01,False,,,8.114104,0.0037007863
0,128,CosineSchedule,md4,gibbs,64,8,0.1,False,,,8.0951185,0.0037086604
1,128,CosineSchedule,md4,gibbs,64,8,0.1,False,,,8.21408,0.0036377942
2,128,CosineSchedule,md4,gibbs,64,8,0.1,False,,,8.253804,0.0032992116
3,128,CosineSchedule,md4,gibbs,64,8,0.1,False,,,8.163265,0.0039212587
4,128,CosineSchedule,md4,gibbs,64,8,0.1,False,,,8.163265,0.0036456683
0,128,CosineSchedule,md4,gibbs,64,8,0.5,False,,,8.94417,0.0026771645
1,128,CosineSchedule,md4,gibbs,64,8,0.5,False,,,9.040186,0.0024803143
2,128,CosineSchedule,md4,gibbs,64,8,0.5,False,,,9.122657,0.0025590542
3,128,CosineSchedule,md4,gibbs,64,8,0.5,False,,,9.146124,0.0025590544
4,128,CosineSchedule,md4,gibbs,64,8,0.5,False,,,9.04338,0.002535432
0,128,CosineSchedule,md4,gibbs,64,8,1.0,False,,,10.193518,0.0009448816
1,128,CosineSchedule,md4,gibbs,64,8,1.0,False,,,10.122579,0.0009527556
2,128,CosineSchedule,md4,gibbs,64,8,1.0,False,,,10.219561,0.0008976375
3,128,CosineSchedule,md4,gibbs,64,8,1.0,False,,,10.118577,0.0009842517
4,128,CosineSchedule,md4,gibbs,64,8,1.0,False,,,10.166799,0.00097637763
0,128,CosineSchedule,md4,gibbs,64,8,2.0,False,,,10.140221,0.0005511809
1,128,CosineSchedule,md4,gibbs,64,8,2.0,False,,,10.308448,0.0004173227
2,128,CosineSchedule,md4,gibbs,64,8,2.0,False,,,10.447274,0.00041732274
3,128,CosineSchedule,md4,gibbs,64,8,2.0,False,,,10.42515,0.00040944872
4,128,CosineSchedule,md4,gibbs,64,8,2.0,False,,,10.258876,0.00040944866
0,128,CosineSchedule,md4,gibbs,64,8,4.0,False,,,9.608168,0.00028346447
1,128,CosineSchedule,md4,gibbs,64,8,4.0,False,,,9.885696,0.00033858258
2,128,CosineSchedule,md4,gibbs,64,8,4.0,False,,,9.757585,0.0003700787
3,128,CosineSchedule,md4,gibbs,64,8,4.0,False,,,9.908655,0.00026771644
4,128,CosineSchedule,md4,gibbs,64,8,4.0,False,,,9.546539,0.00040944872
0,128,CosineSchedule,md4,gibbs,64,16,0.01,False,,,5.646727,0.013629924
1,128,CosineSchedule,md4,gibbs,64,16,0.01,False,,,5.58245,0.013905513
2,128,CosineSchedule,md4,gibbs,64,16,0.01,False,,,5.695471,0.012771656
3,128,CosineSchedule,md4,gibbs,64,16,0.01,False,,,5.674513,0.013078741
4,128,CosineSchedule,md4,gibbs,64,16,0.01,False,,,5.66021,0.012685041
0,128,CosineSchedule,md4,gibbs,64,16,0.1,False,,,5.6454816,0.012795278
1,128,CosineSchedule,md4,gibbs,64,16,0.1,False,,,5.7186255,0.01293701
2,128,CosineSchedule,md4,gibbs,64,16,0.1,False,,,5.6714964,0.012968507
3,128,CosineSchedule,md4,gibbs,64,16,0.1,False,,,5.640258,0.013393702
4,128,CosineSchedule,md4,gibbs,64,16,0.1,False,,,5.701305,0.01329134
0,128,CosineSchedule,md4,gibbs,64,16,0.5,False,,,6.2992125,0.008338581
1,128,CosineSchedule,md4,gibbs,64,16,0.5,False,,,6.2899265,0.008094486
2,128,CosineSchedule,md4,gibbs,64,16,0.5,False,,,6.3611965,0.008047242
3,128,CosineSchedule,md4,gibbs,64,16,0.5,False,,,6.3288007,0.0078425165
4,128,CosineSchedule,md4,gibbs,64,16,0.5,False,,,6.3910527,0.008204723
0,128,CosineSchedule,md4,gibbs,64,16,1.0,False,,,7.359282,0.0033149596
1,128,CosineSchedule,md4,gibbs,64,16,1.0,False,,,7.4915137,0.0033936999
2,128,CosineSchedule,md4,gibbs,64,16,1.0,False,,,7.436672,0.0033622037
3,128,CosineSchedule,md4,gibbs,64,16,1.0,False,,,7.491952,0.003527558
4,128,CosineSchedule,md4,gibbs,64,16,1.0,False,,,7.3920074,0.003527558
0,128,CosineSchedule,md4,gibbs,64,16,2.0,False,,,7.946362,0.0015433066
1,128,CosineSchedule,md4,gibbs,64,16,2.0,False,,,8.030113,0.001645669
2,128,CosineSchedule,md4,gibbs,64,16,2.0,False,,,8.017036,0.0016062987
3,128,CosineSchedule,md4,gibbs,64,16,2.0,False,,,8.035658,0.0014488185
4,128,CosineSchedule,md4,gibbs,64,16,2.0,False,,,7.9810452,0.0015984247
0,128,CosineSchedule,md4,gibbs,64,16,4.0,False,,,7.861925,0.0010787399
1,128,CosineSchedule,md4,gibbs,64,16,4.0,False,,,7.862891,0.0012519682
2,128,CosineSchedule,md4,gibbs,64,16,4.0,False,,,7.857099,0.0012992122
3,128,CosineSchedule,md4,gibbs,64,16,4.0,False,,,7.905627,0.0011259839
4,128,CosineSchedule,md4,gibbs,64,16,4.0,False,,,7.964657,0.0010787399
0,128,CosineSchedule,maskgit,none,128,,,True,0.01,,144.63277,0.0
1,128,CosineSchedule,maskgit,none,128,,,True,0.01,,149.8829,0.0
2,128,CosineSchedule,maskgit,none,128,,,True,0.01,,149.8829,0.0
3,128,CosineSchedule,maskgit,none,128,,,True,0.01,,146.95752,0.0
4,128,CosineSchedule,maskgit,none,128,,,True,0.01,,146.2857,0.0
0,128,CosineSchedule,maskgit,none,128,,,True,0.1,,143.33707,0.0
1,128,CosineSchedule,maskgit,none,128,,,True,0.1,,148.14815,0.0
2,128,CosineSchedule,maskgit,none,128,,,True,0.1,,147.806,0.0
3,128,CosineSchedule,maskgit,none,128,,,True,0.1,,145.78589,0.0
4,128,CosineSchedule,maskgit,none,128,,,True,0.1,,145.78589,0.0
0,128,CosineSchedule,maskgit,none,128,,,True,0.5,,18.478418,0.0
1,128,CosineSchedule,maskgit,none,128,,,True,0.5,,18.473085,0.0
2,128,CosineSchedule,maskgit,none,128,,,True,0.5,,18.171494,0.0
3,128,CosineSchedule,maskgit,none,128,,,True,0.5,,18.1844,0.0
4,128,CosineSchedule,maskgit,none,128,,,True,0.5,,18.14059,0.0
0,128,CosineSchedule,maskgit,none,128,,,True,1.0,,14.115571,0.0
1,128,CosineSchedule,maskgit,none,128,,,True,1.0,,14.1499,0.0
2,128,CosineSchedule,maskgit,none,128,,,True,1.0,,14.002844,0.0
3,128,CosineSchedule,maskgit,none,128,,,True,1.0,,14.140521,0.0
4,128,CosineSchedule,maskgit,none,128,,,True,1.0,,13.975324,7.874016e-06
0,128,CosineSchedule,maskgit,none,128,,,True,2.0,,12.2417755,0.0
1,128,CosineSchedule,maskgit,none,128,,,True,2.0,,12.281712,0.0
2,128,CosineSchedule,maskgit,none,128,,,True,2.0,,12.244117,0.0
3,128,CosineSchedule,maskgit,none,128,,,True,2.0,,12.343298,0.0
4,128,CosineSchedule,maskgit,none,128,,,True,2.0,,12.130401,7.874016e-06
0,128,CosineSchedule,maskgit,none,128,,,True,4.0,,10.886205,0.0
1,128,CosineSchedule,maskgit,none,128,,,True,4.0,,11.134308,0.0
2,128,CosineSchedule,maskgit,none,128,,,True,4.0,,11.061182,0.0
3,128,CosineSchedule,maskgit,none,128,,,True,4.0,,11.130434,0.0
4,128,CosineSchedule,maskgit,none,128,,,True,4.0,,10.971115,7.874016e-06
0,128,CosineSchedule,maskgit,none,128,,,False,0.01,,144.63277,0.0
1,128,CosineSchedule,maskgit,none,128,,,False,0.01,,149.8829,0.0
2,128,CosineSchedule,maskgit,none,128,,,False,0.01,,149.8829,0.0
3,128,CosineSchedule,maskgit,none,128,,,False,0.01,,146.95752,0.0
4,128,CosineSchedule,maskgit,none,128,,,False,0.01,,146.2857,0.0
0,128,CosineSchedule,maskgit,none,128,,,False,0.1,,140.65933,0.0
1,128,CosineSchedule,maskgit,none,128,,,False,0.1,,143.98201,0.0
2,128,CosineSchedule,maskgit,none,128,,,False,0.1,,144.63277,0.0
3,128,CosineSchedule,maskgit,none,128,,,False,0.1,,147.12643,0.0
4,128,CosineSchedule,maskgit,none,128,,,False,0.1,,141.74971,0.0
0,128,CosineSchedule,maskgit,none,128,,,False,0.5,,16.126999,0.0
1,128,CosineSchedule,maskgit,none,128,,,False,0.5,,16.284986,0.0
2,128,CosineSchedule,maskgit,none,128,,,False,0.5,,16.114819,0.0
3,128,CosineSchedule,maskgit,none,128,,,False,0.5,,16.345295,0.0
4,128,CosineSchedule,maskgit,none,128,,,False,0.5,,16.25397,7.874016e-06
0,128,CosineSchedule,maskgit,none,128,,,False,1.0,,13.559321,0.0
1,128,CosineSchedule,maskgit,none,128,,,False,1.0,,13.496415,0.0
2,128,CosineSchedule,maskgit,none,128,,,False,1.0,,13.579461,0.0
3,128,CosineSchedule,maskgit,none,128,,,False,1.0,,13.422819,0.0
4,128,CosineSchedule,maskgit,none,128,,,False,1.0,,13.333334,7.874016e-06
0,128,CosineSchedule,maskgit,none,128,,,False,2.0,,11.761463,0.0
1,128,CosineSchedule,maskgit,none,128,,,False,2.0,,11.940298,0.0
2,128,CosineSchedule,maskgit,none,128,,,False,2.0,,11.836509,0.0
3,128,CosineSchedule,maskgit,none,128,,,False,2.0,,11.919173,0.0
4,128,CosineSchedule,maskgit,none,128,,,False,2.0,,11.744197,1.5748032e-05
0,128,CosineSchedule,maskgit,none,128,,,False,4.0,,10.604805,0.0
1,128,CosineSchedule,maskgit,none,128,,,False,4.0,,10.843782,0.0
2,128,CosineSchedule,maskgit,none,128,,,False,4.0,,10.763539,0.0
3,128,CosineSchedule,maskgit,none,128,,,False,4.0,,10.8963995,0.0
4,128,CosineSchedule,maskgit,none,128,,,False,4.0,,10.706818,1.5748032e-05
